close,forward_return_1800s,forward_return_180s,forward_return_300s,forward_return_600s,forward_return_60s,forward_return_900s,futures_book_imbalance_10_mean,futures_book_imbalance_1_mean,futures_book_imbalance_20_mean,futures_book_imbalance_5_mean,futures_book_valid_seconds,futures_delta_qty,futures_delta_ratio,futures_microprice_mean,futures_spread_bps_mean,futures_total_qty,high,low,minute_epoch,minute_utc,open,symbol,trade_count
77199.9,-0.0002629537084890554,1.295338465601148e-06,0.0,1.295338465601148e-06,0.0,0.00013601053887368764,-0.2537500485656484,-0.2081756379674302,-0.26340416033268016,-0.22852678339227986,7,29.787000000000006,0.6093280147284446,77197.98244836096,0.012953704820361107,48.88499999999999,77205.3,77186.5,1789191720,2026-09-12T05:42:00+00:00,77190.0,B-BTC_USDT,273
77199.9,-0.00026165837002378733,0.0,0.0,0.00013341986194292943,0.0,-0.00025647701616182683,-0.25299030285526675,-0.22897758664069362,-0.26425182959472426,-0.24251479271019485,2,1.3010000000000004,0.28713308320459074,77199.93855112066,0.012953376265894054,4.530999999999999,77200.0,77199.9,1789191780,2026-09-12T05:43:00+00:00,77199.9,B-BTC_USDT,86
77199.9,-0.0002784977700748259,0.0,0.0,9.067369258319857e-06,1.295338465601148e-06,-0.00028756513933303474,0.038762171549904426,0.03995017205797702,0.03494687732016763,0.04851583908855467,2,-0.2119999999999999,-0.05958403597526702,77199.9519975086,0.012953376265894054,3.5579999999999976,77200.0,77199.9,1789191840,2026-09-12T05:44:00+00:00,77199.9,B-BTC_USDT,75
77200.0,-0.00027979274611411586,-1.2953367876100685e-06,-1.2953367876100685e-06,-6.735751295328107e-05,-1.2953367876100685e-06,-0.0003199481865284737,0.3818293706174347,0.3947650482057027,0.3772475499698985,0.391239236785375,2,0.27499999999999997,0.11827956989247314,77199.9697382524,0.012953376265894054,2.3249999999999993,77200.0,77199.9,1789191900,2026-09-12T05:45:00+00:00,77199.9,B-BTC_USDT,86
77199.9,-4.2746169360174946e-05,0.0,0.0,-3.886015396248332e-06,0.0,-0.00011658046189177984,0.3987124248749251,0.4165429788130845,0.39675718699378515,0.41227514302846235,2,-2.762999999999999,-0.44257568476693887,77199.97082714894,0.012953376265894054,6.242999999999999,77200.0,77199.9,1789191960,2026-09-12T05:46:00+00:00,77199.9,B-BTC_USDT,84
77199.9,-4.404150782566507e-05,0.0,1.295338465601148e-06,0.00013601053887368764,0.0,-0.00021761686219790022,0.39410022492510977,0.47782883920121755,0.3941401821637379,0.41505035382449806,2,-0.9739999999999995,-0.049612876935615294,77199.97389144196,0.012953376265894054,19.632,77200.0,77199.9,1789192020,2026-09-12T05:47:00+00:00,77199.9,B-BTC_USDT,91
77199.9,5.6994892480455306e-05,0.0,0.00013341986194292943,-0.00025647701616182683,0.0,-0.0002305702468524684,0.264961628719696,0.27697983539882287,0.2768292461906367,0.2551895229723978,2,-4.154999999999999,-0.6779246206558985,77199.96384899176,0.012953376265894054,6.128999999999996,77200.0,77199.9,1789192080,2026-09-12T05:48:00+00:00,77199.9,B-BTC_USDT,70
77199.9,7.642496946247412e-05,1.295338465601148e-06,9.067369258319857e-06,-0.00028756513933303474,0.0,-0.00029663250859124357,0.3941777640945354,0.4173772529168637,0.3972164948030294,0.4148735589704016,2,2.228,0.40716374269005867,77199.97086886264,0.012953376265894054,5.471999999999998,77200.0,77199.9,1789192140,2026-09-12T05:49:00+00:00,77199.9,B-BTC_USDT,97
77199.9,7.642496946247412e-05,0.00013341986194292943,-6.606226173855312e-05,-0.0003186532625041316,0.0,-0.00022927490838720033,0.16071894624718602,0.17583367630107738,0.21287635737301683,0.19179405769464147,2,-0.721,-0.15252803046329602,77199.9587916838,0.012953376265894054,4.726999999999998,77200.0,77199.9,1789192200,2026-09-12T05:50:00+00:00,77199.9,B-BTC_USDT,94
77199.9,7.642496946247412e-05,9.067369258319857e-06,-3.886015396248332e-06,-0.00011658046189177984,1.295338465601148e-06,-0.00022797956992159918,0.12787954738585358,0.08372108987122825,0.19693150564145354,0.13122107352899337,2,1.3790000000000002,0.6501650165016507,77199.9541860545,0.012953376265894054,2.1209999999999987,77200.0,77199.9,1789192260,2026-09-12T05:51:00+00:00,77200.0,B-BTC_USDT,80
77200.0,7.383419689110937e-05,-6.735751295328107e-05,0.00013471502590656215,-0.00021891191709833002,0.00013212435233156405,-0.0003290155440414111,-0.029110947015521523,-0.051553019186991345,0.04934748594394592,-0.004981622178892368,2,1.113,0.219569934898402,77199.94742234904,0.012953376265894054,5.069000000000001,77200.0,77199.9,1789192320,2026-09-12T05:52:00+00:00,77199.9,B-BTC_USDT,98
77210.2,-5.6987289244081474e-05,-0.00013728756045172652,-0.00038984486505655447,-0.00036394155176378007,-0.00012433590380533932,-0.0003652367174284965,-0.21340222051713162,-0.17426367034705645,-0.26334813301766824,-0.1557344592160127,5,15.811999999999998,0.64166869572275,77210.68128681647,0.012951574472662703,24.64199999999999,77213.8,77199.9,1789192380,2026-09-12T05:53:00+00:00,77199.9,B-BTC_USDT,161
77200.6,6.735698945337099e-05,0.0001269420185852077,-0.00029662981893929796,-0.00030569710598116195,-7.512894977501627e-05,-0.00020595694852121316,-0.08221931394614829,-0.20564735216005356,-0.22857468323571553,0.05481773378349378,3,-18.72,-0.801713062098501,77205.63971763238,0.012952420025716423,23.35,77210.3,77200.6,1789192440,2026-09-12T05:54:00+00:00,77210.3,B-BTC_USDT,160
77194.8,0.00014120122080751862,-0.0001904273344836005,-0.0002526076886008033,-0.00016322342955754632,6.21803541172028e-05,2.2022208749694627e-05,-0.3029695825864026,-0.2204299988471806,-0.34008784800852004,-0.2500432443894917,7,5.602000000000002,0.17368388416940547,77200.05326421432,0.012953357123432105,32.25399999999999,77207.8,77194.8,1789192500,2026-09-12T05:55:00+00:00,77198.2,B-BTC_USDT,202
77199.6,7.901595345050083e-05,-0.00028368022632252465,-0.00011269488442955389,-0.00022409442535975543,0.00013989709791228933,-0.00025777335633869747,-0.16742314411175505,-0.15109020306437668,-0.18316100563492563,-0.1631362708919312,12,78.63300000000001,0.705095901220398,77195.46744548985,0.01295412739836258,111.521,77207.3,77176.9,1789192560,2026-09-12T05:56:00+00:00,77194.9,B-BTC_USDT,466
77210.4,-6.087262855780651e-05,-0.0004546019707188931,-0.0003535793105590157,-0.0004636681068870274,-0.00039243417985124207,-0.0003989099914000205,-0.3508882404834193,-0.31746336291792643,-0.39590260788264586,-0.3339890362428509,18,98.35700000000006,0.6668497237194484,77201.9285712763,0.012953041809418071,147.49500000000003,77216.4,77185.0,1789192620,2026-09-12T05:57:00+00:00,77206.6,B-BTC_USDT,631
77180.1,0.00033169171846103573,0.0001399324437256766,2.5913415504730253e-05,2.461774472939382e-05,-3.109609860585394e-05,-5.182683101012664e-06,-0.7221628462922465,-0.5166719706664836,-0.7638671981593347,-0.7225781326369635,6,-3.826999999999998,-0.09961217106119362,77191.67416640146,0.012954760998715759,38.419000000000004,77217.8,77180.1,1789192680,2026-09-12T05:58:00+00:00,77210.3,B-BTC_USDT,246
77177.7,0.00036279909870340354,6.996839760708973e-05,-9.069977467524026e-06,9.06997746759064e-05,-3.109706560311398e-05,9.069977467524026e-06,0.17725033830186882,0.2326729553520297,0.09436325130372003,0.22123282806311895,2,-2.884999999999998,-0.3616647862604988,77177.76163364778,0.012957102274401723,7.976999999999997,77180.1,77177.7,1789192740,2026-09-12T05:59:00+00:00,77180.0,B-BTC_USDT,86
77175.3,0.0009549687529559758,8.811109253881177e-05,8.94068438994644e-05,0.00027469928850298864,0.00020213721229445092,4.016829218667084e-05,-0.8194110723521284,-0.7798630512190259,-0.7565455851767333,-0.8177527685620717,2,-6.543000000000002,-0.5156434707226736,77175.31100684745,0.01295750521264482,12.688999999999995,77177.8,77175.3,1789192800,2026-09-12T06:00:00+00:00,77177.7,B-BTC_USDT,123
77190.9,0.0007513839066521921,-0.00018007303969758137,-0.0001114120965034493,-0.00014509482335345325,-0.00010104818054967879,7.384290117107284e-05,-0.1816537867496394,-0.1726669306408042,-0.15351078325953407,-0.19532187827419187,3,22.801000000000002,0.8446378959066494,77180.54136665346,0.012956632325621156,26.995,77191.0,77175.3,1789192860,2026-09-12T06:01:00+00:00,77175.3,B-BTC_USDT,141
77183.1,0.0008525182326182268,-1.166058372892298e-05,-0.00011012773521668073,-4.534671450096006e-05,-1.2956204143099725e-05,0.0001736131355178916,-0.33951539561433647,-0.29704967168173735,-0.38810656392772463,-0.3109834640027052,4,-5.549,-0.7017832300493234,77185.08514751642,0.012955868433463363,7.907,77190.9,77183.1,1789192920,2026-09-12T06:02:00+00:00,77190.9,B-BTC_USDT,140
77182.1,0.0008667812873710545,2.591274401719801e-06,-1.2956372009709227e-06,-3.109529282063761e-05,-6.607749724363288e-05,0.0002876314585893436,-0.7593385561903674,-0.7406510957174229,-0.7619104874615565,-0.752467107466457,2,-1.3259999999999996,-0.4900221729490022,77182.5629674452,0.01295628807576096,2.7059999999999995,77183.2,77182.0,1789192980,2026-09-12T06:03:00+00:00,77183.1,B-BTC_USDT,84
77177.0,0.0007061689363412338,-3.109734765527339e-05,9.977065706090471e-05,1.814011946565941e-05,6.737758658670323e-05,0.00037316817186461293,-0.5030906036998949,-0.5345751651493732,-0.44923495450528983,-0.5341682307506601,3,-2.397999999999999,-0.3762158770003137,77176.92327124173,0.012957236584993419,6.373999999999998,77177.0,77176.9,1789193040,2026-09-12T06:04:00+00:00,77177.0,B-BTC_USDT,124
77182.2,0.0005661927231925823,-2.591271044294352e-06,0.00018527587967187564,-4.923414984292496e-05,1.2956355222026872e-06,0.0003057699832345051,0.13832878543813823,0.15581297226585228,0.07620919784793274,0.1417210753268948,5,5.787999999999996,0.22414994965533244,77184.81779064862,0.01295591712475635,25.822000000000006,77188.7,77176.9,1789193100,2026-09-12T06:05:00+00:00,77177.0,B-BTC_USDT,184
77182.3,0.0005648963557705056,3.1095212244203196e-05,-3.3686479931405167e-05,0.0001852756396221178,-9.976380595033696e-05,0.00030447395322497073,-0.7181396919275731,-0.7356879134195482,-0.707756959994467,-0.7145353369466474,2,-0.10999999999999999,-0.05355404089581307,77182.21321560434,0.012956346829202409,2.053999999999999,77182.3,77182.2,1789193160,2026-09-12T06:06:00+00:00,77182.2,B-BTC_USDT,91
77174.6,0.0008837104435914789,0.0002837721219157707,6.478815568855545e-05,0.0002837721219157707,9.588647041902654e-05,0.0004029823283826506,-0.22740762668521583,-0.21907903006621723,0.2216986878928625,-0.22564938167048107,3,-0.4529999999999964,-0.04742958852476144,77174.6390460485,0.012957622741569785,9.550999999999998,77182.3,77174.6,1789193220,2026-09-12T06:07:00+00:00,77182.3,B-BTC_USDT,130
77182.0,0.0007864527998755477,-2.979969422922668e-05,-2.979969422922668e-05,0.000288927470135647,3.498224974740616e-05,0.00030836205332862576,0.6395690604789845,0.6636171747339793,0.6714386134226523,0.6399727561097611,4,10.692999999999998,0.6252850710484767,77178.90818085874,0.01295691342637835,17.100999999999996,77182.0,77174.6,1789193280,2026-09-12T06:08:00+00:00,77174.6,B-BTC_USDT,114
77184.7,0.0009703995740089066,-6.607527139435021e-05,-8.162239407549787e-05,0.0002733702404751348,0.00015288003969704533,0.0002733702404751348,0.6577346111247534,0.6527162603426947,0.7367632013473275,0.6491577630929294,3,11.740999999999996,0.7135217259191731,77184.78263581301,0.012955927175487485,16.455000000000005,77184.8,77181.9,1789193340,2026-09-12T06:09:00+00:00,77182.0,B-BTC_USDT,106
77196.5,0.0008173945709974983,-0.00021762644679490517,-0.00023446658851122848,0.00012047178304719353,-0.00021762644679490517,0.00011917638753056181,0.024761847051802954,0.11412912555279837,0.024621021004705507,0.07598410023915864,4,7.152000000000003,0.5516815797593336,77194.33070645627,0.01295432022266226,12.964000000000004,77199.5,77184.7,1789193400,2026-09-12T06:10:00+00:00,77184.7,B-BTC_USDT,153
77179.7,0.001035246314769367,-1.684380737421165e-05,0.0002189694958649735,0.0003381718249748644,-1.2956774901873302e-06,0.00033687614748445505,0.3253334985512645,0.2728470456076465,0.36702547401706753,0.250003970993801,5,-7.810000000000003,-0.5289177840986051,77180.02364235229,0.01295672288182755,14.765999999999998,77196.6,77175.7,1789193460,2026-09-12T06:11:00+00:00,77196.6,B-BTC_USDT,145
77179.6,0.0014356125193701885,-1.554815002946519e-05,0.00021896977957891472,0.0003381722631368156,1.295679169066588e-06,0.0003381722631368156,0.3703758949880669,0.39258861439312565,0.36018159185765536,0.3429061963477447,1,-0.43100000000000005,-0.6560121765601217,77179.66962943072,0.01295678329602024,0.6570000000000001,77179.7,77179.6,1789193520,2026-09-12T06:12:00+00:00,77179.7,B-BTC_USDT,39
77179.7,0.0013863749146472149,0.0002189694958649735,0.000318736662619834,0.0003381718249748644,-1.684380737421165e-05,0.00033687614748445505,0.6871738188397092,0.7022592992553187,0.6817186808870188,0.661868110419275,2,1.685,0.6011416339636109,77179.68511296496,0.01295678329602024,2.802999999999998,77179.7,77179.6,1789193580,2026-09-12T06:13:00+00:00,77179.6,B-BTC_USDT,93
77178.4,0.0014045380572804689,0.000234521575985136,0.0003550216122647498,0.0003550216122647498,0.0,0.00035372591294979827,-0.028093922946561302,0.0829124156500374,-0.0829138905189668,0.06324938055409758,2,-0.6280000000000003,-0.08766052484645454,77178.45414562078,0.012956984754918086,7.164000000000001,77179.7,77178.4,1789193640,2026-09-12T06:14:00+00:00,77179.6,B-BTC_USDT,76
77178.4,0.001515968198356088,0.00033558612254225295,0.0003550216122647498,0.00035372591294979827,0.00023581727529986551,0.0009147637162729705,-0.10421766202513366,-0.0555350158489,-0.18374454096583615,-0.06325673845913418,2,0.5920000000000001,0.13646841862609502,77178.44722324921,0.012956984754918086,4.337999999999999,77178.5,77178.4,1789193700,2026-09-12T06:15:00+00:00,77178.5,B-BTC_USDT,85
77196.6,0.001304461595458939,0.00011917623315005343,0.00011917623315005343,0.0001178808393114128,-1.295393838640635e-06,0.0006774909775817406,0.6539921980348652,0.6541839189594307,0.6356341081154412,0.6544849121702793,4,10.148999999999996,0.766251415628539,77192.10770919595,0.012954697766873894,13.244999999999994,77196.6,77178.4,1789193760,2026-09-12T06:16:00+00:00,77178.5,B-BTC_USDT,195
77196.5,0.0016632878433606724,0.00012047178304719353,0.00011917638753056181,0.00011917638753056181,0.00010104085029771781,0.0006787872507172388,0.7652094183179265,0.770269381583349,0.10245635465820267,0.7605116412383525,2,-0.22099999999999986,-0.09950472760018007,77196.58851346909,0.012953946776872899,2.220999999999999,77196.6,77196.5,1789193820,2026-09-12T06:17:00+00:00,77196.5,B-BTC_USDT,70
77204.3,0.0011722145010057972,1.9428969630030934e-05,1.9428969630030934e-05,1.813370498782163e-05,1.9428969630030934e-05,0.0005789832949718576,0.5662196043740018,0.5529979717369968,0.38870714060514433,0.5536062123860974,4,23.044999999999998,0.9265066538013107,77200.2026498986,0.012953338529481535,24.872999999999998,77204.3,77196.5,1789193880,2026-09-12T06:18:00+00:00,77196.5,B-BTC_USDT,120
77205.8,0.0012045727134490924,-1.295239476895027e-06,0.0,-1.295239476895027e-06,0.0,0.0003328765455443694,0.6994313053380226,0.6849653842518789,0.687178598654806,0.6932703146158512,2,2.5780000000000007,0.3720057720057722,77204.28424826922,0.012952654809265133,6.929999999999999,77205.9,77204.2,1789193940,2026-09-12T06:19:00+00:00,77204.3,B-BTC_USDT,98
77205.8,0.000968839128666632,0.0,-1.295239476895027e-06,0.0005595434539891198,0.0,0.00026034313484202265,0.3438212071503961,0.35537901159782936,0.43455666763041717,0.3440514351423451,2,2.636999999999999,0.5953939941296,77205.86776895059,0.012952386378916733,4.429000000000001,77205.9,77205.8,1789194000,2026-09-12T06:20:00+00:00,77205.8,B-BTC_USDT,85
77205.8,0.000968839128666632,0.0,-1.295239476895027e-06,0.0005582482145123357,-1.295239476895027e-06,0.00026034313484202265,0.34212219173252656,0.3706905988885232,0.44965467044642204,0.3501957654824922,2,0.646,0.506269592476489,77205.86853452993,0.012952386378916733,1.2760000000000002,77205.9,77205.8,1789194060,2026-09-12T06:21:00+00:00,77205.8,B-BTC_USDT,76
77205.7,0.0008315448211724252,0.0,0.0,0.0005595441787329403,1.2952411545530396e-06,0.00048053446831008984,0.39314300725684725,0.3877935426965081,0.5143665174842795,0.3970626889360863,2,-9.269000000000002,-0.8723764705882354,77205.86938967713,0.012952386378916733,10.625,77205.9,77205.7,1789194120,2026-09-12T06:22:00+00:00,77205.8,B-BTC_USDT,67
77205.8,0.0008872390416263531,-1.295239476895027e-06,-1.295239476895027e-06,0.0005595434539891198,0.0,0.0004779433669490629,0.2803033899995379,0.44615956346685853,0.4359840991476037,0.2830556915233436,2,0.39399999999999996,0.17779783393501808,77205.77230797819,0.012952403157254579,2.2159999999999993,77205.8,77205.7,1789194180,2026-09-12T06:23:00+00:00,77205.7,B-BTC_USDT,69
77205.8,0.0008885342811031371,-1.295239476895027e-06,-1.295239476895027e-06,0.0003328765455443694,-1.295239476895027e-06,0.0006968388385328872,-0.009375901167592293,0.036369049234385525,0.06825508671902142,-0.008580699157563904,2,0.10599999999999997,0.0972477064220183,77205.75181845247,0.012952403157254579,1.0900000000000003,77205.8,77205.7,1789194240,2026-09-12T06:24:00+00:00,77205.8,B-BTC_USDT,67
77205.7,0.0007486493872861377,0.0,0.0005608394198874933,0.0002616387132037268,0.0,0.0006981349822616778,0.21066790080564915,0.2442372637816757,0.2421411180071083,0.20862366445049957,2,1.435,0.3858564130142513,77205.76221186318,0.012952403157254579,3.718999999999999,77205.8,77205.7,1789194300,2026-09-12T06:25:00+00:00,77205.7,B-BTC_USDT,76
77205.7,0.0006774111237901614,0.0,0.0005595441787329403,0.0002616387132037268,0.0,0.0006981349822616778,0.39553225614468257,0.36617760493565066,0.4082582261943599,0.3725376450134432,2,-2.5239999999999987,-0.7215551743853631,77205.76830888024,0.012952403157254579,3.497999999999998,77205.8,77205.7,1789194360,2026-09-12T06:26:00+00:00,77205.7,B-BTC_USDT,65
77205.7,0.0007033159468796679,0.0005608394198874933,0.0005595441787329403,0.00048053446831008984,0.0,0.0010970692578398111,0.4554774739203235,0.4515807034316631,0.45806148010841397,0.4442124542933085,2,2.073000000000001,0.7048622917375047,77205.77257903517,0.012952403157254579,2.9409999999999994,77205.8,77205.7,1789194420,2026-09-12T06:27:00+00:00,77205.7,B-BTC_USDT,84
77205.7,0.000704611188034221,0.0005595441787329403,0.0005608394198874933,0.0004792392271555368,0.0,0.0010491453351242352,0.6508845669343104,0.6470811211998881,0.6392346598976348,0.6449663935955638,2,3.3040000000000007,0.6111727709951909,77205.78235405608,0.012952403157254579,5.405999999999999,77205.8,77205.7,1789194480,2026-09-12T06:28:00+00:00,77205.7,B-BTC_USDT,66
77205.7,0.000704611188034221,0.0005595441787329403,0.00033417221785447815,0.0006981349822616778,0.0005608394198874933,0.0010504405762787883,0.4430307683727971,0.42897943264568045,0.4448968504263455,0.43158173919467874,2,-4.6819999999999995,-0.6823083649081899,77205.77144897163,0.012952403157254579,6.862,77205.8,77205.7,1789194540,2026-09-12T06:29:00+00:00,77205.7,B-BTC_USDT,54
77249.0,0.00023948530078055086,0.0,-0.0002990329971910288,0.0001372186047716717,-1.2945151394161414e-06,0.0006006550246604458,0.5248142987915747,0.5376536820266826,0.4352279547016761,0.5571704100879368,7,47.878000000000014,0.9443765040041028,77237.21973982696,0.012947130481107067,50.698000000000015,77249.0,77205.8,1789194600,2026-09-12T06:30:00+00:00,77205.8,B-BTC_USDT,363
77248.9,0.000403889246319622,-0.00022524592583184067,-0.0002977388674789694,0.00013851329921865663,0.0,0.0006265461385210891,0.13130740244020217,0.23349122258509142,0.081714170926813,0.2353518119926606,2,-3.222,-0.13378176382660684,77248.96167456113,0.012945159773151709,24.084000000000007,77249.0,77248.9,1789194660,2026-09-12T06:31:00+00:00,77248.9,B-BTC_USDT,153
77248.9,0.0004673205702605543,-0.0002977388674789694,-7.89655257226185e-05,0.0005372244782773095,1.294516815297797e-06,0.0009838327794959856,0.31298976644976007,0.4442310213084278,0.245945028257866,0.4440143098437877,2,1.7590000000000003,0.6747219025700039,77248.97221155107,0.012945159773151709,2.607,77249.0,77248.9,1789194720,2026-09-12T06:32:00+00:00,77248.9,B-BTC_USDT,114
77249.0,0.00046602545016760644,-0.0002990329971910288,-8.155445377933113e-05,0.00048803220753668164,-0.00022654014938705558,0.0005928879338243931,0.6730654757855696,0.7487514718395636,0.6351529586980704,0.7448994226288166,2,1.8080000000000014,0.44422604422604484,77248.98743757358,0.012945159773151709,4.069999999999998,77249.0,77248.9,1789194780,2026-09-12T06:33:00+00:00,77249.0,B-BTC_USDT,112
77231.5,0.0008066656739802447,0.00014631335659687217,0.00036384117879362243,0.0007160290813981174,-7.250927406565744e-05,0.0008714060972530024,0.46200895134232234,0.41468660867006524,0.4463246210908852,0.420902072781647,5,-25.212999999999997,-0.5297850433905571,77249.31073433041,0.012945102989893625,47.590999999999994,77259.7,77231.4,1789194840,2026-09-12T06:34:00+00:00,77249.0,B-BTC_USDT,273
77225.9,0.0008792387010059244,0.00021754359612513596,0.0004363820946082786,0.0008999571387320326,0.0,0.0007083115897648096,0.07890771610842381,0.09122287922027277,-0.008956338698629773,0.09638505475359788,4,3.730000000000005,0.3982489856929323,77222.85456114396,0.012949535019955192,9.366000000000001,77231.5,77221.8,1789194900,2026-09-12T06:35:00+00:00,77231.5,B-BTC_USDT,169
77225.9,0.0008779437986479177,0.0004363820946082786,0.0004363820946082786,0.0009245602835319389,0.00021883849848314263,0.0007083115897648096,0.7778145312634821,0.705781317969282,0.762682083214296,0.721395376837475,2,1.6090000000000004,0.6867264191207858,77225.88528906589,0.012949031961612444,2.342999999999999,77225.9,77225.8,1789194960,2026-09-12T06:36:00+00:00,77225.9,B-BTC_USDT,80
77242.8,0.0006589610941083457,0.00021749599962728183,0.0006162386656101138,0.001062882236273044,-1.294619045522083e-06,0.0003508417613031778,0.5709829687077339,0.5643957508499684,0.6328361342561749,0.5582089625588316,4,12.400999999999996,0.7891186764237988,77240.07821978754,0.012946651385600656,15.714999999999996,77242.8,77225.8,1789195020,2026-09-12T06:37:00+00:00,77225.8,B-BTC_USDT,155
77242.7,0.0007741831914214181,0.0002187909019235601,0.0005696331174338543,0.0006744973958705547,0.0002187909019235601,0.0004091001479751277,-0.37267529146619555,-0.3721448101419581,-0.2107471790222518,-0.35655106654028823,2,3.881,0.8838533363698478,77242.73139275948,0.012946198834948363,4.390999999999998,77242.8,77242.7,1789195080,2026-09-12T06:38:00+00:00,77242.8,B-BTC_USDT,88
77259.6,0.0006523461162106781,0.00039865595990651315,0.0003520598087487503,0.0005073803126083298,0.0,0.00019156195476011106,0.6096543419094483,0.5995730482712125,0.6037262032989734,0.5757898801735235,4,4.784999999999999,0.7931377424167081,77249.30497865242,0.012945105418764206,6.0329999999999995,77259.7,77242.7,1789195140,2026-09-12T06:39:00+00:00,77242.7,B-BTC_USDT,133
77259.6,0.0006510517786784131,0.0003507654712164854,0.0004633728365146528,0.0002718108817545417,0.0,5.047916375433559e-05,0.3180387677289262,0.3717581579616461,0.38637784206835646,0.3056333501159873,2,2.306,0.25863615971287574,77259.66858790789,0.012943366943969959,8.916,77259.7,77259.6,1789195200,2026-09-12T06:40:00+00:00,77259.7,B-BTC_USDT,105
77259.6,0.0005798632144093929,0.0003520598087487503,0.00048796524962591015,0.0002718108817545417,0.00039865595990651315,-2.0709400514684617e-05,-0.23343834327784255,-0.15847850504629835,-0.04467768689570219,-0.11790342319545119,2,3.261,0.5868274248695342,77259.64207607476,0.012943366943969959,5.556999999999998,77259.7,77259.6,1789195260,2026-09-12T06:41:00+00:00,77259.6,B-BTC_USDT,119
77290.4,0.0001798412221958312,6.469108712070515e-05,0.0004463685011333318,-0.00026523345719520197,-4.787140446937954e-05,-0.00039332180969431363,-0.1715176550893393,-0.14373218785367736,-0.19751081308659038,-0.18379509165376412,5,30.135,0.7134064060983405,77274.0628133906,0.012940951997565694,42.241,77290.4,77258.0,1789195320,2026-09-12T06:42:00+00:00,77259.6,B-BTC_USDT,257
77286.7,0.00022901741179270907,0.0001371516703392306,0.00010480457827810596,-0.00016044157662309377,1.2938836824183397e-06,-0.00034417305953016175,-0.5224323584481194,-0.4457466560406395,-0.5701857629620432,-0.4486714056598026,3,-2.7119999999999997,-0.1140550088316931,77287.86104600051,0.012938638723651447,23.77800000000001,77288.5,77286.7,1789195380,2026-09-12T06:43:00+00:00,77288.4,B-BTC_USDT,138
77286.8,,0.0004929690451667135,0.00015526584099734286,-0.00016044136903081707,0.00011127385271469947,-0.00034546649621924885,-0.4201345568896828,-0.33813099951196934,-0.48541409673325564,-0.3465968975538692,2,3.071,0.31117641098388893,77286.73309345002,0.012938828454530791,9.869000000000002,77286.8,77286.7,1789195440,2026-09-12T06:44:00+00:00,77286.7,B-BTC_USDT,116
77295.4,,-7.762428294477708e-06,-0.00019147323126589288,-0.0004127024376611166,2.458102293290132e-05,-0.00036095291569737675,0.4653968597270551,0.41522645644721484,0.4255774816856535,0.3442565571463055,3,10.208,0.7202935365509454,77292.50409465615,0.012937868723919757,14.172000000000002,77295.4,77286.7,1789195500,2026-09-12T06:45:00+00:00,77286.8,B-BTC_USDT,160
77297.3,,1.940559372703987e-05,-0.00021604894349480652,-0.0005084265556494216,0.00035706292457815536,-0.00022251747473711614,-0.07268297935690618,-0.3390542405666132,-0.054682950707188545,-0.05037313473073241,2,17.706000000000003,0.7054745398039686,77295.18304728798,0.012937413966057583,25.098,77297.3,77295.0,1789195560,2026-09-12T06:46:00+00:00,77295.3,B-BTC_USDT,174
77324.9,,-0.0005729073041152999,-0.0007112844633487825,-0.00083931566675155,-0.0003892665881235491,-0.0005160045470474772,0.5850056410073551,0.6437077444642049,0.5719600032793233,0.6421840914601303,12,9.038999999999982,0.10454182713993249,77297.87385205389,0.012936972238061978,86.463,77325.0,77280.0,1789195620,2026-09-12T06:47:00+00:00,77297.2,B-BTC_USDT,445
77294.8,,-0.0001837122290244686,-0.0002652183588028878,-0.0004489305878273564,5.174992366896447e-05,-0.0001267873129887631,-0.13494242815561397,-0.1274477729252496,-0.21041956438692858,-0.14304883866417506,4,-19.537000000000013,-0.3118087364540277,77311.01862761135,0.012934766260743398,62.657000000000004,77327.1,77294.8,1789195680,2026-09-12T06:48:00+00:00,77324.9,B-BTC_USDT,279
77298.8,,-0.00037387385056442124,-0.0003156581990925167,-0.00050065460265869,-0.0002354499681753719,-6.468405719106674e-05,0.6234077331013109,0.6554301078444504,0.6080301141468577,0.6598987558576983,3,18.224999999999998,0.6409805507684733,77298.88277150538,0.012936803069032573,28.432999999999996,77298.9,77294.8,1789195740,2026-09-12T06:49:00+00:00,77294.8,B-BTC_USDT,137
77280.6,,-8.152110620263109e-05,-0.00022127157397855424,-0.00016951214146898597,0.0,0.0001708061272815975,-0.6758812889396717,-0.6539656819602092,-0.6729978611469865,-0.6743581175339547,5,-25.12099999999998,-0.8753876711851409,77288.1773017159,0.012938584123436042,28.69699999999999,77298.9,77280.6,1789195800,2026-09-12T06:50:00+00:00,77298.8,B-BTC_USDT,222
77280.6,,-8.022712039001956e-05,-0.00029244079367918285,-6.469929063723789e-06,-0.00013845648196331162,0.00016951214146887494,-0.2028622846177649,-0.19525295669097054,-0.2274370140472723,-0.20464125691525137,2,2.4270000000000005,0.42230729076039697,77280.64023735217,0.012939849754274695,5.746999999999998,77280.7,77280.6,1789195860,2026-09-12T06:51:00+00:00,77280.7,B-BTC_USDT,107
77269.9,,-8.28265598893374e-05,-0.0001281223348288396,0.00019541891473928708,5.694325992400273e-05,0.00030801126958879266,-0.149198293917768,-0.15068954932069908,-0.1614289844321424,-0.13987752617160362,3,-16.583999999999996,-0.5625508819538669,77277.07579885586,0.012940447039238598,29.479999999999997,77280.7,77269.9,1789195920,2026-09-12T06:52:00+00:00,77280.6,B-BTC_USDT,181
77274.3,,-0.00021093688328466254,-0.00018376096580619006,0.00013846777000892097,1.2940913083347994e-06,0.00036493374899548847,0.16772719563755986,0.28777943685797447,0.17237437486461132,0.2704757473305306,2,-9.767,-0.3341773018099702,77275.16438897184,0.01294077074056309,29.227,77276.0,77269.9,1789195980,2026-09-12T06:53:00+00:00,77270.0,B-BTC_USDT,162
77274.4,,-0.00018634890727065034,-0.0001850548176367539,0.00025105338896214136,-0.00014105577008682868,0.00046069590964159524,-0.04171552428667873,0.027278614390382358,-0.0017303860272424552,0.021192862519560846,2,2.538000000000001,0.2851685393258429,77274.35136393072,0.012940904710459403,8.899999999999997,77274.4,77274.3,1789196040,2026-09-12T06:54:00+00:00,77274.3,B-BTC_USDT,97
77263.5,,-4.4005254745016487e-05,5.1770887935509435e-05,0.0003921644761109011,-7.11849709111867e-05,0.0006005423000510213,-0.4953023193624731,-0.4823720859327163,-0.4634372724919466,-0.49385640039760376,3,-8.866,-0.6503814553990609,77270.65921472904,0.012941518841108344,13.632000000000001,77274.4,77263.5,1789196100,2026-09-12T06:55:00+00:00,77274.3,B-BTC_USDT,150
77258.0,,2.7181651091279235e-05,0.00028605451862606657,0.00046208806854952655,2.588728675356755e-05,0.0006005850526804579,-0.7513767706666098,-0.7132342160288386,-0.6868554120825461,-0.7170089011058539,4,-5.208999999999997,-0.6842243530802573,77261.6893382892,0.012943019338000145,7.612999999999997,77263.6,77258.0,1789196160,2026-09-12T06:56:00+00:00,77263.5,B-BTC_USDT,136
77260.0,,9.707481232212878e-05,0.0003235827077401332,0.000436189490033545,1.2943308309587565e-06,0.0005733885581153952,0.3734837233873621,0.3642677371985379,0.24368270529657413,0.36064745971354234,3,7.128999999999998,0.6724837279501934,77258.73488005351,0.012943523311701304,10.600999999999996,77260.1,77258.0,1789196220,2026-09-12T06:57:00+00:00,77258.0,B-BTC_USDT,107
77260.1,,0.000258865831133992,0.00032228795976174673,0.0005487955620040452,0.0,0.0005733878159617234,0.11381844207575186,-0.05585228245407578,0.11316766331120554,-0.07204368395558648,2,-0.2920000000000009,-0.03174603174603185,77260.04720738588,0.012943299933901255,9.197999999999999,77260.1,77260.0,1789196280,2026-09-12T06:58:00+00:00,77260.0,B-BTC_USDT,115
77260.1,,0.00032228795976174673,0.00043618892546093413,0.0006458702486793477,9.578035751944824e-05,,-0.01603481969943292,0.04361483521647396,0.011241549115113273,0.023435439372754347,2,-0.017000000000000133,-0.010605115408608947,77260.05218074175,0.012943299933901255,1.602999999999999,77260.1,77260.0,1789196340,2026-09-12T06:59:00+00:00,77260.1,B-BTC_USDT,74
77267.5,,0.00022648590934082335,0.00034037596660962954,0.0005487430032031781,0.00016306985472547275,,-0.3835664011562855,-0.34176411938411155,-0.41967437620488435,-0.3470089271013651,5,0.8629999999999968,0.054950652658388825,77269.23291179402,0.012941758875396708,15.705000000000005,77273.4,77260.0,1789196400,2026-09-12T07:00:00+00:00,77260.0,B-BTC_USDT,232
77280.1,,0.00017727720331617292,0.00017598320913125853,0.00031444058690377474,6.340571505458747e-05,,0.33884505360390144,0.3822530513282864,0.30377826006778363,0.378318903863662,4,2.8840000000000012,0.2759808612440192,77275.49411265257,0.012940716372480409,10.450000000000001,77280.1,77267.4,1789196460,2026-09-12T07:01:00+00:00,77267.4,B-BTC_USDT,211
77285.0,,0.00011386426861625942,0.00011257035647282976,0.0002497250436694909,0.0,,0.47943712997580135,0.44107434640550164,0.4873682626566522,0.4391389346763616,3,4.346000000000003,0.4352964743589745,77283.40538705065,0.012939392115834938,9.984000000000004,77285.1,77280.0,1789196520,2026-09-12T07:02:00+00:00,77280.1,B-BTC_USDT,162
77285.0,,0.00011257035647282976,0.00022643462508886714,0.00025101895581292055,0.00011386426861625942,,-0.18926841188647786,-0.2647854104005254,-0.18171898166327538,-0.22415279131146554,2,-0.904,-0.16085409252669047,77285.03676072948,0.012939113063370051,5.619999999999997,77285.1,77285.0,1789196580,2026-09-12T07:03:00+00:00,77285.0,B-BTC_USDT,116
77293.8,,-1.2937648298239068e-06,0.00020958990242414544,,0.0,,-0.20220855174008262,-0.1299103274257769,-0.2242271635131282,-0.14381699814684457,4,4.798999999999997,0.29267548941879595,77292.21850448364,0.012937911970874431,16.397,77296.4,77285.0,1789196640,2026-09-12T07:04:00+00:00,77285.1,B-BTC_USDT,186
77293.8,,0.00011255754019079411,0.00020829613759443255,,-1.2937648298239068e-06,,-0.0520391794771088,-0.05753519179929807,-0.1599459807456304,-0.03072612703725197,2,7.682000000000004,0.3477591670439114,77293.74712324042,0.012937656667689272,22.090000000000003,77293.8,77293.7,1789196700,2026-09-12T07:05:00+00:00,77293.8,B-BTC_USDT,140
77293.7,,0.00021088394008828004,0.00013843301588623014,,0.0,,-0.41555686791024393,-0.3956646442928025,-0.44232104666511207,-0.38409820190714183,2,0.6720000000000003,0.09185347184253692,77293.73021676778,0.012937656667689272,7.316000000000002,77293.8,77293.7,1789196760,2026-09-12T07:06:00+00:00,77293.8,B-BTC_USDT,120
77293.7,,0.00020959017358457288,0.00013713924938252298,,0.00011385145231757043,,-0.14426801144730636,-0.13404447175500528,-0.25391303232138385,-0.12236812724433736,2,0.20199999999999962,0.03242375601926157,77293.74329777641,0.012937656667689272,6.230000000000001,77293.8,77293.7,1789196820,2026-09-12T07:07:00+00:00,77293.7,B-BTC_USDT,108
77302.5,,2.4578765240423905e-05,2.4578765240423905e-05,,9.70214417386206e-05,,0.31495678718430303,0.30728766498110355,0.26974599753499096,0.3181681304236284,3,12.014999999999999,0.7780224049731269,77296.66536438325,0.01293717131173566,15.443,77302.5,77293.7,1789196880,2026-09-12T07:08:00+00:00,77293.7,B-BTC_USDT,177
77310.0,,-7.37291424136588e-05,,,-1.2934937266839697e-06,,0.449414972028281,0.5276683085533262,0.38725972264926184,0.4014787628308035,4,8.095999999999998,0.3678328032712403,77307.50138341542,0.012935359747433397,22.009999999999998,77310.0,77306.6,1789196940,2026-09-12T07:09:00+00:00,77306.6,B-BTC_USDT,193
77309.9,,-7.114224698256955e-05,,,-7.114224698256955e-05,,0.4185959117836996,0.36746955776789114,0.07279082321960186,0.42446698720201576,2,0.21299999999999714,0.011601939103436845,77309.9683734779,0.012934945631942689,18.35900000000001,77310.0,77309.9,1789197000,2026-09-12T07:10:00+00:00,77310.0,B-BTC_USDT,158
77304.4,,,,,-1.2935874282860027e-06,,-0.5395495044274511,-0.47527290318818777,-0.5277228463627114,-0.5007263548483906,3,-7.401,-0.47221336055637086,77305.5929030215,0.012935670694881914,15.672999999999998,77310.0,77304.3,1789197060,2026-09-12T07:11:00+00:00,77310.0,B-BTC_USDT,175
77304.3,,,,,1.2935891016141454e-06,,0.6064373899127276,0.7336658389347914,0.600015505643364,0.7169657093346289,2,-5.271000000000002,-0.5311901642648397,77304.38668329194,0.012935882649717493,9.922999999999995,77304.4,77304.3,1789197120,2026-09-12T07:12:00+00:00,77304.3,B-BTC_USDT,137
77304.4,,,,,,,,,,,0,-1.022,-0.41646291768541155,,,2.454,77304.4,77304.3,1789197180,2026-09-12T07:13:00+00:00,77304.4,B-BTC_USDT,26
0.08439,-0.00047398980921919964,-0.00011849745230485542,0.0001184974523047444,0.0002369949046094888,-0.00011849745230485542,0.0003554923569142332,-0.08561123700569165,-0.693920567722421,-0.0811439033324432,-0.1028996492656461,2,80621.0,0.15080649234285887,0.08439153039716138,1.1849043356126416,534599.0,0.08441,0.08438,1789191720,2026-09-12T05:42:00+00:00,0.08438,B-DOGE_USDT,135
0.08438,0.0,0.0,0.00047404598246036933,0.0002370229912302957,0.00011851149561525887,0.00011851149561525887,-0.04611222154308481,-0.38711118845642384,-0.03998799563156608,0.03866536544459371,2,-40086.0,-0.29249179131703756,0.08438806444405772,1.1849745272078656,137050.0,0.0844,0.08438,1789191780,2026-09-12T05:43:00+00:00,0.08439,B-DOGE_USDT,146
0.08439,-0.00047398980921919964,0.0001184974523047444,0.0002369949046094888,-0.00011849745230485542,-0.00011849745230485542,-0.00023699490460959982,-0.0417866149759009,-0.061927333815941524,-0.05440369418131446,0.06769344735290293,2,129500.0,0.5533998837646577,0.08439469036333092,1.1849043189757833,234008.0,0.0844,0.08438,1789191840,2026-09-12T05:44:00+00:00,0.08438,B-DOGE_USDT,147
0.08438,-0.0004740459824602583,0.00047404598246036933,0.00047404598246036933,0.00011851149561525887,0.0,-0.00011851149561503682,-0.0686130641423994,-0.023899821096211915,-0.05617036368292766,0.008542579318573815,2,-295386.0,-0.7304122054350782,0.08438988050089452,1.1849745272078656,404410.0,0.0844,0.08438,1789191900,2026-09-12T05:45:00+00:00,0.08439,B-DOGE_USDT,142
0.08438,0.0002370229912302957,0.0003555344868453325,0.00047404598246036933,0.00011851149561525887,0.0002370229912302957,-0.00023702299123007364,-0.08797867162537931,-0.4143569082430667,-0.07970754266382978,-0.010274039022093298,2,-169631.0,-0.28162889887618064,0.0843929282154588,1.1849043189757833,602321.0,0.0844,0.08438,1789191960,2026-09-12T05:46:00+00:00,0.08438,B-DOGE_USDT,153
0.0844,0.00035545023696692546,0.00023696682464446894,0.00011848341232223447,0.00023696682464446894,0.00023696682464446894,-0.0007109004739337399,0.03861752054094121,0.5886226091648995,-0.021096163761249065,0.12399769203595319,2,378748.0,0.4796160518684547,0.08440794311304584,1.1847639357853352,789690.0,0.08442,0.08438,1789192020,2026-09-12T05:47:00+00:00,0.08438,B-DOGE_USDT,159
0.08442,0.00035536602700791953,0.0,-0.00023691068467179832,-0.0003553660270076975,-0.00011845534233589916,-0.0008291873963516272,-0.022030758128778864,0.32608943140851304,-0.07335758030477588,0.030672865713435683,1,413866.0,0.8392362505221578,0.08441663044715704,1.1846235858551353,493146.0,0.08442,0.0844,1789192080,2026-09-12T05:48:00+00:00,0.0844,B-DOGE_USDT,153
0.08441,0.0,0.0,-0.00035540812699919044,-0.00047387750266558726,0.00011846937566639681,-0.0007108162539983809,0.02299723933097949,0.4817171303764497,-0.057432085376578776,0.10994501749966828,2,-122256.0,-0.11397736786266331,0.08442240858565188,1.1845534275150715,1072634.0,0.08443,0.0844,1789192140,2026-09-12T05:49:00+00:00,0.08442,B-DOGE_USDT,142
0.08442,0.0,-0.00023691068467179832,-0.0003553660270076975,-0.0005922767116796068,0.0,-0.0009476427386875264,0.02518767322013096,0.009328402032338645,-0.04814699094085483,0.0901472360249995,2,100802.0,0.47010157350321324,0.08442004664201017,1.1845534275150715,214426.0,0.08443,0.08441,1789192200,2026-09-12T05:50:00+00:00,0.08441,B-DOGE_USDT,142
0.08442,0.0001184553423361212,-0.00047382136934370767,-0.0003553660270076975,-0.000710732054015506,-0.00011845534233589916,-0.0009476427386875264,-0.016814710262535823,-0.5677771055797913,-0.08227338471660436,-0.03418019570275524,2,388669.0,0.3398279128775062,0.0844271611144721,1.1844131274516077,1143723.0,0.08443,0.0844,1789192260,2026-09-12T05:51:00+00:00,0.08442,B-DOGE_USDT,139
0.08441,-0.0002369387513326826,-0.0002369387513326826,0.00011846937566639681,-0.0008292856296647777,-0.00011846937566639681,-0.0008292856296647777,-0.00858601043757216,0.010350820416415385,-0.08435802544914016,0.12822230810291696,2,-66782.0,-0.20231329447547958,0.08442005175410207,1.1845534275150715,330092.0,0.08442,0.0844,1789192320,2026-09-12T05:52:00+00:00,0.08442,B-DOGE_USDT,147
0.0844,-0.00011848341232223447,-0.00011848341232223447,-0.00011848341232223447,-0.0005924170616115054,-0.00023696682464457997,-0.0008293838862559744,-0.07249780478792098,-0.18975204832915485,-0.06915788789098473,0.004152370037366937,2,1175930.0,0.6314430083391953,0.08441405123975834,1.1846235858551353,1862290.0,0.08442,0.0844,1789192380,2026-09-12T05:53:00+00:00,0.08441,B-DOGE_USDT,153
0.08438,-0.00011851149561503682,0.00047404598246036933,-0.00011851149561503682,-0.0003555344868452215,0.00011851149561525887,-0.0004740459824602583,-0.09866560154344868,0.028009404026367535,-0.06105856039558855,0.048817969707671965,2,-242605.0,-0.13206910348919815,0.08439514004702015,1.1849043356126416,1836955.0,0.08441,0.08438,1789192440,2026-09-12T05:54:00+00:00,0.0844,B-DOGE_USDT,132
0.08439,0.0,0.0,-0.00023699490460959982,-0.000592487261523944,0.0,-0.00047398980921919964,-0.04339756665204696,-0.6421998815941565,-0.048345065473456905,-0.18413299207038378,2,-6439.0,-0.13865500979779927,0.08438178900059203,1.1850447354399478,46439.0,0.08439,0.08438,1789192500,2026-09-12T05:55:00+00:00,0.08438,B-DOGE_USDT,130
0.08439,0.0,-0.00023699490460959982,-0.0003554923569143442,-0.000592487261523944,0.0003554923569142332,-0.000592487261523944,0.024496822636563137,0.3296470837402409,0.06324695847995135,0.07458306962231896,2,230869.0,0.4592918118102984,0.08438164823541872,1.1851149603123368,502663.0,0.08439,0.08437,1789192560,2026-09-12T05:56:00+00:00,0.08439,B-DOGE_USDT,62
0.08442,-0.0009476427386875264,-0.0005922767116796068,-0.0009476427386875264,-0.0009476427386875264,-0.0003553660270076975,-0.0008291873963516272,-0.11979248002526376,-0.48865579313499874,-0.10070929261376119,-0.1583754498153764,2,721195.0,0.5847177776678745,0.08440755672103432,1.1846937608202353,1233407.0,0.08443,0.08438,1789192620,2026-09-12T05:57:00+00:00,0.0844,B-DOGE_USDT,55
0.08439,-0.000592487261523944,-0.0003554923569143442,-0.00047398980921919964,-0.0007109847138286884,-0.00023699490460959982,-0.00011849745230485542,-0.05189903967332105,0.2753981792040097,-0.06476810807987958,0.04277714162788167,2,-1266792.0,-0.3964014481824184,0.08440637699089601,1.1847639524154592,3195730.0,0.08442,0.08437,1789192680,2026-09-12T05:58:00+00:00,0.08442,B-DOGE_USDT,42
0.08437,0.000237051084508888,-0.00035557662676310997,-0.000237051084508777,-0.00035557662676310997,0.0,-0.000237051084508777,-0.12732543896557535,0.47132259713805497,0.054710547162813386,-0.01995369782131779,2,-108832.0,-0.1979742709121602,0.08437735661298568,1.1851851851847257,549728.0,0.0844,0.08436,1789192740,2026-09-12T05:59:00+00:00,0.08438,B-DOGE_USDT,32
0.08437,0.0011852554225435519,-0.000237051084508777,-0.00035557662676310997,-0.000237051084508777,-0.00011852554225433298,-0.00035557662676310997,0.02461538003108763,0.693167277127019,0.11438504179780593,0.10578411402219841,2,326442.0,0.1278022639701144,0.08436846583638563,1.185325668226886,2554274.0,0.08438,0.08436,1789192800,2026-09-12T06:00:00+00:00,0.08437,B-DOGE_USDT,65
0.08436,0.0011853959222378752,-0.00011853959222396515,-0.00023707918444770826,-0.00023707918444770826,-0.00023707918444770826,0.00047415836889519447,-0.041016177759557,0.12049394384825711,0.07677978242184152,-0.034608621315419884,1,101399.0,0.18942922208086505,0.08436560246971923,1.185325668226886,535287.0,0.08437,0.08435,1789192860,2026-09-12T06:01:00+00:00,0.08437,B-DOGE_USDT,75
0.08434,0.0017785155323688517,0.0,0.0,0.00011856770215779022,0.00011856770215779022,0.0010671093194214443,-0.07369189913165655,0.1712330414061098,0.07093021814984922,0.050073892110647875,2,-187503.0,-0.47964422479222146,0.08436585616520703,1.185325668226886,390921.0,0.08437,0.08434,1789192920,2026-09-12T06:02:00+00:00,0.08437,B-DOGE_USDT,65
0.08435,0.0016597510373443924,-0.00011855364552459946,-0.0002371072910490879,0.0003556609365737984,0.0,0.0011855364552459946,-0.28421883116511326,-0.2724633392375032,0.05192216964303413,-0.16310865905233068,2,270892.0,0.6987515476681799,0.08434363768330382,1.1856067342457908,387680.0,0.08435,0.08434,1789192980,2026-09-12T06:03:00+00:00,0.08434,B-DOGE_USDT,70
0.08435,0.0008298755186721962,-0.00011855364552459946,-0.00011855364552459946,0.0,-0.00011855364552459946,0.0007113218731475968,-0.1614694749395077,0.03983911971102862,0.06594045307300246,-0.09746466598854253,2,-922117.0,-0.24684621691924147,0.08435019919559855,1.1855364594120306,3735593.0,0.08436,0.08434,1789193040,2026-09-12T06:04:00+00:00,0.08434,B-DOGE_USDT,85
0.08434,0.0005928385107898393,-0.00011856770215790124,0.00011856770215779022,0.0,0.0,0.000948541617263432,-0.22297529103462516,-0.0008176802812403308,0.033729634546719546,-0.1426026920997816,2,-152482.0,-0.7796081559195861,0.08434999591159859,1.1855364594120306,195588.0,0.08436,0.08434,1789193100,2026-09-12T06:05:00+00:00,0.08436,B-DOGE_USDT,99
0.08434,0.0005928385107898393,0.0,0.0,0.0007114062129476295,0.0,0.0010671093194214443,-0.25967391674924695,-0.763187903590438,0.03670992998068219,-0.34088511033277485,2,139599.0,0.4912741899724448,0.08434118406048205,1.1856067342457908,284157.0,0.08435,0.08434,1789193160,2026-09-12T06:06:00+00:00,0.08434,B-DOGE_USDT,106
0.08434,0.0007114062129476295,0.00011856770215779022,0.00011856770215779022,0.0010671093194214443,-0.00011856770215790124,0.0005928385107898393,-0.13046960141708833,-0.5210811950129793,0.04928555276008159,-0.30603126731862457,2,128386.0,0.10524322525325888,0.08433239459402493,1.1857473172462352,1219898.0,0.08435,0.08432,1789193220,2026-09-12T06:07:00+00:00,0.08435,B-DOGE_USDT,106
0.08433,0.0004743270484999229,0.00011858176212498073,0.0005929088106249036,0.0014229811454997687,0.00011858176212498073,0.0007114905727498844,-0.04315038384837802,-0.023014922352312724,0.11682657932475099,-0.1680258111886974,2,10182.0,0.05226094543961402,0.08433488492538824,1.1857473172462352,194830.0,0.08434,0.08433,1789193280,2026-09-12T06:08:00+00:00,0.08434,B-DOGE_USDT,103
0.08434,0.0005928385107898393,0.00011856770215779022,0.00011856770215779022,0.0008299739151056418,0.00011856770215779022,0.00035570310647381476,-0.05881420847995657,-0.2756224943363693,0.12435922621183039,-0.1799678135630825,2,3346.0,0.035318457218856215,0.08433362188752833,1.1857473172462352,94738.0,0.08434,0.08433,1789193340,2026-09-12T06:09:00+00:00,0.08434,B-DOGE_USDT,115
0.08435,0.0003556609365737984,0.0003556609365737984,-0.00011855364552459946,0.0008298755186721962,-0.00011855364552459946,0.0004742145820986199,-0.06524737945113059,-0.17578463609991324,0.11737126457184806,-0.048487886680411714,2,824139.0,0.6061356470473155,0.08433912107681951,1.185677025746013,1359661.0,0.08435,0.08433,1789193400,2026-09-12T06:10:00+00:00,0.08434,B-DOGE_USDT,138
0.08434,0.000474270808631605,0.00011856770215779022,0.0007114062129476295,0.0010671093194214443,0.00011856770215779022,0.0005928385107898393,-0.12230093699754918,0.07273635580156962,0.09508085662880557,0.025553622104209375,2,-220963.0,-0.2570206895589089,0.08434036368177901,1.185677025746013,859709.0,0.08436,0.08433,1789193460,2026-09-12T06:11:00+00:00,0.08435,B-DOGE_USDT,118
0.08435,0.0018968583283935914,-0.00011855364552459946,0.0009484291641970177,0.0004742145820986199,0.0003556609365737984,-0.00011855364552459946,-0.09962320974892186,0.25816475467420696,0.12244282073684415,0.06350232662101478,1,64547.0,0.3255690788312258,0.08434629082377337,1.1856067342457908,198259.0,0.08435,0.08434,1789193520,2026-09-12T06:12:00+00:00,0.08434,B-DOGE_USDT,43
0.08438,0.0010666034605357755,0.0002370229912302957,0.0008295804693054798,0.00011851149561525887,-0.0003555344868452215,-0.0004740459824602583,0.05133390175153263,0.6000140484789594,0.054728482340802465,0.06971865956908471,1,401451.0,0.7021037701365728,0.0843780000702424,1.1851851851847257,571783.0,0.08438,0.08435,1789193580,2026-09-12T06:13:00+00:00,0.08435,B-DOGE_USDT,99
0.08435,0.0014226437462954156,0.0009484291641970177,0.0007113218731475968,0.00023710729104919892,-0.00011855364552459946,0.0004742145820986199,-0.10065354899688303,-0.4356741160227999,0.03825658576929982,-0.14879993785509626,2,-435950.0,-0.6363397509816229,0.08436782162941989,1.185255426705806,685090.0,0.08438,0.08435,1789193640,2026-09-12T06:14:00+00:00,0.08438,B-DOGE_USDT,98
0.08434,0.0015413801280532713,0.0013042447237372468,0.000948541617263432,0.0005928385107898393,0.0007114062129476295,0.0015413801280532713,-0.13296354210932906,0.1264689795523195,0.09485477036852553,-0.0342029982476892,2,-137478.0,-0.9248684794747252,0.08435063234489776,1.1855364594120306,148646.0,0.08436,0.08434,1789193700,2026-09-12T06:15:00+00:00,0.08435,B-DOGE_USDT,67
0.0844,0.0009478672985780978,0.00011848341232223447,0.00035545023696692546,-0.00011848341232223447,0.00035545023696692546,0.0007109004739336289,-0.03355050255576607,0.18596206283168967,0.04401113542838869,0.049450222648450934,2,669895.0,0.9037966759354076,0.08436592981031416,1.1853256848814981,741201.0,0.0844,0.08435,1789193760,2026-09-12T06:16:00+00:00,0.08435,B-DOGE_USDT,124
0.08443,0.00047376524931896924,-0.00011844131232985333,-0.00047376524931896924,-0.0010659718109677918,0.00023688262465948462,0.0007106478739782318,0.1414729774599906,0.6319059291645199,0.010296995919915437,0.24354919566220706,2,450470.0,0.9180487566285293,0.08440815952964584,1.1847639524154592,490682.0,0.08443,0.08439,1789193820,2026-09-12T06:17:00+00:00,0.0844,B-DOGE_USDT,110
0.08445,-0.00082889283599763,-0.00023682652457068798,-0.000710479573712175,-0.001302545885139117,-0.000473653049141487,0.00047365304914137596,0.1053135065536405,-0.028629682405755585,-0.024299110682268102,0.16609922178945047,2,373056.0,0.7822093993617458,0.08443485685158797,1.1843430023414339,476926.0,0.08445,0.08442,1789193880,2026-09-12T06:18:00+00:00,0.08442,B-DOGE_USDT,138
0.08441,-0.00047387750266558726,-0.0002369387513326826,-0.00047387750266558726,-0.0002369387513326826,0.00011846937566639681,0.00011846937566639681,-0.025099544216960583,-0.8128483687140593,-0.02888469362112074,-0.09816361047427993,2,-109398.0,-0.3049200615425781,0.08442093575815643,1.1844832857916714,358776.0,0.08445,0.08441,1789193940,2026-09-12T06:19:00+00:00,0.08445,B-DOGE_USDT,87
0.08442,-0.0009476427386875264,-0.0003553660270076975,-0.0003553660270076975,0.0005922767116797178,0.0001184553423361212,-0.0003553660270076975,0.10502949729775228,0.0885951000011746,-0.007916758551366278,0.1577282709179542,2,74979.0,0.3365803732150633,0.0844254429755,1.1844832691750076,222767.0,0.08443,0.08441,1789194000,2026-09-12T06:20:00+00:00,0.08441,B-DOGE_USDT,45
0.08443,-0.0008290891863081962,-0.0007106478739784539,-0.00047376524931896924,0.0003553239369891159,-0.00047376524931896924,-0.00047376524931896924,0.04798558111896528,-0.14676334445027844,-0.0064491211676978855,0.011247498716412133,2,219059.0,0.35934698484095384,0.08441926618327775,1.1845534275150715,609603.0,0.08443,0.08441,1789194060,2026-09-12T06:21:00+00:00,0.08442,B-DOGE_USDT,54
0.08439,-0.00047398980921919964,0.0,-0.000592487261523944,0.001184974523047666,0.0,0.0001184974523047444,0.0576050479442406,0.2060259612207716,0.012086850894467153,0.043695756261453264,2,-1810362.0,-0.7993198750661183,0.08441103012980611,1.1846937940753954,2264878.0,0.08443,0.08439,1789194120,2026-09-12T06:22:00+00:00,0.08443,B-DOGE_USDT,54
0.08439,-0.0003554923569143442,0.0,-0.000592487261523944,0.001184974523047666,-0.00023699490460959982,-0.00023699490460959982,0.04156072478692406,0.3890825740700867,0.012897375348529569,0.06943581999487008,2,-72471.0,-0.7017963491986636,0.08439694541287035,1.1849043189757833,103265.0,0.0844,0.08439,1789194180,2026-09-12T06:23:00+00:00,0.08439,B-DOGE_USDT,56
0.08437,0.000237051084508888,-0.00035557662676310997,0.000237051084508888,0.0005926277112717759,0.000237051084508888,0.000237051084508888,-0.04058240951416362,0.021241928330675924,0.08078370861612105,-0.07431889527778478,3,-30789.0,-0.0765878375857257,0.08437510620964166,1.1851851851847257,402009.0,0.0844,0.08437,1789194240,2026-09-12T06:24:00+00:00,0.0844,B-DOGE_USDT,57
0.08439,-0.00047398980921919964,-0.000592487261523944,0.0009479796184381772,0.0,0.0,-0.00011849745230485542,0.04751491696747203,0.6022645480883803,0.1291149507444618,0.1474492482452239,1,181848.0,0.5155912423659902,0.08437801132274043,1.1851851851847257,352698.0,0.08439,0.08437,1789194300,2026-09-12T06:25:00+00:00,0.08437,B-DOGE_USDT,47
0.08439,-0.000592487261523944,0.0,0.0008294821661332108,0.0,-0.000592487261523944,-0.00011849745230485542,0.051183333006622214,0.6774517946285032,0.03508087724938537,0.19227209788260086,2,44744.0,0.03861842298324383,0.08438838725897314,1.1850447354399478,1158618.0,0.0844,0.08437,1789194360,2026-09-12T06:26:00+00:00,0.08439,B-DOGE_USDT,49
0.08434,0.00035570310647381476,0.0015413801280532713,0.0017785155323688517,0.0007114062129476295,0.0,0.0020156509366848763,-0.07048989282238077,-0.14483348011778321,0.014461936549397111,-0.11497548719918411,3,-8155904.0,-0.6283806095918391,0.08437760916593273,1.185138457399119,12979242.0,0.0844,0.08434,1789194420,2026-09-12T06:27:00+00:00,0.08439,B-DOGE_USDT,136
0.08434,0.00023713540431602453,0.001422812425895037,0.0017785155323688517,0.00035570310647381476,0.0005928385107898393,0.0015413801280532713,-0.045154879532797,0.3318287905562731,0.1432108616623279,-0.06064291312766072,2,-1205403.0,-0.21976421804771318,0.08435165914395278,1.1855364594120306,5484983.0,0.08437,0.08433,1789194480,2026-09-12T06:28:00+00:00,0.08435,B-DOGE_USDT,86
0.08439,-0.00023699490460959982,0.001184974523047666,0.0003554923569142332,0.0,0.0009479796184381772,0.0009479796184381772,-0.12188630047901466,-0.8278994609022006,-0.023895749379688653,-0.34856652781503383,2,13402209.0,0.8292207976618343,0.08437086050269549,1.185185335015563,16162413.0,0.08441,0.08434,1789194540,2026-09-12T06:29:00+00:00,0.08434,B-DOGE_USDT,86
0.08447,-0.0013022374807624137,0.00023677045104752992,-0.0009470818041907858,-0.0010654670297147728,-0.000118385225523987,0.0,0.09307671066765305,-0.2897182605045507,-0.009119022727357621,-0.061930247268192795,3,4349078.0,0.7297218482420545,0.0844668847420308,1.1838756288852863,5959912.0,0.08448,0.08439,1789194600,2026-09-12T06:30:00+00:00,0.08439,B-DOGE_USDT,116
0.08446,-0.0008287946957138415,-0.0004735969689794173,-0.0008287946957138415,-0.0009471939379587235,0.0003551977267346462,0.00023679848448976415,0.11427335697823174,-0.04108077674789373,-0.016378706781108136,0.0588372056155783,2,1552384.0,0.24798688294975163,0.08447979459611626,1.1837121585315162,6259944.0,0.0845,0.08445,1789194660,2026-09-12T06:31:00+00:00,0.08447,B-DOGE_USDT,127
0.08449,-0.0009468576162858788,-0.0011835720203573485,-0.0010652148183215582,0.00023671440407158073,0.0,-0.00023671440407135869,0.15633017622530784,0.13904619533011411,0.05116205992093232,0.1682086770987472,2,820460.0,0.6332410245961106,0.08447069523097667,1.1838522593868495,1295652.0,0.08449,0.08446,1789194720,2026-09-12T06:32:00+00:00,0.08446,B-DOGE_USDT,100
0.08449,-0.0010652148183215582,-0.0011835720203573485,-0.0014202864244288183,-0.00023671440407135869,-0.0008285004142501995,-0.001301929222393139,0.07968158467635961,-0.2880356589210599,-0.04691896410759413,0.06481296026341775,2,239771.0,0.37158301421577666,0.0844935598217054,1.183501982367004,645269.0,0.08451,0.08449,1789194780,2026-09-12T06:33:00+00:00,0.08449,B-DOGE_USDT,118
0.08442,-0.00023691068467179832,-0.00023691068467179832,-0.0003553660270076975,0.0005922767116797178,-0.0003553660270076975,-0.0005922767116796068,-0.23471430112012823,-0.23692278898502508,-0.11666648504683175,-0.2143564819534294,4,-2862843.0,-0.6320485390444395,0.08444131538605508,1.1842379557813387,4529467.0,0.08453,0.08442,1789194840,2026-09-12T06:34:00+00:00,0.0845,B-DOGE_USDT,118
0.08439,0.0003554923569142332,-0.00023699490460959982,-0.00011849745230485542,0.0009479796184381772,0.0,-0.000592487261523944,-0.5203383038078371,-0.833303723571913,-0.18058325286600097,-0.6396350463433335,2,561465.0,0.3158664873175778,0.08439083348138214,1.1849043189757833,1777539.0,0.08442,0.08439,1789194900,2026-09-12T06:35:00+00:00,0.08442,B-DOGE_USDT,80
0.08439,0.0002369949046094888,0.0,-0.00011849745230485542,0.0010664770707429216,0.0001184974523047444,-0.0003554923569143442,-0.4068440634631906,-0.2588972704189079,-0.121755170191687,-0.43892302064552946,2,-205056.0,-0.7705106526885357,0.08439370551364792,1.1849043189757833,266130.0,0.0844,0.08439,1789194960,2026-09-12T06:36:00+00:00,0.08439,B-DOGE_USDT,121
0.0844,0.00023696682464446894,-0.00023696682464457997,0.0013033175355450233,0.0008293838862558633,-0.00035545023696681444,-0.0005924170616115054,-0.33372489602158417,-0.6738399960020562,-0.14300536571110012,-0.28605166080551425,2,1342140.0,0.8513837030947297,0.08440163080002,1.1847639357853352,1576422.0,0.08441,0.08439,1789195020,2026-09-12T06:37:00+00:00,0.08439,B-DOGE_USDT,70
0.08437,0.0015408320493066618,0.00011852554225422196,0.0011852554225435519,0.00011852554225422196,0.000237051084508888,-0.00011852554225433298,-0.3347593335413372,-0.3159580740192315,-0.10882852820702035,-0.3772001709997639,2,-2429499.0,-0.9811119219180776,0.0843884202096299,1.1849745604850304,2476271.0,0.0844,0.08437,1789195080,2026-09-12T06:38:00+00:00,0.0844,B-DOGE_USDT,83
0.08439,0.0014219694276571548,0.0014219694276571548,0.0009479796184381772,-0.00023699490460959982,-0.00011849745230485542,0.0,-0.2795906646702281,0.20289838584399264,-0.017306280871509178,-0.3282405260381346,2,168855.0,0.29821394826401704,0.08437601449192922,1.1851851851847257,566221.0,0.0844,0.08436,1789195140,2026-09-12T06:39:00+00:00,0.08437,B-DOGE_USDT,64
0.08438,0.0016591609386109596,0.0010666034605357755,0.0010666034605357755,-0.0004740459824602583,0.0,-0.0003555344868452215,-0.2053932725502165,-0.6885742587724761,-0.06854423601966382,-0.2174581947956543,2,246835.0,0.5903830009112805,0.08438655712870613,1.1849745272078656,418093.0,0.0844,0.08438,1789195200,2026-09-12T06:40:00+00:00,0.08439,B-DOGE_USDT,47
0.08438,0.0017776724342259964,0.0010666034605357755,0.0011851149561508123,-0.00023702299123007364,0.0015406494429959228,-0.0004740459824602583,-0.2375793919990633,-0.7063165297192204,-0.06393112215217206,-0.2762820517239604,2,11212.0,0.35743432797755675,0.0843814684173514,1.1850447354399478,31368.0,0.08439,0.08438,1789195260,2026-09-12T06:41:00+00:00,0.08438,B-DOGE_USDT,78
0.08451,0.0005916459590580292,-0.00047331676724648997,-0.00047331676724648997,-0.0018932670689859599,-0.00047331676724648997,-0.0016566086853626594,0.03973669154320161,-0.44177371410935,-0.02438497149336848,-0.05840547889943778,3,4007158.0,0.8292235239389275,0.08444945779809614,1.1841096671273963,4832422.0,0.08451,0.08438,1789195320,2026-09-12T06:42:00+00:00,0.08438,B-DOGE_USDT,91
0.08447,0.0010654670297145508,0.00011838522552376496,-0.0010654670297147728,-0.0013022374807624137,0.0,-0.0013022374807624137,0.16776648313770953,0.7388163783282737,0.07655475328418798,0.27532570506292897,2,287556.0,0.6638747033346569,0.08447369408189165,1.1838522593868495,433148.0,0.08448,0.08446,1789195380,2026-09-12T06:43:00+00:00,0.08447,B-DOGE_USDT,116
0.08447,,0.0,-0.0011838522552385378,-0.0009470818041907858,0.0,-0.0011838522552385378,0.1514099391617294,0.5704272552566663,0.04633940446616012,0.1538436608271638,2,342770.0,0.8438370867839805,0.08447785213627629,1.1837821840776708,406204.0,0.08448,0.08447,1789195440,2026-09-12T06:44:00+00:00,0.08447,B-DOGE_USDT,89
0.08447,,-0.0010654670297147728,-0.0015390079318101657,-0.0014206227062864007,0.00011838522552376496,-0.0013022374807624137,0.12829227878767951,-0.3020561302393808,-0.009558378876305645,0.0865765990607764,2,129964.0,0.06293320936899245,0.08449348971934881,1.1835019989424012,2065110.0,0.08451,0.08447,1789195500,2026-09-12T06:45:00+00:00,0.08448,B-DOGE_USDT,105
0.08448,,-0.0013020833333333703,-0.0014204545454544748,-0.0016571969696970168,-0.00011837121212121549,-0.0010653409090908283,0.04579104322093416,0.4659990733672539,-0.023086992816015492,-0.08925679430929007,2,254453.0,0.37942439113131105,0.08447732999536683,1.1837821840776708,670629.0,0.08448,0.08447,1789195560,2026-09-12T06:46:00+00:00,0.08448,B-DOGE_USDT,94
0.08447,,-0.0015390079318101657,-0.0014206227062864007,-0.0011838522552385378,-0.0010654670297147728,-0.0007103113531431449,-0.0877229686622867,0.14564704955042282,-0.0349369102403717,-0.15148890310999066,3,-787342.0,-0.11713728358356398,0.08441239490191442,1.184670546490193,6721532.0,0.08449,0.08437,1789195620,2026-09-12T06:47:00+00:00,0.08449,B-DOGE_USDT,186
0.08438,,-0.00023702299123007364,-0.00023702299123007364,-0.00023702299123007364,-0.00011851149561503682,0.0002370229912302957,-0.15175151997359018,0.24748275362870809,0.01942576218124277,-0.1386372283507511,3,-2185365.0,-0.32912029317988395,0.08441290408043482,1.1846708123360135,6640019.0,0.08449,0.08436,1789195680,2026-09-12T06:48:00+00:00,0.08448,B-DOGE_USDT,156
0.08437,,-0.000237051084508777,0.000237051084508888,0.0,-0.00035557662676310997,0.00035557662676310997,-0.18533844474874414,-0.31568129429343034,-0.009323900498152604,-0.2799919665163518,3,-5291591.0,-0.621243910499681,0.08437342159352852,1.185185196283853,8517735.0,0.08439,0.08435,1789195740,2026-09-12T06:49:00+00:00,0.08438,B-DOGE_USDT,165
0.08434,,0.00023713540431602453,0.00011856770215779022,0.00023713540431602453,0.00023713540431602453,0.000948541617263432,-0.23091698986997486,-0.11473720252142866,0.031145103881511663,-0.34633702212370243,2,360462.0,0.10091372240957541,0.08433942631398739,1.185677025746013,3571982.0,0.08437,0.08432,1789195800,2026-09-12T06:50:00+00:00,0.08437,B-DOGE_USDT,147
0.08436,,0.00035561877667134034,-0.00023707918444770826,0.00035561877667134034,-0.00011853959222396515,0.0005926979611190486,-0.1651113618519005,-0.05386146098518115,0.16594089594772404,-0.1700011688140128,1,-110972.0,-0.043757122184149615,0.08433473069269508,1.1857473172462352,2536090.0,0.08436,0.08433,1789195860,2026-09-12T06:51:00+00:00,0.08434,B-DOGE_USDT,128
0.08435,,0.0,0.00023710729104919892,0.0007113218731475968,0.0001185536455248215,0.0008298755186721962,-0.16722115932700643,-0.30368014572217294,0.028171315554709156,-0.35805519582973644,2,383924.0,0.257346208553361,0.08435348159927139,1.1854662012363384,1491858.0,0.08437,0.08434,1789195920,2026-09-12T06:52:00+00:00,0.08436,B-DOGE_USDT,89
0.08436,,-0.00023707918444770826,0.0,0.00047415836889519447,0.00035561877667134034,0.0016595542911332917,-0.1999205796249823,-0.4970861883450202,0.04582976567359456,-0.41802332683524485,2,276344.0,0.5492431469821281,0.08434751456905829,1.1855364594120306,503136.0,0.08436,0.08434,1789195980,2026-09-12T06:53:00+00:00,0.08434,B-DOGE_USDT,91
0.08439,,-0.00023699490460959982,-0.00023699490460959982,0.0001184974523047444,-0.00047398980921919964,0.0014219694276571548,-0.05665548616805016,0.13217113587414028,0.06845363950130558,-0.18831237704133688,2,518424.0,0.9531675173194876,0.08437066085567937,1.185255426705806,543896.0,0.08439,0.08435,1789196040,2026-09-12T06:54:00+00:00,0.08435,B-DOGE_USDT,94
0.08435,,0.0001185536455248215,0.0001185536455248215,0.0008298755186721962,-0.00011855364552459946,0.002015411973918191,-0.14690166647655412,-0.4222270477739925,0.03794477152242413,-0.28919539876390254,2,738520.0,0.379924871055396,0.08437288886476113,1.1851852018334168,1943858.0,0.08439,0.08435,1789196100,2026-09-12T06:55:00+00:00,0.08438,B-DOGE_USDT,80
0.08434,,0.00035570310647381476,0.0005928385107898393,0.0008299739151056418,0.00035570310647381476,0.0022527863410006788,-0.048664453458292095,0.38031634089663424,0.1208611348319003,-0.007916404290083848,2,-181162.0,-0.3125659942442667,0.08436190158170448,1.1853959264025784,579596.0,0.08437,0.08434,1789196160,2026-09-12T06:56:00+00:00,0.08437,B-DOGE_USDT,45
0.08437,,-0.00011852554225433298,0.00047410216901733193,0.0005926277112717759,-0.00011852554225433298,0.0022519853028326597,-0.1170230902120521,0.03429590675323009,0.06305895751969413,-0.23097969042292912,2,-422080.0,-0.4940977051053329,0.08436517147953376,1.185325668226886,854244.0,0.08437,0.08435,1789196220,2026-09-12T06:57:00+00:00,0.08435,B-DOGE_USDT,38
0.08436,,0.00035561877667134034,0.00047415836889519447,0.0016595542911332917,0.00011853959222385413,0.0023707918444759724,-0.17290644092942548,0.06939554124507208,0.08223963779805904,-0.3016960178266649,2,435721.0,0.25241263450593054,0.08435534697770623,1.1854661845782706,1726225.0,0.08437,0.08435,1789196280,2026-09-12T06:58:00+00:00,0.08437,B-DOGE_USDT,46
0.08437,,0.00047410216901733193,0.00035557662676310997,0.0016593575915611058,-0.00011852554225433298,,-0.10173267097739727,-0.02075752813561399,0.04211346746316023,-0.355523100738385,2,-8319.0,-0.011111333720673973,0.08436489621235932,1.185325668226886,748695.0,0.08438,0.08436,1789196340,2026-09-12T06:59:00+00:00,0.08436,B-DOGE_USDT,49
0.08436,,0.00047415836889519447,0.0007112375533426807,0.0018966334755807779,0.00035561877667134034,,-0.08890142910436818,-0.2670759037077415,-0.033463445958828525,-0.2102729276754807,2,-671389.0,-0.8732277309623742,0.08437366462048146,1.1851852018334168,768859.0,0.08439,0.08436,1789196400,2026-09-12T07:00:00+00:00,0.08438,B-DOGE_USDT,53
0.08439,,0.0001184974523047444,0.0002369949046094888,0.0016589643322666436,0.0002369949046094888,,0.032346319486880035,-0.1103494607013733,-0.011221521222702611,-0.1290381469592512,2,999646.0,0.7494317295812492,0.08438444825269649,1.1850447354399478,1333872.0,0.08439,0.08436,1789196460,2026-09-12T07:01:00+00:00,0.08437,B-DOGE_USDT,71
0.08441,,0.00011846937566639681,0.00011846937566639681,0.0017770406349957302,-0.00011846937566639681,,0.028085576845914006,0.1616331764873894,-0.025815235512683204,0.021449579945399887,2,1076266.0,0.9249624863997085,0.08439580816588244,1.1849043356126416,1163578.0,0.08441,0.08438,1789196520,2026-09-12T07:02:00+00:00,0.08439,B-DOGE_USDT,65
0.0844,,0.00011848341232223447,0.0011848341232227888,0.0018957345971564177,0.0,,-0.0233003425569879,-0.3548624827792255,-0.04136725664885459,-0.026540419987971166,1,-22252.0,-0.14284797206208996,0.08440322568758611,1.1847639357853352,155774.0,0.08441,0.0844,1789196580,2026-09-12T07:03:00+00:00,0.08441,B-DOGE_USDT,62
0.0844,,0.00023696682464446894,0.0013033175355450233,,0.00023696682464446894,,-0.009948949248047768,-0.17796273761530587,-0.044419453909671024,0.006603241889218681,2,361783.0,0.32742587546190666,0.08440411018631191,1.1847639357853352,1104931.0,0.08441,0.08439,1789196640,2026-09-12T07:04:00+00:00,0.0844,B-DOGE_USDT,67
0.08442,,0.0009476427386876374,0.0011845534233594357,,-0.00011845534233589916,,-0.0035168243532180607,-0.615529743536543,-0.06928604726010415,-0.008765040658907215,2,248655.0,0.6922832777903063,0.08441192235128231,1.1846236024801713,359181.0,0.08443,0.0844,1789196700,2026-09-12T07:05:00+00:00,0.08441,B-DOGE_USDT,96
0.08441,,0.0011846937566639681,0.0014216325079965397,,0.00011846937566639681,,0.016299424708196716,0.32698222203237637,-0.005863477740693604,0.11744596050960256,2,-292019.0,-0.6798681327891638,0.08441663491111015,1.1846235858551353,429523.0,0.08442,0.0844,1789196760,2026-09-12T07:06:00+00:00,0.08442,B-DOGE_USDT,94
0.08442,,0.0011845534233594357,0.0016583747927032544,,0.0009476427386876374,,-0.04052764470788947,-0.014029246538446116,-0.044407324163234174,0.03086553297904129,2,470936.0,0.9047727002009598,0.0844099298537673,1.1846937608202353,520502.0,0.08442,0.0844,1789196820,2026-09-12T07:07:00+00:00,0.08441,B-DOGE_USDT,93
0.0845,,0.000355029585798583,0.0007100591715976101,,0.00011834319526626835,,0.02144866073232111,-0.12348250492335633,-0.09349485394272983,0.02093187294701493,3,1846834.0,0.9813156018231688,0.0844543825874754,1.1840626512744732,1881998.0,0.0845,0.08442,1789196880,2026-09-12T07:08:00+00:00,0.08442,B-DOGE_USDT,107
0.08451,,0.0005916459590580292,,,0.00011832919181165025,,0.07314300785425609,0.6098705248826558,-0.07733769938600289,0.36292677204823387,2,-3639.0,-0.0026809177446696594,0.08450304935262443,1.1834319568066085,1357371.0,0.08452,0.08449,1789196940,2026-09-12T07:09:00+00:00,0.0845,B-DOGE_USDT,123
0.08452,,0.0004732607666824151,,,0.00011831519167060378,,0.1137731395295284,0.7033356798682935,-0.020480393775532225,0.28040432911530333,2,101164.0,0.18401417340594659,0.08450851667839934,1.183361931246213,549762.0,0.08452,0.0845,1789197000,2026-09-12T07:10:00+00:00,0.08451,B-DOGE_USDT,109
0.08453,,,,,0.00035490358452627824,,0.11197102415668445,0.3044252689519944,-0.05805455012114956,0.15596200743982183,2,125170.0,0.241988493125261,0.08451652212634478,1.183221929834649,517256.0,0.08453,0.0845,1789197060,2026-09-12T07:11:00+00:00,0.08452,B-DOGE_USDT,116
0.08456,,,,,0.0,,0.06812157373074122,0.5962332418471327,-0.05672406713724744,0.08770762375143884,2,-217514.0,-0.07918526338781899,0.08453798116620923,1.1829419932491037,2746900.0,0.08456,0.08452,1789197120,2026-09-12T07:12:00+00:00,0.08453,B-DOGE_USDT,132
0.08456,,,,,,,,,,,0,91262.0,0.9265553931124106,,,98496.0,0.08456,0.08455,1789197180,2026-09-12T07:13:00+00:00,0.08455,B-DOGE_USDT,22
2510.34,-0.00033063250396359045,0.00025096202108065846,0.00017527506234227275,0.00026689611765728927,-0.00013543982090080675,0.00034656660054022126,0.2942663095315129,0.25919394648577193,0.2976413613148018,0.2622927890295289,4,219.60700000000006,0.7726845710787335,2510.1662959697323,0.03983801883770409,284.21299999999997,2510.34,2509.88,1789191720,2026-09-12T05:42:00+00:00,2509.92,B-ETH_USDT,168
2510.0,7.968127490043386e-05,0.00035856573705173034,0.0004860557768924245,0.0004581673306773837,0.0001752988047809545,0.00024302788844621226,-0.3824885276457035,-0.3370418957673285,-0.19059325525481383,-0.3609882909665147,6,172.66000000000014,0.39051862574355983,2510.171648123854,0.03983788647703739,442.13000000000005,2510.34,2510.0,1789191780,2026-09-12T05:43:00+00:00,2510.34,B-ETH_USDT,172
2510.44,-0.0003585028919234068,0.0001354344258377438,0.0002190851006196315,0.0002310351970171709,0.00021111836968801256,6.77172129188719e-05,0.7294603526310777,0.6848004478936867,0.8255065208201751,0.7167793767551567,4,168.23600000000002,0.6523961314440387,2510.29092400224,0.03983607461204558,257.87399999999997,2510.44,2510.0,1789191840,2026-09-12T05:44:00+00:00,2510.01,B-ETH_USDT,179
2510.97,-0.0006212738503447168,9.95631170424005e-05,0.00010354564172421199,-2.7877672771792206e-05,-2.7877672771792206e-05,-0.00019514370940310055,0.1427993008672054,0.15716077278617732,0.33297139176230717,0.14647493827549093,5,150.98600000000002,0.37149690226511095,2510.791785803864,0.03982808622231243,406.4260000000001,2510.98,2510.43,1789191900,2026-09-12T05:45:00+00:00,2510.44,B-ETH_USDT,216
2510.9,-0.00017921860687408753,3.5843721374773096e-05,9.160062129121016e-05,5.973953562476986e-05,-4.7791628499660455e-05,-0.00010354852841620854,0.4400864350364545,0.32119528283867377,0.442715006403055,0.46476759214939733,5,12.698999999999987,0.03470440179383957,2510.8366059764144,0.03982738819752245,365.91900000000015,2510.98,2510.61,1789191960,2026-09-12T05:46:00+00:00,2510.98,B-ETH_USDT,206
2510.78,0.00014736456399999653,0.0001792271724323502,9.160499924321108e-05,0.00017126152032420627,0.00017524434637827824,-0.00015931304216221243,0.7049407971364829,0.6193197013890702,0.7183931845414842,0.6028741652331706,4,-196.08900000000003,-0.41450576768195646,2510.670596598507,0.039830045229093156,473.06699999999984,2510.78,2510.6,1789192020,2026-09-12T05:47:00+00:00,2510.63,B-ETH_USDT,185
2511.22,0.00013141023088403259,-3.583915387728176e-05,-2.787489746003402e-05,-0.00024290982072450173,-9.158894879779389e-05,-0.00031060600027066343,0.6741651478683957,0.7990100711666055,0.615860437305754,0.6631731032820154,4,71.62399999999998,0.34612001894323785,2511.028995050356,0.039824374769826906,206.934,2511.23,2510.77,1789192080,2026-09-12T05:48:00+00:00,2510.78,B-ETH_USDT,204
2510.99,3.982492960963313e-06,7.96498592214867e-06,1.194747888288994e-05,-0.00015133473251571772,9.557983106267542e-05,-0.0002270020987736876,0.35156457365526,0.3422001534972874,0.06142836503729801,0.32191263254581926,3,45.54999999999999,0.17919525398124256,2510.9867110007676,0.03982500890990401,254.1919999999999,2511.17,2510.98,1789192140,2026-09-12T05:49:00+00:00,2511.17,B-ETH_USDT,154
2511.23,3.58390111618867e-05,-3.185689881046727e-05,-0.00013140970759351056,-0.0002986584263487968,-3.982112351319511e-05,-0.0003384795498619919,0.38150097305564046,0.6817777900492296,0.27032315816951374,0.5180860020020135,3,116.27300000000001,0.7615420386295613,2511.1417422222835,0.03982257719747919,152.68099999999995,2511.24,2510.98,1789192200,2026-09-12T05:50:00+00:00,2510.98,B-ETH_USDT,146
2511.13,3.185816743855874e-05,-4.380498022804602e-05,-3.185816743855874e-05,-0.00019513127556125553,-4.7787251157838107e-05,-0.0005535356592452079,0.47323588801037775,0.5186861546522825,0.42013342506779516,0.4870347347491575,4,1.3119999999999838,0.008372686662412148,2511.072593430774,0.03982366084891428,156.70000000000002,2511.24,2511.01,1789192260,2026-09-12T05:51:00+00:00,2511.23,B-ETH_USDT,155
2511.01,5.973691861038688e-05,-4.380707364770586e-05,7.964922481384917e-05,-0.00025089505816389135,5.5754457369605603e-05,-0.0005615270349382806,-0.5634596503639342,-0.4833777743124712,-0.2876113717781339,-0.5268259472313187,2,-31.075,-0.10153602854444876,2511.0125831111286,0.039824533106188255,306.049,2511.13,2511.01,1789192320,2026-09-12T05:52:00+00:00,2511.12,B-ETH_USDT,149
2511.15,-5.5751348983501536e-05,-3.9822392131072526e-05,-0.00021504091750790266,-0.00028273898413078147,-5.1769109770449795e-05,-0.0004937976624256324,-0.38679012815646463,-0.45681880172019373,-0.28667703290226154,-0.4059154689319732,4,87.74500000000002,0.3434851539410075,2511.2427159059916,0.03982088569096942,255.45499999999984,2511.32,2511.01,1789192380,2026-09-12T05:53:00+00:00,2511.02,B-ETH_USDT,185
2511.02,-9.956113451903281e-05,7.56664622345582e-05,-0.00016328026061118717,-0.00023894672284563434,-4.7789344569060255e-05,-0.00044205143726461227,-0.14265334442783997,-0.15586971697949498,-0.09673540201504212,-0.1174986134324861,5,307.9660000000001,0.4216067179769406,2511.1542206514155,0.039822312895066325,730.4580000000001,2511.32,2511.02,1789192440,2026-09-12T05:54:00+00:00,2511.14,B-ETH_USDT,204
2510.9,0.0003425066709148439,-0.00011549643554098488,-0.00016727069974908915,-0.00020709705683219504,5.973953562476986e-05,-0.0003345413994982893,-0.3716182588715371,-0.2602121306977666,-0.3573241037959052,-0.2554621907704895,3,25.691999999999997,0.2499610834371108,2510.8936989393465,0.039826436391080786,102.784,2511.02,2510.89,1789192500,2026-09-12T05:55:00+00:00,2511.02,B-ETH_USDT,128
2511.05,0.00022301427689619402,-0.00017522550327553343,-0.00016327830987050707,-0.0005216941120249619,6.37183648273254e-05,-0.0005933772724557862,0.29509453779181716,0.19819198100012164,0.23144755626167904,0.28402150710217094,7,-400.7959999999999,-0.4428890622548228,2511.0002766741904,0.03982478238834998,904.958,2511.07,2510.83,1789192560,2026-09-12T05:56:00+00:00,2510.9,B-ETH_USDT,212
2511.21,0.0001592857626404598,-0.0002906965168185671,-0.00033051795747862656,-0.0006411251946273344,-0.00023892864396046765,-0.0006769644912213435,0.3715663497842261,0.3357116106391854,0.3045896057327851,0.28218440751220325,11,-204.7199999999998,-0.1433109649128946,2511.097587648963,0.039823250268736204,1428.5020000000002,2511.47,2510.69,1789192620,2026-09-12T05:57:00+00:00,2511.05,B-ETH_USDT,281
2510.61,0.0003983095741673104,1.194928722481059e-05,-6.771262760840724e-05,-0.0002788167019172061,0.0,-0.0001633069254086683,-0.14328069169474775,-0.39955654141108715,0.10069856023612228,-0.1562176917217556,8,-667.6499999999999,-0.805846171672452,2510.819252217293,0.03982760636348034,828.508,2511.21,2510.61,1789192680,2026-09-12T05:58:00+00:00,2511.21,B-ETH_USDT,176
2510.61,0.0002031378828251107,-9.161120205847251e-05,-7.567881909176233e-05,-0.0002788167019172061,-5.178024464180808e-05,-0.0004261912443590532,0.408820754817927,0.29327384956036084,0.6336174162368874,0.2858022406279567,8,111.89400000000009,0.08866528999621237,2510.472716369248,0.039833158860081826,1261.9820000000002,2510.87,2510.37,1789192740,2026-09-12T05:59:00+00:00,2510.6,B-ETH_USDT,196
2510.48,0.0009559924795259356,-1.5933207992091525e-05,-3.983301998022881e-05,-0.00016729868391707203,6.37328319683661e-05,-0.00042621331378867033,-0.3868278917329344,-0.3429048600323677,0.14952791600789758,-0.3950235334879353,5,-9.908000000000014,-0.018428962561752305,2510.6052854757,0.03983100519228405,537.632,2510.92,2510.48,1789192800,2026-09-12T06:00:00+00:00,2510.92,B-ETH_USDT,211
2510.64,0.0009360163145650802,-8.762705923581748e-05,-0.00035847433323776823,-0.00043016919988525526,-0.00010355925182414794,-7.567791479468067e-05,-0.06269364213721093,-0.13251099242286016,0.42998204343491175,-0.1351143640979523,2,185.21499999999995,0.29248922599279575,2510.5593374450377,0.03983175071971185,633.2369999999999,2510.64,2510.47,1789192860,2026-09-12T06:01:00+00:00,2510.49,B-ETH_USDT,152
2510.38,0.0012428397294432791,0.0,-0.0003107099323609308,-0.0003465610784024742,2.3900764027695587e-05,0.0003067264716896112,0.11854274305747033,-0.0179727353467773,0.16891930168231525,-0.02568921433686257,6,-19.806999999999963,-0.03871617197196994,2510.599910136323,0.03983111634949835,511.59499999999997,2510.91,2510.37,1789192920,2026-09-12T06:02:00+00:00,2510.63,B-ETH_USDT,206
2510.44,0.0011312757922914418,-0.0002788355826071065,-0.0002111183696882346,-9.560077117964916e-05,-7.966730931618926e-06,0.0004421535667054055,0.607913625541336,0.1526590368179078,0.6889388444893793,0.144314657376682,3,157.507,0.7057492483544453,2510.4924299618506,0.039832834892218005,223.17699999999996,2510.58,2510.37,1789192980,2026-09-12T06:03:00+00:00,2510.38,B-ETH_USDT,150
2510.42,0.0008365134120982276,-0.00032663857043846445,-0.00020315325722397581,-0.0003505389536412329,-1.5933588801808618e-05,0.00023103703762705763,0.372783159604019,-0.7436887831672666,0.32586369372983626,-0.20073825308523738,2,-30.331,-0.22000188587551778,2510.421281556084,0.03983389266907776,137.86699999999996,2510.44,2510.41,1789193040,2026-09-12T06:04:00+00:00,2510.44,B-ETH_USDT,102
2510.38,0.0009281463364112508,-0.00018722265155091122,-0.0001274707414814502,-0.0003863956851154482,-0.0002549414829629004,0.0003744453031016004,0.44964293044025394,0.5094727695945602,0.5545497474624959,0.4842950586264302,2,-270.921,-0.6847508776718757,2510.377547363848,0.039834686053750054,395.64900000000006,2510.38,2510.37,1789193100,2026-09-12T06:05:00+00:00,2510.38,B-ETH_USDT,125
2509.74,0.001338784097157486,6.773610015375908e-05,-7.172057663340503e-05,0.0002828978300541962,-5.5782670714821236e-05,0.0005857180425064001,-0.42837069096714,-0.38824271384198344,-0.16278785229197762,-0.3925130824445613,5,-1193.8020000000004,-0.5044657269821526,2510.051058786431,0.039839796549907866,2366.467999999999,2510.38,2509.73,1789193160,2026-09-12T06:06:00+00:00,2510.37,B-ETH_USDT,172
2509.6,0.0016138029964936074,0.00018329614281165085,-3.586228881080622e-05,0.0006176283073000555,0.0001235256614600111,0.000621613006056787,-0.701622472232821,-0.6721591344539051,-0.5541322795641351,-0.6946875782750835,2,0.46400000000000485,0.003097421930281337,2509.616639204328,0.03984667001770488,149.802,2509.74,2509.59,1789193220,2026-09-12T06:07:00+00:00,2509.74,B-ETH_USDT,134
2509.91,0.0014701722372516546,-0.00013944723117553792,0.00011554199154550915,0.0006534098832229329,0.0,0.0004382627265520078,0.40145176544063443,0.4235268697935638,0.34431731942570365,0.4333463265130374,4,263.5520000000001,0.43048858572791315,2509.757117634349,0.03984452676163821,612.216,2509.91,2509.59,1789193280,2026-09-12T06:08:00+00:00,2509.59,B-ETH_USDT,148
2509.91,0.0018287508317031964,-0.0001593682642005989,-0.00014741564438558452,0.000434278519946929,5.976309907529398e-05,0.0003426417680316707,0.3771818616375356,0.378173974062427,0.21686902225085483,0.4317057508443134,1,-56.988999999999976,-0.2857264618732231,2509.906890869871,0.039842145418904434,199.45300000000003,2509.91,2509.9,1789193340,2026-09-12T06:09:00+00:00,2509.91,B-ETH_USDT,103
2510.06,0.0016931866170530885,5.577555914992871e-05,-0.0002589579531964148,0.0005019800323498025,-0.00019919842553561828,0.0006772746468213242,-0.1337395554861513,-0.09628691734880068,-0.13896326074598844,-0.16659258800861323,3,567.1500000000002,0.8326262041993198,2509.95118523208,0.03984140467576886,681.1579999999999,2510.06,2509.9,1789193400,2026-09-12T06:10:00+00:00,2509.91,B-ETH_USDT,136
2509.56,0.0019047163646217502,-7.969524538187223e-06,0.0003546438419483877,0.000657485774398836,-1.9923811345301523e-05,0.0008168762651621364,0.08035523074464994,0.1109449876733502,0.08890991916760325,0.0478876128440027,6,-230.55699999999996,-0.3019465169486974,2509.6472213916054,0.03984624706680093,763.5690000000001,2510.06,2509.21,1789193460,2026-09-12T06:11:00+00:00,2510.06,B-ETH_USDT,226
2509.51,0.0027734497969722494,-3.984841662330041e-05,0.0006535140326198174,0.0006574988742820143,0.0002749540746995738,0.000836816749086422,,,,,0,11.781999999999998,0.21588243916739958,,,54.57599999999999,2509.51,2509.5,1789193520,2026-09-12T06:12:00+00:00,2509.5,B-ETH_USDT,49
2510.2,0.0026053700900325882,9.959365787581831e-05,0.0005378057525298185,0.00032268345151797995,-0.0002629272567922225,0.0005617082304198995,0.4180649987143215,0.5006933663308359,0.4503341974205522,0.4531375337706671,6,291.4759999999999,0.6370336049235932,2509.9558368001653,0.03984137858995085,457.55199999999996,2510.21,2509.51,1789193580,2026-09-12T06:13:00+00:00,2509.51,B-ETH_USDT,179
2509.54,0.0032037743969013377,0.0006415518381854834,0.0005817799277956226,0.0004901296651975695,-5.1802322338034834e-05,0.0006295974561074669,0.11491764206797885,0.14291546418698178,0.09781015746161607,0.135639891972111,7,-257.66299999999995,-0.5163473350286867,2509.8257145773205,0.039843415687246524,499.01099999999997,2510.21,2509.54,1789193640,2026-09-12T06:14:00+00:00,2510.2,B-ETH_USDT,216
2509.41,0.0031680753643288373,0.0008527900980710434,0.0007611350875307288,0.0009364751076947897,0.0004144400476606691,0.0013827951590215104,-0.039604354637349404,0.0032371232315189513,-0.028146065198897747,0.0104396755489784,3,-41.08400000000001,-0.24675964299013797,2509.4483495189493,0.03984939587277345,166.49399999999991,2509.54,2509.4,1789193700,2026-09-12T06:15:00+00:00,2509.53,B-ETH_USDT,104
2510.45,0.0030791292397778225,0.00021908422792726867,0.0003027345694994743,0.00046206855344665954,0.00027883447190757416,0.0010117707980641377,0.09011790289954569,0.028827699938785995,0.031823880755305345,0.06644797766731532,6,57.886000000000145,0.04213555936654731,2510.198477471833,0.03983749029498058,1373.8039999999996,2510.85,2509.69,1789193760,2026-09-12T06:16:00+00:00,2509.69,B-ETH_USDT,297
2511.15,0.0037632160563885186,6.769806662298983e-05,3.9822392130517414e-06,0.00018318300380304464,0.00015928956852451215,0.000935826215080704,0.5726958301026421,0.7027414794906137,0.5170318435317259,0.6637601097484511,5,359.216,0.6899879372738241,2510.7865137073977,0.039828213322907965,520.6119999999999,2511.15,2510.44,1789193820,2026-09-12T06:17:00+00:00,2510.45,B-ETH_USDT,175
2511.55,0.003225100037825168,-0.00013537456948897741,-0.00021500666918838895,2.3889629909845667e-05,-0.00021898827417343725,0.0006888176623998099,0.16668927719451615,0.19735582157169118,0.10248503064861554,0.18319390457301804,8,125.73899999999995,0.20215370813685582,2511.703486779108,0.039813632846025404,621.9970000000002,2511.93,2511.14,1789193880,2026-09-12T06:18:00+00:00,2511.15,B-ETH_USDT,238
2511.0,0.0035125448028674455,6.371963361195832e-05,-9.159697331739824e-05,4.778972520913527e-05,0.00012743926722436072,0.0006053365193150473,-0.6279531267656921,-0.646010367068701,-0.6013290414165183,-0.6429551145758263,9,-152.2309999999999,-0.24957742784303744,2511.2784366148317,0.03982030439248311,609.955,2511.55,2511.0,1789193940,2026-09-12T06:19:00+00:00,2511.55,B-ETH_USDT,170
2511.32,0.0033010528327732658,-0.00012344105888539847,0.00017520666422443654,0.0006211872640682348,-4.3801666056109134e-05,0.0005534937801634499,0.012886889904754385,0.08436195985136176,0.026768960473687188,0.05164614650862481,10,196.66500000000002,0.3996825545215659,2511.2614218097997,0.0398206321290017,492.0529999999999,2511.58,2511.0,1789194000,2026-09-12T06:20:00+00:00,2511.0,B-ETH_USDT,238
2511.21,0.0035918939475392264,-0.00017521433890432814,0.0001592857626404598,0.0007088216437494133,-1.991072033014074e-05,0.000752625228475523,-0.19622732291120407,-0.26139364778402546,-0.14076135535777368,-0.26681330563690725,3,48.973,0.15545552949093563,2511.2070263650944,0.03982146713653383,315.0290000000002,2511.36,2511.0,1789194060,2026-09-12T06:21:00+00:00,2511.31,B-ETH_USDT,143
2511.16,0.0031618853438251104,0.0002389334012966593,0.0001792000509726055,0.0009318402650568824,-5.97333503240538e-05,0.0009915736153809362,0.17834552559084738,0.17135745191192445,0.1351924126286276,0.1635347565271907,6,51.986999999999924,0.12528889927868553,2510.9575234539257,0.03982545848657307,414.9369999999999,2511.21,2510.72,1789194120,2026-09-12T06:22:00+00:00,2511.21,B-ETH_USDT,221
2511.01,0.003329337597221649,0.00023894767444176956,0.00023894767444176956,0.0009040187016380319,-9.557906977675223e-05,0.0010314574613401462,0.33565839723684077,0.31768714095934725,0.40614764516389995,0.2949242080656279,2,-45.08199999999998,-0.2262357605259195,2511.156588435705,0.03982231283916578,199.26999999999998,2511.16,2511.01,1789194180,2026-09-12T06:23:00+00:00,2511.16,B-ETH_USDT,94
2510.77,0.003277878897708586,0.0003345587210299428,0.00013939946709573547,0.0006969973354786774,0.0003943013497851311,0.0014856000350489396,-0.4268256469144772,-0.4265672155766723,-0.46239219149547683,-0.4349375649312896,7,217.04600000000005,0.6031971008209527,2510.735724306779,0.03982892929391161,359.82599999999985,2511.01,2510.51,1789194240,2026-09-12T06:24:00+00:00,2511.01,B-ETH_USDT,183
2511.76,0.0027590215625696857,-5.9719081440978705e-05,0.00044590247475873035,0.00037822084912564335,-5.9719081440978705e-05,0.0010152243844951947,0.1801130790418835,0.23174098670601329,0.1262977891128665,0.22614512711593643,8,723.818,0.6251645356208824,2511.2599087049334,0.03982066817937156,1157.8039999999999,2511.76,2510.77,1789194300,2026-09-12T06:25:00+00:00,2510.77,B-ETH_USDT,223
2511.61,0.0024327025294530458,-0.00019509398354056184,0.0005494483618075918,0.0005932449703576204,0.0,0.0010869521940111149,-0.31503280812307144,-0.25765821807237915,-0.3609094446622966,-0.25976018920554955,4,169.47900000000016,0.40197192251772373,2511.7387117089097,0.03981303802094964,421.61899999999997,2511.85,2511.6,1789194360,2026-09-12T06:26:00+00:00,2511.76,B-ETH_USDT,123
2511.61,0.002783075397852386,0.0005056517532577853,0.0007525053650845326,0.0008122280131070969,0.0,0.0019350137959315283,-0.31690432140646296,-0.2769083946147353,-0.34870329864228755,-0.2771026000580767,2,130.779,0.6972016825090496,2511.603615458027,0.039815177944853106,187.577,2511.61,2511.6,1789194420,2026-09-12T06:27:00+00:00,2511.6,B-ETH_USDT,102
2511.61,0.0026238150031252516,0.0005494483618075918,0.0006649121479846976,0.0007923204637660941,-0.00019509398354056184,0.002042514562372144,-0.05191521205301666,0.1661745946645457,-0.15009971834241348,0.09578385134859595,2,71.13200000000002,0.3817446091427223,2511.6058308729735,0.039815177944853106,186.334,2511.61,2511.6,1789194480,2026-09-12T06:28:00+00:00,2511.6,B-ETH_USDT,102
2511.12,0.0028234413329510932,0.0009477842556309124,0.000557520150371138,0.0013460129344675664,0.0007008824747523068,0.002572557265283937,-0.6677465398277177,-0.6370908582194135,-0.4896931985256717,-0.6743146845904567,5,-221.66699999999997,-0.6681204544016011,2511.4358145457086,0.039817809710744057,331.777,2511.61,2511.11,1789194540,2026-09-12T06:29:00+00:00,2511.6,B-ETH_USDT,154
2512.88,0.0024473910413549405,0.00015917990512881453,-6.765145967979613e-05,0.0005690681608352399,4.377447391035183e-05,0.0017828149374423674,0.25239991644397447,0.31901265755240144,0.1970874817276281,0.3256635981884421,7,887.3860000000002,0.6116478220472401,2512.510880777573,0.039800848501228496,1450.8119999999994,2512.88,2511.12,1789194600,2026-09-12T06:30:00+00:00,2511.12,B-ETH_USDT,323
2512.99,0.002829298962590432,-0.00018702820146510035,4.3772557789756306e-05,0.0005372086637831508,0.00020294549520705196,0.002065268862987857,0.011870165698826596,0.01974855115967411,-0.12230329604594947,-0.00609280094269941,3,376.0830000000001,0.5405720462317077,2512.875098742756,0.03979505546522719,695.713,2512.99,2512.71,1789194660,2026-09-12T06:31:00+00:00,2512.87,B-ETH_USDT,265
2513.5,0.002928187785955938,-0.0003143027650686081,5.967774020287919e-05,0.001181619256017452,-8.752735229755615e-05,0.0028247463696040587,0.5462185362755843,0.3962728475848666,0.4444357161393486,0.5916579962536826,4,375.9580000000001,0.7589009241054671,2513.151981364238,0.039790701166873006,495.39799999999985,2513.5,2512.99,1789194720,2026-09-12T06:32:00+00:00,2512.99,B-ETH_USDT,283
2513.28,0.003067704354468903,-7.161955691381561e-05,0.0001273236567354008,0.0013766870384515073,-0.0003023936847467157,0.0025345365418893984,0.22043312331831916,0.1711641738100657,0.1475396593367425,0.20986499633815323,4,-305.154,-0.4303653579819987,2513.278355820869,0.03978868245475627,709.0579999999999,2513.5,2513.06,1789194780,2026-09-12T06:33:00+00:00,2513.49,B-ETH_USDT,285
2512.52,0.003494499546272456,0.00044974766370020625,0.0007880534284303575,0.002013914317099852,7.56212885868468e-05,0.0029054495088596255,0.36381701531743993,0.3558861009080235,0.3424819508346812,0.35748310981007153,14,-709.7029999999997,-0.17964112931701975,2513.559636573362,0.039784247039206036,3950.6710000000003,2514.39,2512.48,1789194840,2026-09-12T06:34:00+00:00,2513.27,B-ETH_USDT,530
2512.71,0.00336290300114217,0.00035419925100788063,0.0006367626984411512,0.0018505915923445748,0.0001552109077449515,0.002746039137027312,0.08346805946214078,0.08946653758990065,0.0710911139697929,0.08769669215002027,13,163.56799999999984,0.20149102967769897,2512.480062717303,0.039801318216716695,811.7879999999998,2512.86,2512.14,1789194900,2026-09-12T06:35:00+00:00,2512.64,B-ETH_USDT,585
2513.1,0.0031475070629900515,0.0005570808961044005,0.0004934145079782404,0.002021407823007415,0.0002188532091840223,0.002837133420874771,0.3821912354176987,0.4055650706854059,0.34836072708535193,0.3999036454686853,4,93.50199999999998,0.6172727032665242,2512.8845278253534,0.039794936896580535,151.47599999999994,2513.11,2512.7,1789194960,2026-09-12T06:36:00+00:00,2512.71,B-ETH_USDT,269
2513.65,0.0032621884510570798,0.000262566387523977,0.001121874564875558,0.002764903626200965,-1.9891392994297874e-05,0.0021681618363733612,-0.2225686161969325,-0.28556218248682214,-0.18658444159313736,-0.2624162819701139,11,221.32599999999996,0.3423597619077083,2513.6708449163602,0.03978243363956062,646.472,2513.93,2513.1,1789195020,2026-09-12T06:37:00+00:00,2513.11,B-ETH_USDT,425
2513.6,0.0036600891152134274,0.0002943984723107196,0.0012492043284531018,0.00240690642902619,0.00035805219605355987,0.002295512412476164,0.3472801502472437,0.36183258556331577,0.3655656673401122,0.34434890934986156,7,342.13300000000015,0.39254387726184325,2513.4225234486426,0.039786415223778834,871.5790000000002,2513.65,2513.24,1789195080,2026-09-12T06:38:00+00:00,2513.65,B-ETH_USDT,271
2514.5,0.0034798170610459422,0.0007834559554582565,0.0012248956054881077,0.0021157287731159435,-7.556174189704556e-05,0.001789620202823583,0.6976329078719927,0.6380630957871458,0.6949079382484687,0.6627826118643084,9,27.59100000000003,0.032063953589719495,2514.1459680932567,0.039774988870717044,860.4989999999998,2514.67,2513.79,1789195140,2026-09-12T06:39:00+00:00,2513.79,B-ETH_USDT,362
2514.31,0.003643146628697247,0.0009664679375256391,0.0012130564647956366,0.0021079341847267674,1.1931702932566068e-05,0.0017420286281326636,-0.4743291790629475,-0.47994517497446104,-0.2806226880391364,-0.5043890690132402,3,458.4770000000001,0.542645044993863,2514.395933607458,0.03977094588966692,844.8930000000004,2514.5,2514.3,1789195200,2026-09-12T06:40:00+00:00,2514.49,B-ETH_USDT,316
2514.34,0.0030465251318436692,0.001288608541406333,0.0015272397527779091,0.0023425630582976087,0.0008471408003689618,0.0013442891573931526,0.22314713107792122,0.28560738593438184,0.2551976174283097,0.25072326371830994,4,224.7370000000001,0.21557361245536016,2514.2764280369297,0.03977289680805186,1042.5069999999998,2514.35,2514.12,1789195260,2026-09-12T06:41:00+00:00,2514.3,B-ETH_USDT,264
2516.47,0.0027498837657513597,0.0003536700218957911,0.0016411878544151381,0.001045114783804424,0.00010729315270996409,0.0008464237602674451,-0.28758635408884586,-0.2926518459180849,-0.1793397283862325,-0.30581453091046845,9,1242.6089999999995,0.5415751590260782,2515.550203407437,0.03975271630781249,2294.4349999999995,2516.69,2514.14,1789195320,2026-09-12T06:42:00+00:00,2514.33,B-ETH_USDT,415
2516.74,0.002634360323275464,0.0005721687579964829,0.0011562576984514017,0.0010450026621742214,0.0003337651088313187,0.0005801155463018848,0.12253584942721363,0.13832913066368985,0.14888450099629386,0.12107220864226717,8,864.1410000000002,0.806561389000634,2516.449441645653,0.03973854090311832,1071.389,2516.93,2515.9,1789195380,2026-09-12T06:43:00+00:00,2516.07,B-ETH_USDT,413
2517.58,,0.0011995646613016664,0.000889743324939074,0.0005640337149166452,-8.738550512787935e-05,0.0002502403101392048,0.10107728736161489,0.11578525363043331,0.1117842493450838,0.09542606939091983,11,447.504,0.2381100351175908,2517.0692152899046,0.03972875468229443,1879.3999999999994,2517.69,2516.5,1789195440,2026-09-12T06:44:00+00:00,2516.74,B-ETH_USDT,509
2517.36,,0.0009096831601360655,0.0008937934979502682,0.0005283312676771512,0.0003257380748085126,0.0006633933962563177,0.17452462753439113,0.18803036512869795,0.11274373518048927,0.16771001992288326,8,1819.395,0.6282287278177918,2517.3621901518254,0.039724135957693585,2896.071,2517.58,2517.0,1789195500,2026-09-12T06:45:00+00:00,2517.58,B-ETH_USDT,493
2518.18,,0.00065126400813309,0.0008140800101661405,-0.00018267161203733284,0.0009610115241960315,0.0007624554241556503,0.20895376452662764,0.3003989029695198,0.3272676628878074,0.20498283989756022,7,807.5719999999997,0.41959726410604375,2517.4636448516576,0.03972254415597065,1924.6360000000002,2518.18,2517.15,1789195560,2026-09-12T06:46:00+00:00,2517.36,B-ETH_USDT,495
2520.6,,-0.0003927636277075708,-0.0005950964056177233,-0.0007934618741569643,-0.00037689439022448035,0.00010315004364058744,0.0700376398814924,0.10838176865590782,0.06936509179977463,0.1117067626258696,18,2445.9450000000015,0.5041332227760396,2518.625541908843,0.03970420877556304,4851.783,2520.61,2517.26,1789195620,2026-09-12T06:47:00+00:00,2518.04,B-ETH_USDT,900
2519.65,,0.00023019070108931672,-0.00011112654535361255,-0.0005754767527237359,6.746968825033228e-05,0.0005318198956203446,0.08071188445430662,0.07083379485417228,0.20015200473275563,0.07532833770698331,12,221.581,0.045533969589495384,2520.232020835641,0.03967889466874017,4866.2789999999995,2521.24,2519.34,1789195680,2026-09-12T06:48:00+00:00,2520.61,B-ETH_USDT,775
2519.82,,-0.00028573469533543783,-0.0003254200696876097,-0.0006389345270694236,-8.333928613946107e-05,0.0005873435404115668,0.17007109665561973,0.17365350355700632,0.17485302663185295,0.17470269091611262,10,115.40600000000005,0.10771272624096534,2520.1368682675175,0.039680398581794035,1071.424,2520.47,2519.64,1789195740,2026-09-12T06:49:00+00:00,2519.65,B-ETH_USDT,533
2519.61,,-9.525283674860496e-05,-0.00036513587420283766,-0.0002301943554756658,0.00024606982826713697,0.0006151745706675094,-0.49011286448786123,-0.43785373886111933,-0.32301520230701697,-0.4453615498142665,8,304.7399999999999,0.163312422226438,2519.5178107313063,0.03969009978951526,1865.994,2519.81,2519.31,1789195800,2026-09-12T06:50:00+00:00,2519.81,B-ETH_USDT,477
2520.23,,-0.00048805069378587973,-0.0009959408466688746,-5.1582593652232944e-05,-0.0004483717755919825,0.0003094955619131756,0.3246131576856817,0.41065181107778426,0.260224609706765,0.38551300928096904,7,318.3229999999998,0.25205257961094985,2520.114195148894,0.04534960742792138,1262.9230000000007,2520.5,2519.6,1789195860,2026-09-12T06:51:00+00:00,2519.61,B-ETH_USDT,411
2519.1,,-0.00016275654003405915,-0.0001984835854075273,0.0006986622206344162,0.00010718113611996039,0.0010916597197412337,-0.19556523576217102,-0.22752268253093902,-0.1711214630395638,-0.20617187816799337,10,-435.32699999999994,-0.3843013837699455,2519.5738623865877,0.03968923398039195,1132.7749999999999,2520.24,2519.09,1789195920,2026-09-12T06:52:00+00:00,2520.23,B-ETH_USDT,412
2519.37,,-0.0006549256361709777,-0.00046440181473939024,0.0006430178973313438,-0.00014686211235348523,0.0013614514739797023,-0.1309549970234994,-0.1298054399816049,-0.05553154966737518,-0.11291369096991961,9,131.64599999999982,0.09505798966280637,2519.4199065283556,0.03969166662793288,1384.9019999999994,2519.76,2518.99,1789195980,2026-09-12T06:53:00+00:00,2519.01,B-ETH_USDT,423
2519.0,,-0.00015879317189360087,-0.0003136165144899117,0.0009130607383882605,-0.00012306470821754623,0.0016871774513695925,-0.3019551616677258,-0.5667848401096273,-0.2716879259736903,-0.5569746626673484,4,-73.09600000000005,-0.09750553584291553,2519.1346660757995,0.03969612627943262,749.6599999999999,2519.38,2519.0,1789196040,2026-09-12T06:54:00+00:00,2519.37,B-ETH_USDT,288
2518.69,,-0.0001945455772645044,0.00013499080871404168,0.000980668522128525,-0.00038512083662545216,0.0018978119578032526,-0.3061630221398747,-0.2934866954477477,-0.2616505277414897,-0.2899634705080638,7,404.5959999999999,0.23201413889561087,2519.0135325665224,0.03969805687904737,1743.842,2519.38,2518.68,1789196100,2026-09-12T06:55:00+00:00,2519.0,B-ETH_USDT,358
2517.72,,0.0001946205296856629,0.0009452997156158549,0.0013067378421749432,0.000349522583925177,0.001699950749090462,0.31212740610095285,0.26293148424661694,0.36115971302610733,0.2919674430069508,5,-1307.7359999999999,-0.6440025253147039,2518.176314657421,0.03971129945901736,2030.6380000000001,2518.69,2517.69,1789196160,2026-09-12T06:56:00+00:00,2518.68,B-ETH_USDT,285
2518.6,,0.00017072977050758276,0.0008973239101088826,0.001290399428253819,-0.00015881839116971275,0.001901850234257152,0.4280360684415965,0.4326898534630708,0.41129428056466194,0.4390794453309143,6,-56.22799999999997,-0.08511166478464752,2518.278830115934,0.039709696135954736,660.638,2518.6,2517.87,1789196220,2026-09-12T06:57:00+00:00,2517.87,B-ETH_USDT,263
2518.2,,0.0007545071876737808,0.0011079342387418922,0.0018267016122628377,3.971090461574178e-06,0.0020530537685647943,-0.34783332921460025,-0.36336481818879524,-0.3129137207402514,-0.36195265547181354,9,767.3029999999999,0.5910464477654249,2518.202072064798,0.039710843556382436,1298.2109999999998,2518.42,2517.89,1789196280,2026-09-12T06:58:00+00:00,2518.41,B-ETH_USDT,318
2518.21,,0.001052334793365084,0.0012270620798107146,0.0020014216447397093,0.00032562812473946323,,0.44871716667237543,0.3954094350251271,0.42256271372212895,0.4034381268188762,2,-35.90799999999998,-0.07816826596541329,2518.156977047175,0.039711614266344814,459.3680000000001,2518.21,2518.0,1789196340,2026-09-12T06:59:00+00:00,2518.19,B-ETH_USDT,168
2519.03,,0.0007780772757766119,0.0008455635701041242,0.0017625832165553135,0.00042476667606172747,,-0.059171198645077194,-0.12481814549084083,-0.06766885447110825,-0.09243957819451565,4,372.9119999999998,0.5708844520512292,2518.971875909273,0.03969872637552878,653.218,2519.03,2518.2,1789196400,2026-09-12T07:00:00+00:00,2518.2,B-ETH_USDT,292
2520.1,,0.0004761715804928457,0.00036109678187390415,0.000753938335780413,0.00030157533431229844,,0.14116777986899068,0.12891666003858573,0.15149003966164631,0.14145827818593878,7,448.65400000000017,0.3769390786519877,2519.9599302975853,0.039683181292897475,1190.2559999999996,2520.36,2519.02,1789196460,2026-09-12T07:01:00+00:00,2519.02,B-ETH_USDT,445
2520.86,,0.00011900700554567933,0.0003927231183007418,0.0010036257467689325,5.1569702403053697e-05,,0.004271370840910175,0.04757364166998965,-0.0018097919467059717,0.056659647949796756,9,600.0279999999998,0.6872842314573638,2520.3952378682084,0.03967632126970614,873.0419999999999,2520.86,2520.0,1789196520,2026-09-12T07:02:00+00:00,2520.09,B-ETH_USDT,387
2520.99,,7.933391247272326e-06,0.0007179719078618252,0.0009440735584036464,0.0001229675643299455,,0.2353738749197929,0.16621085874085448,0.24126221661504607,0.15217299367378767,5,558.9759999999999,0.6050532231562403,2521.0158310542934,0.039666562882984716,923.8459999999999,2521.02,2520.85,1789196580,2026-09-12T07:03:00+00:00,2520.85,B-ETH_USDT,320
2521.3,,0.0002181414349740063,0.0007734105421806081,,-5.5526910720749e-05,,-0.13052633990472093,-0.08197394992495498,-0.12261442106821789,-0.09591006133549532,8,972.4289999999997,0.5396707795634923,2521.6420901302504,0.039656692387707415,1801.8929999999998,2522.11,2520.99,1789196640,2026-09-12T07:04:00+00:00,2520.99,B-ETH_USDT,530
2521.16,,0.00065049421694785,0.0009162449031399067,,-5.949642228164631e-05,,-0.21038726014276857,-0.23508216324481981,0.027158502976671883,-0.24739172858975175,13,400.75800000000015,0.2386640558561007,2521.3876707430295,0.039660681923204565,1679.1719999999993,2522.01,2521.1,1789196700,2026-09-12T07:05:00+00:00,2521.29,B-ETH_USDT,565
2521.01,,0.0008885327705958623,0.00039269975128997103,,0.00033319978897328184,,0.006524019137784202,-0.07728648660295402,0.009385245878349066,0.017787392388098105,12,-305.6560000000006,-0.17690985385617156,2520.7954469009005,0.03967001255528587,1727.750000000001,2521.52,2520.24,1789196760,2026-09-12T07:06:00+00:00,2521.01,B-ETH_USDT,562
2521.85,,0.0006423855502903919,0.0006106628070661202,,0.00037670757578767144,,0.2782269694048258,0.4421086193354921,0.29396073733295464,0.40643318673439505,6,221.09099999999995,0.33874696823677397,2521.6705438764297,0.03965628622599658,652.6729999999999,2521.92,2521.15,1789196820,2026-09-12T07:07:00+00:00,2521.15,B-ETH_USDT,359
2522.8,,-0.00031710797526562917,0.00022593943237669833,,0.00017837323608671518,,-0.28402569757633844,-0.2839360719867592,-0.17233004309579714,-0.28731169684958385,8,328.01500000000004,0.20327707319189287,2522.1960803196403,0.039647967078396115,1613.635,2522.8,2521.64,1789196880,2026-09-12T07:08:00+00:00,2521.85,B-ETH_USDT,461
2523.25,,5.548399881094568e-05,,,8.718914098881925e-05,,-0.20717237100278707,-0.19551910265035716,-0.21756819055136695,-0.23757310617146965,8,997.2319999999999,0.5464362779962892,2523.0765224044867,0.03963413745535061,1824.974,2523.68,2522.87,1789196940,2026-09-12T07:09:00+00:00,2523.03,B-ETH_USDT,482
2523.47,,-3.962797259327022e-05,,,-0.000582531197121372,,-0.18073264725532917,-0.06087988711702834,-0.07216657313901668,-0.18672476948127506,7,594.3769999999997,0.5965202974286609,2523.4604098862787,0.039628118459550866,996.4070000000002,2523.59,2523.24,1789197000,2026-09-12T07:10:00+00:00,2523.25,B-ETH_USDT,363
2522.0,,,,,0.0005511498810466531,,-0.3419170206898401,-0.37396585032362645,-0.26197449605576456,-0.35360330633567805,9,-640.4189999999999,-0.5289523436667599,2522.5653523929705,0.03964215568341094,1210.731,2523.47,2522.0,1789197060,2026-09-12T07:11:00+00:00,2523.46,B-ETH_USDT,404
2523.39,,,,,-7.925845786793673e-06,,0.47483354914621584,0.5273734241344691,0.42344105494612977,0.5130466798846366,11,831.1330000000002,0.6431091168375548,2522.8530914125754,0.039637704765720094,1292.367,2523.39,2522.0,1789197120,2026-09-12T07:12:00+00:00,2522.01,B-ETH_USDT,393
2523.37,,,,,,,,,,,0,-4.638000000000008,-0.03157722735876038,,,146.87800000000001,2523.39,2523.36,1789197180,2026-09-12T07:13:00+00:00,2523.39,B-ETH_USDT,61
101.57,-0.0009845426799250934,0.0,0.0,9.845426799248713e-05,-9.845426799237611e-05,0.0003938170719701706,0.04857314744767104,0.009059203898989066,0.012139997448323399,0.19280156669204984,2,2340.430000000001,0.6198714400358085,101.54504529601948,0.9847851088599814,3775.67,101.57,101.52,1789191720,2026-09-12T05:42:00+00:00,101.52,B-SOL_USDT,137
101.56,-9.846396218993192e-05,0.0002953918865695737,0.0002953918865695737,0.0001969279243796418,9.846396218970987e-05,9.846396218970987e-05,0.12045964841525256,-0.19837967389835892,0.07565326880182863,0.23693018524984016,2,-444.7199999999998,-0.33250093457943913,101.55400810163052,0.9846881095910562,1337.4999999999998,101.57,101.54,1789191780,2026-09-12T05:43:00+00:00,101.57,B-SOL_USDT,124
101.57,-0.0008860884119326062,0.0,9.845426799248713e-05,-9.845426799237611e-05,0.0,0.0002953628039774614,0.15512868321463358,0.33037870947243697,0.08040931787828345,0.26607518801118213,2,899.2199999999997,0.6239210679692486,101.56165189354735,0.984639624284747,1441.2399999999998,101.57,101.55,1789191840,2026-09-12T05:44:00+00:00,101.56,B-SOL_USDT,104
101.57,-0.000689179875947521,0.0001969085359851963,0.0001969085359851963,0.0,0.0001969085359851963,0.0,0.12343224826290658,-0.0639956601416721,0.04893166985253575,0.1328993777969117,2,178.08999999999995,0.7219181969273176,101.56468002169929,0.9845911485246793,246.68999999999994,101.57,101.56,1789191900,2026-09-12T05:45:00+00:00,101.57,B-SOL_USDT,115
101.59,-9.843488532346178e-05,-9.843488532346178e-05,-9.843488532346178e-05,-9.843488532346178e-05,-0.00019686977064681255,-0.00019686977064681255,0.05468311679446773,0.1895837327995462,0.07104496564450555,0.11008125207005368,2,1206.1300000000003,0.7657141768824954,101.585947918664,0.984397302751894,1575.17,101.59,101.57,1789191960,2026-09-12T05:46:00+00:00,101.57,B-SOL_USDT,135
101.57,0.0002953628039774614,0.0001969085359851963,9.845426799248713e-05,0.0003938170719701706,0.0001969085359851963,-9.845426799237611e-05,0.1448370761337873,0.30754370740400105,0.08032344863667411,0.12998055038136996,2,-740.6100000000001,-0.5332618103007569,101.58153771853702,0.9844457594244391,1388.8299999999997,101.59,101.57,1789192020,2026-09-12T05:47:00+00:00,101.59,B-SOL_USDT,143
101.59,0.0004921744266168648,-9.843488532346178e-05,-9.843488532346178e-05,-0.00019686977064681255,-9.843488532346178e-05,-0.00019686977064681255,0.020194463902535695,-0.17566898904111666,0.016466416612304545,-0.03811879946971882,2,1118.2299999999993,0.8771463309408947,101.5941216550548,0.9843004084837743,1274.8499999999997,101.6,101.58,1789192080,2026-09-12T05:48:00+00:00,101.58,B-SOL_USDT,88
101.58,0.00019688915140769758,0.0,-0.00019688915140769758,0.00019688915140769758,9.844457570395981e-05,-0.00019688915140769758,0.04778689277613807,-0.3597838265966878,0.04500241300429255,0.03438935678371026,2,664.5199999999998,0.29525823765684417,101.58320108086701,0.984397302751894,2250.64,101.6,101.57,1789192140,2026-09-12T05:49:00+00:00,101.6,B-SOL_USDT,65
101.59,0.0002953046559701633,-9.843488532346178e-05,-0.00019686977064681255,-0.00019686977064681255,-9.843488532346178e-05,-0.0004921744266167538,0.102714690077286,-0.30874352958179535,0.05310038508180716,0.0953914400186475,2,287.0600000000001,0.43293216300184006,101.5884562823521,0.9843488556178341,663.0600000000001,101.6,101.58,1789192200,2026-09-12T05:50:00+00:00,101.58,B-SOL_USDT,55
101.58,0.000984445757038932,-0.00019688915140769758,0.0,-9.844457570395981e-05,0.0,-0.000492222878519355,0.07066275110601657,-0.31159140592707646,0.05527169788552702,0.008669959621133722,2,-532.17,-0.6470702673783786,101.58344204297038,0.984397302751894,822.4300000000001,101.6,101.58,1789192260,2026-09-12T05:51:00+00:00,101.59,B-SOL_USDT,66
101.58,0.0008860011813349722,-9.844457570395981e-05,0.0002953337271116574,-0.00019688915140769758,0.0,-0.0008860011813349722,0.15646284610191663,0.32352278562430437,0.10042783361002282,0.19135655449024735,2,348.1199999999999,0.18289569082369247,101.57661761392814,0.9844942256382867,1903.3800000000006,101.6,101.56,1789192320,2026-09-12T05:52:00+00:00,101.58,B-SOL_USDT,97
101.58,0.0008860011813349722,0.0,-9.844457570395981e-05,-9.844457570395981e-05,-0.00019688915140769758,-0.0008860011813349722,0.05017554534823201,-0.2908189816191213,0.0303376489842256,-0.10002044045388389,2,1054.1999999999996,0.4810316033474175,101.5885459050919,0.9843488556178341,2191.5400000000004,101.6,101.58,1789192380,2026-09-12T05:53:00+00:00,101.58,B-SOL_USDT,75
101.56,0.0007877116975187892,0.0004923198109492155,0.0003938558487592836,0.0,9.846396218970987e-05,-0.0004923198109492155,0.022253318918711157,-0.5785257010125253,0.043216718197377504,-0.13534266821220758,2,-590.2900000000001,-0.8710838928650485,101.58210737149494,0.984397302751894,677.65,101.59,101.56,1789192440,2026-09-12T05:54:00+00:00,101.59,B-SOL_USDT,68
101.57,0.0011814512159102897,0.0,0.0,-0.0002953628039774614,9.845426799248713e-05,-0.00039381707196994853,0.155898369898623,0.16688064993031912,0.08910273586919391,-0.023747337662737004,2,891.06,0.5074604765592964,101.57583440324964,0.9844942160969843,1755.9200000000003,101.58,101.56,1789192500,2026-09-12T05:55:00+00:00,101.56,B-SOL_USDT,60
101.58,0.000984445757038932,0.00019688915140769758,-9.844457570395981e-05,-0.000492222878519355,0.0002953337271116574,-0.0011813349084466296,0.22527059300595767,0.4223754216364712,0.13081228146366633,0.21718300591762768,1,-266.3999999999999,-0.11356660527931246,101.56711187710818,0.9845911485246793,2345.7599999999993,101.59,101.56,1789192560,2026-09-12T05:56:00+00:00,101.58,B-SOL_USDT,74
101.61,0.0007873240822753313,-0.0003936620411377767,-0.0004920775514221098,-0.001180986123413108,-0.0003936620411377767,-0.0013778171439818854,0.024509667923846894,-0.012677097333125654,0.01229739978318193,-0.023248315643979035,2,288.7099999999999,0.08697525192426452,101.58493661451332,0.984397302751894,3319.4500000000007,101.61,101.58,1789192620,2026-09-12T05:57:00+00:00,101.6,B-SOL_USDT,78
101.57,0.000689179875947632,0.0,0.0,-0.0007876341439401191,0.0002953628039774614,-0.00019690853598497426,-0.056578964960701014,-0.31345371093178864,-0.05791709122554215,-0.12105009697025132,2,-1474.7200000000003,-0.35750094543620986,101.60343273144534,0.984203533291188,4125.079999999999,101.63,101.57,1789192680,2026-09-12T05:58:00+00:00,101.61,B-SOL_USDT,92
101.6,0.0002952755905512028,-0.0003937007874015297,-0.0003937007874015297,-0.0008858267716533863,-0.0002952755905512028,-0.001181102362204589,-0.05727683605236351,-0.592672323903897,0.01639986294001112,-0.05621196334336593,2,7093.589999999999,0.44803045317861667,101.59203663838048,0.9843004466306461,15832.830000000004,101.63,101.57,1789192740,2026-09-12T05:59:00+00:00,101.57,B-SOL_USDT,85
101.57,0.001476814019887751,0.0,-0.0002953628039774614,-0.00039381707196994853,0.0,-0.000689179875947521,-0.06305114827796103,-0.20095578297843342,-0.057194973436376396,-0.12162159444804616,2,-919.1800000000002,-0.6410170578964254,101.5939952210851,0.984300418021541,1433.9399999999998,101.61,101.56,1789192800,2026-09-12T06:00:00+00:00,101.6,B-SOL_USDT,106
101.57,0.0016737225558727253,-9.845426799237611e-05,-0.00039381707196994853,-0.0010829969479176915,-9.845426799237611e-05,9.845426799248713e-05,-0.11034491464149215,-0.10996753094948049,-0.03666303017718533,-0.14352055617649478,2,1606.4900000000002,0.81817255832667,101.56445016234524,0.9845911485246793,1963.5100000000004,101.57,101.56,1789192860,2026-09-12T06:01:00+00:00,101.57,B-SOL_USDT,144
101.56,0.0017723513194169982,-0.0001969279243796418,-0.0006892477353289683,-0.0008861756597086101,9.846396218970987e-05,0.0003938558487592836,-0.050849698192960896,0.39964079721319323,-0.013111604689358014,0.03846035413274407,2,-401.94999999999993,-0.2554025632390598,101.57199820398606,0.9845426823108319,1573.79,101.58,101.56,1789192920,2026-09-12T06:02:00+00:00,101.57,B-SOL_USDT,156
101.57,0.002067539627842896,-0.00039381707196994853,-0.0007876341439401191,-0.00019690853598497426,-9.845426799237611e-05,0.000689179875947632,0.104378428893173,0.36016572890769927,0.062360756777542346,0.1151754555545314,2,-687.6500000000005,-0.25301807718771524,101.56180082864452,0.984639624284747,2717.79,101.57,101.54,1789192980,2026-09-12T06:03:00+00:00,101.56,B-SOL_USDT,114
101.56,0.0011815675462780728,-0.0006892477353289683,-0.0004923198109492155,-0.0007877116975186782,-0.0001969279243796418,0.0003938558487592836,-0.013565685403246756,-0.20257836869330442,-0.007249842812116868,-0.03465426638221662,2,-407.43000000000006,-0.0959699815564648,101.56898710815653,0.9845426823108319,4245.389999999999,101.58,101.56,1789193040,2026-09-12T06:04:00+00:00,101.57,B-SOL_USDT,92
101.54,0.00137876698837891,-0.0004924167815639757,-9.848335631279515e-05,-0.0003939334252511806,-9.848335631279515e-05,0.0007878668505021391,0.0012374853751330045,-0.19566007703845556,0.004770027105600393,-0.06214901709425384,2,-395.5,-0.6992821528342585,101.5590216996148,0.984639624284747,565.58,101.57,101.54,1789193100,2026-09-12T06:05:00+00:00,101.56,B-SOL_USDT,105
101.53,0.0015758888998325116,-0.00019698611247898068,-0.000689451393676821,0.0004924652811977293,-0.0003939722249581834,0.0014773958435931878,-0.03717514249596318,-0.368080320293127,0.006418208319294887,-0.03695986021757441,2,-154.23000000000005,-0.24615752932726848,101.53815959839852,0.9848335655156037,626.55,101.55,101.53,1789193160,2026-09-12T06:06:00+00:00,101.55,B-SOL_USDT,95
101.49,0.0022662331264164948,0.0003941275002463662,-0.0001970637501230721,0.001083850625677396,0.0,0.001773573751108648,0.016611610102080628,-0.04033222934540304,0.03086469416158706,-0.0029858940639477527,2,-15260.39,-0.664022682365514,101.51979833885326,0.985027602277184,22981.729999999992,101.54,101.48,1789193220,2026-09-12T06:07:00+00:00,101.53,B-SOL_USDT,117
101.49,0.0014779781259237623,-0.00029559562518477467,0.0005911912503695493,0.0014779781259237623,0.0001970637501231831,0.001773573751108648,-0.07228606296293463,0.12377626223476634,0.005956838631016671,-0.045485687892387744,2,43.760000000000005,0.139594232486921,101.49561888131117,0.985270210355694,313.4800000000001,101.5,101.49,1789193280,2026-09-12T06:08:00+00:00,101.49,B-SOL_USDT,111
101.51,0.001871736774701871,-0.000394049847305733,-0.000295537385479272,0.000886612156437705,0.00019702492365269997,0.001280662003743327,-0.05921774704060569,0.1147990782069329,0.019444385994512085,-0.003736690309492396,2,258.9200000000003,0.08908983305118581,101.49557399539104,0.985270210355694,2906.2799999999997,101.51,101.49,1789193340,2026-09-12T06:09:00+00:00,101.5,B-SOL_USDT,86
101.53,0.0011819166748745502,0.0001969861124790917,-0.00029547916871863755,0.0008864375061559127,-0.000689451393676821,0.0015758888998325116,-0.16210102046925937,-0.541791490988108,-0.07826949403103103,-0.3012932061679443,2,2640.530000000001,0.5853393067338194,101.51729104254505,0.9850275831614452,4511.1100000000015,101.53,101.51,1789193400,2026-09-12T06:10:00+00:00,101.52,B-SOL_USDT,97
101.46,0.0016755371575005729,0.00019712201852950528,0.0011827321111768097,0.002168342203824336,9.856100926475264e-05,0.002168342203824336,-0.16999411660436367,-0.16806166382503235,-0.04803501996763426,-0.3000367663999395,2,-2949.84,-0.8251116058941339,101.48915969168087,0.9853187721398221,3575.08,101.53,101.46,1789193460,2026-09-12T06:11:00+00:00,101.52,B-SOL_USDT,85
101.47,0.003252192766334927,0.0002956538878486903,0.0012811668473440285,0.0019710259189908985,0.0007884103675963594,0.0021681285108898773,-0.1319086030923806,0.25602791278201176,-0.019303191359037856,-0.22519917965114755,1,4.639999999999992,0.0339181286549707,101.46628013956389,0.9855615236786197,136.79999999999998,101.47,101.46,1789193520,2026-09-12T06:12:00+00:00,101.47,B-SOL_USDT,40
101.55,0.0017725258493352936,0.0002954209748893266,0.0008862629246677578,0.0011816838995568624,-0.0006893156080747254,0.0008862629246677578,0.014256558544078682,-0.10714667799236145,-0.084951050277608,-0.06948110063237965,3,2284.2,0.7549177727248693,101.53779759994336,0.9848497304683272,3025.7599999999993,101.55,101.47,1789193580,2026-09-12T06:13:00+00:00,101.47,B-SOL_USDT,92
101.48,0.0022664564446195357,0.0011824990145841152,0.0011824990145841152,0.0015766653527788943,0.00019708316909738954,0.0014781237682301995,-0.10153791435818216,-0.09459092738581475,0.0517672005892024,-0.13927454741464187,3,-7855.239999999998,-0.9456943628466031,101.48452704536307,0.9853672956585608,8306.320000000002,101.55,101.47,1789193640,2026-09-12T06:14:00+00:00,101.55,B-SOL_USDT,84
101.5,0.0022660098522166994,0.0013793103448276334,0.001182266009852162,0.0018719211822659787,0.0007881773399014413,0.0021674876847290747,-0.13919681976070075,-0.32828299122378946,-0.06990813837482704,-0.31364156975295404,2,1457.5600000000006,0.7451738241308795,101.4933585850439,0.985270210355694,1956.0000000000005,101.5,101.48,1789193700,2026-09-12T06:15:00+00:00,101.48,B-SOL_USDT,82
101.58,0.001968891514077642,0.00019688915140769758,0.000984445757038932,0.000984445757038932,0.00019688915140769758,0.0015751132112620247,0.19079982835242304,0.2825601016528893,-0.015064181702559127,0.22618017512214952,3,3718.34,0.6386771419836003,101.5397461338416,0.9848497304683272,5821.939999999998,101.58,101.49,1789193760,2026-09-12T06:16:00+00:00,101.49,B-SOL_USDT,106
101.6,0.0021653543307087464,0.00019685039370087587,0.0006889763779527325,0.0008858267716536083,0.0003937007874015297,0.001377952755905465,0.03445611498114905,0.25094033017807643,-0.035595857638370504,0.14972135093807198,2,1099.0199999999998,0.8040589973954523,101.59625470165088,0.984300418021541,1366.8399999999997,101.61,101.57,1789193820,2026-09-12T06:17:00+00:00,101.57,B-SOL_USDT,92
101.64,0.0007870916961825181,0.00039354584809125903,0.0002951593860684998,0.0,-0.00039354584809137005,0.0013774104683195176,0.11468789119652828,-0.016589225060033276,0.06999489246920643,0.02553830641693479,2,3218.3,0.9118082038089518,101.6349170538747,0.9839130220893508,3529.5800000000004,101.64,101.6,1789193880,2026-09-12T06:18:00+00:00,101.61,B-SOL_USDT,123
101.6,0.001377952755905465,0.0006889763779527325,0.0003937007874015297,0.0002952755905512028,0.00019685039370087587,0.0007874015748032814,-0.004538451787727278,-0.27464295983949133,0.003842300886205072,-0.20658568382002385,2,2359.0899999999997,0.40665341660303067,101.60862678520081,0.9841551242906401,5801.2300000000005,101.64,101.58,1789193940,2026-09-12T06:19:00+00:00,101.63,B-SOL_USDT,103
101.62,0.0010824640818736242,0.0004920291281242939,0.0006888407793741447,0.0009840582562488098,0.0005904349537493303,0.0005904349537493303,0.12768381919587093,0.2624365718080072,0.10395716812056881,0.024959452027447752,2,1195.6900000000005,0.6002851591720346,101.61631218285905,0.9841066771643079,1991.87,101.63,101.6,1789194000,2026-09-12T06:20:00+00:00,101.61,B-SOL_USDT,98
101.68,0.0006884343036979157,-0.0003933910306845867,0.0,0.000590086546026658,-9.834775767114667e-05,9.834775767103565e-05,0.2211849921591495,0.40875645306871145,0.11566901158633595,0.25713130761824404,2,3353.3599999999997,0.9734669468990582,101.63704378226535,0.9839130316137643,3444.7599999999998,101.68,101.61,1789194060,2026-09-12T06:21:00+00:00,101.62,B-SOL_USDT,100
101.67,0.00039342972361544604,0.00019671486180783404,0.00019671486180783404,0.0006885020163271971,0.0,0.0004917871545195851,0.2375758510980163,0.5137300599455997,0.1689589242582223,0.3506443296265478,2,1064.09,0.49521349621873156,101.67256865029972,0.9835743114183708,2148.750000000001,101.68,101.66,1789194120,2026-09-12T06:22:00+00:00,101.68,B-SOL_USDT,94
101.67,0.00029507229271175106,9.835743090391702e-05,-0.00029507229271175106,0.0010819317399428652,-0.00029507229271175106,-0.00029507229271175106,0.201564021881495,0.08296046068222898,0.11385402571346641,0.23860472897335283,2,257.7100000000001,0.18735868672254988,101.6704148023034,0.9835743114183708,1375.4899999999998,101.68,101.66,1789194180,2026-09-12T06:23:00+00:00,101.67,B-SOL_USDT,96
101.64,0.0006887052341597588,0.0004919323101140183,-9.838646202287027e-05,0.00039354584809125903,0.0004919323101140183,0.0005903187721369996,0.06052449550778044,0.030679872653804046,0.08572519782699074,0.08117083790809418,3,-403.4,-0.3663808762624427,101.64515339936328,0.9838162231300226,1101.0400000000002,101.67,101.64,1789194240,2026-09-12T06:24:00+00:00,101.66,B-SOL_USDT,100
101.69,-0.00019667617268159798,-0.0004916904317041615,0.0002950142590225635,-9.833808634074348e-05,-9.833808634074348e-05,-0.000393352345363307,0.1315113581484305,-0.12578894133887517,0.0653747989627007,0.1669888175018578,2,1684.9499999999998,0.6454139773619597,101.6743710552933,0.9835259500103605,2610.6499999999996,101.69,101.64,1789194300,2026-09-12T06:25:00+00:00,101.64,B-SOL_USDT,72
101.68,-0.0003933910306845867,-0.0004917387883557334,0.000590086546026658,9.834775767103565e-05,9.834775767103565e-05,-0.0004917387883557334,0.14975485505170716,0.13965521724433813,0.034617343945547954,0.19426411551216688,1,93.58999999999983,0.06193788343050757,101.69569827608622,0.9833325138900749,1511.0299999999995,101.7,101.68,1789194360,2026-09-12T06:26:00+00:00,101.69,B-SOL_USDT,100
101.69,-0.000393352345363307,0.0002950142590225635,0.0004916904317042725,0.0002950142590225635,-0.0004916904317041615,0.0010817189497491775,0.2056418362579801,0.4078842255711793,0.09039494373780933,0.3067324880953327,2,35.32000000000001,0.09099340478153342,101.68703942112785,0.9834292176811629,388.15999999999997,101.69,101.68,1789194420,2026-09-12T06:27:00+00:00,101.68,B-SOL_USDT,101
101.64,0.0,0.0009838646202282586,0.0013774104683195176,0.0,-9.838646202287027e-05,0.0008854781582054994,0.09913642163895692,0.06299404243850666,0.03490831151558636,0.1334972099947304,2,-1602.56,-0.9182567240806322,101.6753149702122,0.9835259500103605,1745.219999999999,101.69,101.64,1789194480,2026-09-12T06:28:00+00:00,101.68,B-SOL_USDT,86
101.63,9.839614287132648e-05,0.001082357571583259,0.0004919807143561883,0.0006887730000983971,0.000885565285840828,0.0007871691429695016,-0.11419874097733272,0.031255120480894835,-0.01265696305112781,-0.15845124740982747,2,-1973.88,-0.6808642741835342,101.64015627560241,0.9838646226096868,2899.0799999999995,101.65,101.62,1789194540,2026-09-12T06:29:00+00:00,101.64,B-SOL_USDT,71
101.72,-0.0009830908375932923,0.0005898545025559976,-0.0003932363350372947,-0.0006881635863152935,0.00019661816751859185,9.830908375940695e-05,0.20671274220806407,0.3260438664478288,0.05234331331617335,0.24463771661437883,4,10936.759999999997,0.732824447940649,101.71574591312171,1.4746845928352879,14924.119999999995,101.73,101.62,1789194600,2026-09-12T06:30:00+00:00,101.62,B-SOL_USDT,186
101.74,-0.0005897385492430463,-0.0005897385492430463,-0.0004914487910359089,-0.0010811873402791772,0.0,0.0003931590328287715,0.12725573371243876,0.5003971713309603,0.06443592740810167,0.19222397099106361,2,2336.55,0.48262763590846297,101.72250198585667,0.9830908399692102,4841.309999999999,101.74,101.71,1789194660,2026-09-12T06:31:00+00:00,101.72,B-SOL_USDT,163
101.74,-0.00029486927462163415,-0.0005897385492430463,-0.00019657951641438576,0.0005897385492432683,0.0003931590328287715,0.000786318065657543,-0.0068675682480395205,-0.07174150493044204,-0.030111989036840696,-0.15048964710218718,2,1650.87,0.7224908860947846,101.73964129247534,0.9828975844456656,2284.97,101.75,101.73,1789194720,2026-09-12T06:32:00+00:00,101.75,B-SOL_USDT,150
101.78,-0.0008842601689920127,-0.0008842601689920127,-0.0013755158184318717,-0.00049125564943997,-0.000982511298879829,-0.0005895067793280084,0.08221107406727007,0.32561890564534823,0.036844354307528214,0.027936726963915418,3,2559.9700000000003,0.30921209178392106,101.76329476119487,0.982688309755391,8279.01,101.78,101.75,1789194780,2026-09-12T06:33:00+00:00,101.75,B-SOL_USDT,163
101.68,0.0,0.00039339103068436465,0.00019669551534229335,0.000295043273013329,0.0,0.000590086546026658,-0.19826812490560336,-0.4932157755645047,-0.1491725042134711,-0.2940870397320383,4,-3034.229999999999,-0.2716636210534985,101.73636979285348,1.474612563567517,11169.070000000002,101.82,101.66,1789194840,2026-09-12T06:34:00+00:00,101.78,B-SOL_USDT,155
101.68,9.834775767103565e-05,-0.0003933910306845867,-0.00029504327301344,0.0004917387883556223,9.834775767103565e-05,0.0004917387883556223,-0.25253160807180774,-0.1364192287036848,-0.1666204985444893,-0.20035091804142652,2,-197.00000000000043,-0.05034680515019715,101.6693179038565,0.9835743685100488,3912.86,101.7,101.64,1789194900,2026-09-12T06:35:00+00:00,101.67,B-SOL_USDT,150
101.69,-0.00019667617268159798,9.83380863408545e-05,-0.000590028518045016,0.0008850427770676905,0.0002950142590225635,0.000590028518045127,-0.11903832280978521,0.6490099438170704,-0.10617368251602348,-0.00257533342510602,2,547.1500000000001,0.7728871498594493,101.68824504971909,0.9834292176811629,707.9300000000002,101.69,101.68,1789194960,2026-09-12T06:36:00+00:00,101.69,B-SOL_USDT,142
101.72,-0.0004915454187967017,-0.0006881635863152935,0.0007864726700745894,0.0009830908375934033,-0.0007864726700747005,-9.830908375940695e-05,-0.08576964413338016,-0.05301913263857268,-0.06099431070869235,-0.1039488552813608,2,528.3200000000002,0.30676684744109345,101.7197349043368,0.9830908399692102,1722.2200000000007,101.73,101.69,1789195020,2026-09-12T06:37:00+00:00,101.69,B-SOL_USDT,123
101.64,0.0009838646202282586,-9.838646202287027e-05,0.0008854781582054994,0.0007870916961825181,0.0005903187721369996,0.0005903187721369996,-0.1324304068083141,-0.1413594757763864,0.07358490745319748,-0.11512288096085807,2,-38.19999999999974,-0.009187727889323895,101.66429320262111,0.9836226823395581,4157.719999999999,101.72,101.64,1789195080,2026-09-12T06:38:00+00:00,101.72,B-SOL_USDT,95
101.7,0.0003933136676499416,0.000983284169124854,9.83284169124854e-05,0.0003933136676499416,-0.000491642084562427,9.83284169124854e-05,-0.13389986119441205,-0.06388069694949108,-0.05954087639357897,-0.1747641913625618,2,1345.5600000000002,0.32706695640760114,101.65468059651525,0.9837194527347903,4114.020000000003,101.7,101.64,1789195140,2026-09-12T06:39:00+00:00,101.64,B-SOL_USDT,74
101.65,0.0006886374815542329,0.0007870142646335676,0.0007870142646335676,0.0007870142646335676,-0.0001967535661584474,0.0001967535661584474,-0.17023432361091126,-0.4701483276298602,-0.10212394244479081,-0.19439119609790897,2,-771.6799999999998,-0.5967120830175839,101.66264925836185,0.9836226918555421,1293.2199999999998,101.7,101.65,1789195200,2026-09-12T06:40:00+00:00,101.7,B-SOL_USDT,57
101.63,0.000885565285840828,0.0007871691429695016,0.0014759421430681208,0.0011807537144543634,0.0016727344288103296,9.839614287132648e-05,-0.14587631163360384,-0.5549447700689396,-0.06345128867571721,-0.21302984550428164,2,-848.3300000000005,-0.5976217145352977,101.64222527614966,0.9838162326516257,1419.5100000000002,101.66,101.63,1789195260,2026-09-12T06:41:00+00:00,101.66,B-SOL_USDT,84
101.8,-0.0006876227897838483,-0.0006876227897838483,0.00019646365422398837,-0.0008840864440078366,-0.0006876227897838483,-0.0014734774066796907,0.006477638479669881,0.21062791107901027,-0.059319877931644345,0.013747017049647123,2,11357.229999999998,0.7860202380367401,101.6810531395554,0.983477864462716,14449.029999999997,101.8,101.62,1789195320,2026-09-12T06:42:00+00:00,101.64,B-SOL_USDT,101
101.73,0.0,0.0004914971001670487,-9.829942003347636e-05,-0.00029489826010031805,-0.00019659884006695272,-0.0008846947803008431,0.07436221390480409,-0.18535498276374726,0.07682769193111494,-0.014095093416477817,2,-1937.8500000000004,-0.20120274146976594,101.75407322508619,0.9827526997767477,9631.329999999998,101.78,101.73,1789195380,2026-09-12T06:43:00+00:00,101.75,B-SOL_USDT,122
101.71,,0.0010815062432405487,0.0002949562481564527,0.0,0.00019663749877119052,-0.0006882312456985007,0.007416670565784071,0.4700180572261614,0.1419196114062841,-0.01762908389846051,2,845.4699999999999,0.7570808148645625,101.71735009028612,0.9831391633490749,1116.7499999999998,101.73,101.71,1789195440,2026-09-12T06:44:00+00:00,101.73,B-SOL_USDT,105
101.73,,-9.829942003347636e-05,0.0,-0.0005897965202005251,0.0004914971001670487,-0.0010812936203676848,-0.022414296467383382,-0.22440246503680247,0.011060457936678845,-0.20529567628558693,2,1777.0200000000002,0.8693155134627429,101.73387798767482,0.982945888827926,2044.1599999999996,101.74,101.71,1789195500,2026-09-12T06:45:00+00:00,101.72,B-SOL_USDT,87
101.78,,-0.00039300451955204263,-0.0002947533896640042,-0.0013755158184318717,0.0003930045195519316,-0.000982511298879829,0.0944283975864772,0.3204659882533488,0.07210142677784853,0.020187095775797262,2,1525.5,0.8849634528367561,101.73660232994126,0.982945888827926,1723.7999999999997,101.78,101.73,1789195560,2026-09-12T06:46:00+00:00,101.73,B-SOL_USDT,97
101.82,,-0.0008839127872715125,-0.001080337851109836,-0.0016696130426241407,-0.0009821253191906187,-0.001080337851109836,0.18002240045795462,0.5537628697454783,0.15247201355888282,0.15713072531212668,4,-1573.8700000000008,-0.14887929281224435,101.76276881434872,0.9827045946668111,10571.45,101.83,101.7,1789195620,2026-09-12T06:47:00+00:00,101.78,B-SOL_USDT,112
101.72,,0.0002949272512779988,-0.00019661816751859185,-0.0007864726700747005,0.00019661816751859185,-0.0002949272512779988,-0.25183276237354546,-0.31940869194192634,-0.1224443065105374,-0.28622466889816267,4,517.7299999999997,0.03957699331656165,101.74840295654027,0.982801179704444,13081.589999999998,101.85,101.7,1789195680,2026-09-12T06:48:00+00:00,101.82,B-SOL_USDT,131
101.74,,-0.00029486927462163415,-0.00029486927462163415,-0.0009828975820719288,-9.828975820713737e-05,-0.0005897385492430463,-0.08484139290180656,0.2062303837130129,0.020081963273760665,-0.030903018897665044,2,1384.8799999999997,0.33937148346370244,101.73603115191857,0.9829458983263752,4080.72,101.76,101.72,1789195740,2026-09-12T06:49:00+00:00,101.72,B-SOL_USDT,97
101.73,,-0.00029489826010031805,-0.0005897965202005251,-0.0010812936203676848,0.00019659884006673067,-0.0003931976801337944,-0.16026185624933545,-0.6076620424647626,-0.019738677375569783,-0.2470017658364193,2,947.9100000000001,0.26213382815330205,101.73196168978768,0.982945888827926,3616.13,101.74,101.71,1789195800,2026-09-12T06:50:00+00:00,101.74,B-SOL_USDT,83
101.75,,-0.00039312039312044966,-0.00108108108108107,-0.0006879606879606204,-0.00039312039312044966,-0.0007862407862407883,-0.04843336514710381,-0.07251529501483799,0.05030281976720237,-0.01988941208834482,2,2054.7700000000004,0.4970187630466914,101.74963742352494,0.9828009851746988,4134.189999999999,101.76,101.73,1789195860,2026-09-12T06:51:00+00:00,101.73,B-SOL_USDT,99
101.71,,-0.00039327499754193695,-0.0005899124963129054,0.0,-9.831874938537322e-05,-0.00039327499754193695,-0.006951396349215672,0.02835621085323084,-0.006430410500578056,-0.11394173113080336,2,-372.9899999999999,-0.1294371588302453,101.70514178105427,0.9832358291127187,2881.6300000000006,101.75,101.7,1789195920,2026-09-12T06:52:00+00:00,101.75,B-SOL_USDT,99
101.7,,-0.0005899705014749124,-0.0005899705014749124,-9.83284169124854e-05,9.83284169124854e-05,0.0003933136676499416,-0.036851076816401235,-0.23547262860994722,-0.008507121259806762,-0.2239164876847687,2,354.78000000000003,0.3058606479645499,101.70382263685696,0.9832358291127187,1159.94,101.71,101.7,1789195980,2026-09-12T06:53:00+00:00,101.71,B-SOL_USDT,87
101.71,,-0.0005899124963129054,-0.0006882312456985007,-0.0002949562481563417,-0.00039327499754193695,0.0002949562481564527,0.06418240916200452,0.46417866318552947,0.0460309681612775,0.03417938180368222,2,3158.5999999999976,0.921680770353078,101.70732089331592,0.9832358291127187,3426.999999999999,101.72,101.7,1789196040,2026-09-12T06:54:00+00:00,101.7,B-SOL_USDT,77
101.67,,-0.00029507229271175106,-0.0004917871545194741,0.00019671486180783404,-0.00029507229271175106,0.0004917871545195851,0.029822946597768095,-0.6262332593869635,0.04934143050260762,0.007766318644886569,2,-1256.76,-0.6136463511098524,101.67686883370305,0.9834775981148165,2048.02,101.72,101.66,1789196100,2026-09-12T06:55:00+00:00,101.7,B-SOL_USDT,67
101.64,,0.0,0.00039354584809125903,0.0002951593860684998,9.838646202298129e-05,0.0007870916961825181,0.1605976438521941,0.6161623318183929,0.09455736022325212,0.15058729699895396,2,112.68000000000018,0.029489353683813883,101.6630808116591,0.9836710818136032,3821.039999999999,101.68,101.64,1789196160,2026-09-12T06:56:00+00:00,101.66,B-SOL_USDT,100
101.65,,-0.0002951303492375601,0.0005902606984751202,0.0001967535661584474,-9.83767830792237e-05,0.0007870142646335676,0.09984547659494852,0.3338869676010193,0.08481072438137544,0.035071044103312896,1,332.53,0.42131336551496956,101.656669434838,0.9837194432139005,789.2699999999999,101.66,101.65,1789196220,2026-09-12T06:57:00+00:00,101.65,B-SOL_USDT,90
101.64,,0.00039354584809125903,0.0004919323101140183,0.0009838646202282586,0.0,0.0008854781582054994,-0.006637844304994543,-0.21252119834422992,0.01860744340213482,-0.08830211176770433,2,-534.8599999999998,-0.400080785111603,101.64893739400829,0.9837678331719615,1336.8799999999999,101.66,101.64,1789196280,2026-09-12T06:58:00+00:00,101.66,B-SOL_USDT,92
101.64,,0.0006887052341597588,0.00039354584809125903,0.0009838646202282586,-0.00019677292404562952,,-0.008756791137532405,-0.13005703343145955,0.01807106963995362,-0.07497211108166964,2,-1021.8699999999999,-0.5597416753852137,101.64434971483286,0.9838162231300226,1825.61,101.65,101.64,1789196340,2026-09-12T06:59:00+00:00,101.64,B-SOL_USDT,78
101.62,,0.0006888407793741447,0.0006888407793741447,0.0009840582562488098,0.0005904349537493303,,0.015195544087810108,0.256846056909707,0.013980281433603305,-0.037271996057574676,2,23.230000000000118,0.00487428212924089,101.65128423028455,0.9837678331719615,4765.830000000001,101.66,101.62,1789196400,2026-09-12T07:00:00+00:00,101.64,B-SOL_USDT,145
101.68,,0.0,-9.834775767114667e-05,0.00039339103068436465,0.000295043273013329,,0.11666655110511227,0.7097033606194997,0.03262392375762101,0.20771458029890394,2,-646.84,-0.15698247283070335,101.6485485168031,0.983816261218532,4120.460000000001,101.68,101.62,1789196460,2026-09-12T07:01:00+00:00,101.62,B-SOL_USDT,148
101.71,,-0.00019663749877096848,-0.00039327499754193695,0.00019663749877119052,-0.00019663749877096848,,0.2353882560555686,0.5695160318874327,0.04292102196871404,0.30160381307904166,2,1533.6200000000001,0.6720861745578207,101.69284758015942,0.9833808848049512,2281.88,101.73,101.67,1789196520,2026-09-12T07:02:00+00:00,101.67,B-SOL_USDT,133
101.69,,-0.00019667617268159798,0.0004916904317042725,0.000393352345363418,-9.833808634074348e-05,,0.06219602234578746,-0.2062542676013027,0.030270716198733946,0.013843692800185922,2,48.09000000000006,0.024092582851131007,101.703968728662,0.9832358291127187,1996.0500000000004,101.71,101.69,1789196580,2026-09-12T07:03:00+00:00,101.71,B-SOL_USDT,110
101.68,,-9.834775767114667e-05,0.000590086546026658,,9.834775767103565e-05,,0.1303292352121637,0.17864822740397648,0.07555258030271739,0.14096937300606996,2,742.6899999999999,0.27309297494070706,101.70089324113701,0.9832841715013968,2719.55,101.71,101.68,1789196640,2026-09-12T07:04:00+00:00,101.69,B-SOL_USDT,122
101.69,,0.0004916904317042725,0.0002950142590225635,,-0.00019667617268159798,,0.016073623956896266,-0.32604065441216584,0.023788089640457238,-0.05653508300860437,2,3099.56,0.9093778972198425,101.68836979672795,0.9833808657856189,3408.44,101.7,101.67,1789196700,2026-09-12T07:05:00+00:00,101.68,B-SOL_USDT,104
101.67,,0.0006885020163271971,0.0004917871545195851,,0.0,,-0.06251397995520708,-0.2852547259679534,-0.018787849592737348,-0.13871417175184228,2,-330.9000000000001,-0.5491387035746291,101.67857372637016,0.9834775790891732,602.5800000000002,101.7,101.67,1789196760,2026-09-12T07:06:00+00:00,101.7,B-SOL_USDT,99
101.67,,0.0004917871545195851,0.0005901445854235021,,0.0006885020163271971,,-0.08498329606242214,-0.061090926862694794,-0.013312506949114091,-0.10030370513353787,2,-2434.4299999999994,-0.8932147482819476,101.6696945453657,0.9835743114183708,2725.47,101.68,101.66,1789196820,2026-09-12T07:07:00+00:00,101.67,B-SOL_USDT,102
101.74,,-0.00019657951641438576,-9.828975820713737e-05,,0.0,,0.05178923294509496,-0.13731659230559598,0.05189299261023462,0.021786544159616155,3,5325.239999999999,0.8287511555305166,101.69098008370513,0.9833648815808403,6425.620000000001,101.74,101.66,1789196880,2026-09-12T07:08:00+00:00,101.66,B-SOL_USDT,124
101.74,,-9.828975820713737e-05,,,-0.00019657951641438576,,0.28463155143126434,0.6187049876388717,0.1491084365476535,0.3990740256706946,2,-2273.6299999999997,-0.25862478856769755,101.74309352493819,0.9828975844456656,8791.23,101.75,101.73,1789196940,2026-09-12T07:09:00+00:00,101.74,B-SOL_USDT,114
101.72,,9.830908375940695e-05,,,0.0,,0.13125166889017456,0.4268291334060209,0.10203745530242364,0.1970854493469562,2,-224.57000000000008,-0.1996621471438099,101.72713414566702,0.9830425165893455,1124.7499999999995,101.74,101.72,1789197000,2026-09-12T07:10:00+00:00,101.73,B-SOL_USDT,100
101.72,,,,,9.830908375940695e-05,,0.024168035325583127,-0.4611222001375198,0.06656138227800426,-0.02255575604833608,2,1410.75,0.4551467148457034,101.7176943889993,0.9830908399692102,3099.55,101.73,101.71,1789197060,2026-09-12T07:11:00+00:00,101.72,B-SOL_USDT,114
101.73,,,,,0.0,,0.07952477923669526,-0.5720780935210562,0.06665460791146205,0.03195776256199038,2,363.82999999999976,0.20492038727773476,101.7321396095324,0.982945888827926,1775.47,101.74,101.72,1789197120,2026-09-12T07:12:00+00:00,101.72,B-SOL_USDT,144
101.73,,,,,,,0.1651791019698962,0.2418841112336151,0.10883185204805497,0.22016096684148773,1,46.07,0.48891011355194736,101.73620942055616,0.982945888827926,94.23,101.74,101.73,1789197180,2026-09-12T07:13:00+00:00,101.73,B-SOL_USDT,33
0.7232,-0.0013827433628318397,-0.00027654867256632354,0.0,-0.00013827433628321728,-0.0004148230088495408,-0.0005530973451326471,0.009047814442911261,0.05700379932887767,-0.07052125629725442,-6.327666016059098e-05,1,18807.000000000004,0.38078866805967243,0.7232528501899665,1.382647770481853,49389.60000000001,0.7233,0.7229,1789191720,2026-09-12T05:42:00+00:00,0.723,B-SUI_USDT,42
0.7229,-0.00013833171946320277,0.00041499515838983037,0.0008299903167796607,-0.00013833171946320277,0.00027666343892640555,-0.0005533268778530331,-0.21501300589625844,-0.004758598340833753,-0.06064640062679652,-0.24911791024280483,2,-41356.9,-0.5592117984144561,0.7231497620700829,1.3828390741749848,73955.70000000001,0.7234,0.7229,1789191780,2026-09-12T05:43:00+00:00,0.7232,B-SUI_USDT,30
0.7231,-0.0011063476697551478,0.00013829345871929632,0.00041488037615833306,-0.0006914672935969257,-0.00013829345871940735,-0.0009680542110357404,-0.15139664023511168,0.6201936939431696,-0.05639936986217125,-0.1573420530384812,2,1290.7000000000003,0.1439276514602407,0.7230310096846972,1.383125871068441,8967.699999999999,0.7231,0.7229,1789191840,2026-09-12T05:44:00+00:00,0.7229,B-SUI_USDT,24
0.723,-0.0008298755186720852,0.0006915629322268302,0.0005532503457814641,-0.0005532503457813531,0.0002766251728907321,-0.0012448132780082943,-0.2517488016654127,-0.24171326962982165,-0.10711195759278153,-0.3663755795501963,2,3873.9999999999995,0.33336201703812063,0.7230379143365185,1.3830302192101374,11621.0,0.7231,0.723,1789191900,2026-09-12T05:45:00+00:00,0.7231,B-SUI_USDT,33
0.7232,-0.00013827433628321728,0.00027654867256643456,0.00027654867256643456,-0.0006913716814158644,0.0,-0.001521017699115057,-0.24596042064541768,0.13772200013379088,-0.1568703706095542,-0.14259470777802907,2,20515.600000000002,0.8796974426701888,0.7232068861000067,1.3827433694419151,23321.199999999993,0.7233,0.7231,1789191960,2026-09-12T05:46:00+00:00,0.7231,B-SUI_USDT,35
0.7232,0.0005530973451328691,0.00027654867256643456,-0.00013827433628321728,-0.0005530973451326471,0.00041482300884965184,-0.0017975663716813806,-0.19281024887723847,0.3497714220946047,-0.18013572760038726,-0.07593767766417653,1,3503.9000000000015,0.2167651334714962,0.7232674885711048,1.382647770481853,16164.500000000005,0.7233,0.7231,1789192020,2026-09-12T05:47:00+00:00,0.7231,B-SUI_USDT,45
0.7235,0.00013821700069116538,-0.00013821700069105436,-0.0009675190048376026,-0.0013821700069108767,-0.00013821700069105436,-0.002211472011057425,-0.19008123574708885,0.39288140750495365,-0.15795139233009398,-0.09688485750522166,2,20617.7,0.8507160923761228,0.7233196440703753,1.3825521979525388,24235.7,0.7235,0.7232,1789192080,2026-09-12T05:48:00+00:00,0.7232,B-SUI_USDT,44
0.7234,-0.0005529444290849339,-0.0004147083218137837,-0.0011058888581697568,-0.0013823610727121682,0.0,-0.0016588332872548017,-0.19587401713913513,0.7752567631493362,-0.07064354900422382,-0.055484307292720005,2,-5384.399999999996,-0.10881884544183143,0.7233387628381576,1.3825522508053774,49480.4,0.7236,0.7231,1789192140,2026-09-12T05:49:00+00:00,0.7235,B-SUI_USDT,37
0.7234,-0.0004147083218137837,-0.0008294166436273454,-0.0011058888581697568,-0.001797069394525952,0.0,-0.0016588332872548017,-0.09480988872560492,0.648671801016064,-0.0921688651860577,0.06254584350959133,2,12918.900000000003,0.8926145746246484,0.7234324335900508,1.382361079316001,14473.100000000004,0.7235,0.7233,1789192200,2026-09-12T05:50:00+00:00,0.7234,B-SUI_USDT,34
0.7234,-0.0004147083218137837,-0.0011058888581697568,-0.0009676527508986066,-0.001797069394525952,-0.0004147083218137837,-0.0016588332872548017,-0.13976619182223363,0.3233344147089464,-0.11864979928118456,0.013352934958844098,2,-5927.2999999999965,-0.10821157788849306,0.7234661667207355,1.3822655332087772,54775.100000000006,0.7235,0.7234,1789192260,2026-09-12T05:51:00+00:00,0.7234,B-SUI_USDT,32
0.7231,0.00027658691743903674,-0.0006914672935969257,-0.000414880376158111,-0.0016595215046327771,-0.000414880376158111,-0.0012446411284746661,-0.10432368694803923,-0.047090734970978536,-0.03602741078629779,-0.10870495273058757,2,7320.5999999999985,0.09382930618146021,0.7230976454632514,1.3829345938060573,78020.40000000001,0.7234,0.7228,1789192320,2026-09-12T05:52:00+00:00,0.7234,B-SUI_USDT,49
0.7228,0.0008301051466519382,-0.00013835085777524903,-0.0004150525733258581,-0.0012451577199779074,-0.0002767017155506091,-0.0012451577199779074,-0.21363461894129956,-0.4126911295810828,-0.08808491793983231,-0.2558638527312325,2,24474.100000000006,0.5380519494795161,0.7229793654435208,1.3831259239878668,45486.5,0.7232,0.7228,1789192380,2026-09-12T05:53:00+00:00,0.7231,B-SUI_USDT,37
0.7226,0.0009687240520344087,0.00027677830058125963,-0.0002767783005811486,-0.0005535566011625193,0.0,-0.0009687240520344087,-0.106726903556735,0.29242913838568185,0.01955005598758626,-0.18084417557879004,2,-193.600000000004,-0.0026144073289832434,0.7226646214569193,1.3837957517468895,74051.20000000001,0.7229,0.7226,1789192440,2026-09-12T05:54:00+00:00,0.7228,B-SUI_USDT,36
0.7226,0.001522280653196706,-0.00013838915029062981,-0.0006919457514531491,-0.0005535566011625193,0.00013838915029062981,-0.0009687240520344087,-0.07729362157934842,0.26068714261653114,-0.030185816408340536,-0.14218762830784293,2,2407.2000000000007,0.06859487647109112,0.7226630343571308,1.3837957517468895,35093.0,0.7228,0.7226,1789192500,2026-09-12T05:55:00+00:00,0.7226,B-SUI_USDT,20
0.7227,0.001245330012453305,-0.0004151100041510647,-0.0008302200083022404,-0.0006918500069186262,0.00013837000138372524,-0.0011069600110695799,0.07054749210214348,0.5116637641290724,0.05573381936924797,0.19493682401498272,1,4394.700000000005,0.04081619385068339,0.7224755831882066,1.3841788359054465,107670.49999999999,0.7227,0.7223,1789192560,2026-09-12T05:56:00+00:00,0.7226,B-SUI_USDT,59
0.7228,0.0011068068622026583,-0.0009684560044272983,-0.0012451577199779074,-0.0008301051466519382,-0.0004150525733258581,-0.0008301051466519382,-0.045082491043161727,-0.09710373463355565,-0.0006339976794892087,-0.14715137603069442,2,11097.400000000001,0.20948688229364484,0.7226951448132684,1.3837000204600167,52974.200000000004,0.723,0.7226,1789192620,2026-09-12T05:57:00+00:00,0.7227,B-SUI_USDT,44
0.7225,0.001245674740484537,-0.0005536332179931769,-0.0008304498269896543,-0.0008304498269896543,-0.00013840830449829422,0.00041522491349477164,0.022653715285408483,-0.5523290358090293,0.02896563616353822,-0.17325403183061058,2,-20033.399999999998,-0.8789354533010423,0.7226723835482096,1.3837000734453724,22792.800000000003,0.7229,0.7224,1789192680,2026-09-12T05:58:00+00:00,0.7228,B-SUI_USDT,31
0.7224,0.0013842746400885009,-0.0006921373200443615,-0.0002768549280178778,-0.0006921373200443615,-0.0004152823920267057,-0.00013842746400882788,0.09647404351098199,-0.43519965061419846,0.011230874997040754,0.11093547982253707,2,29471.8,0.7921249260871902,0.7223782400174692,1.3842746467198652,37206.0,0.7225,0.7223,1789192740,2026-09-12T05:59:00+00:00,0.7224,B-SUI_USDT,24
0.7221,0.0031851544107466268,-0.00027696994876047487,0.00013848497438018192,-0.00027696994876047487,0.0,0.00041545492314098986,-0.014171340720195425,-0.2215817872719901,0.003968338823189049,0.07123759699802584,2,-61479.99999999999,-0.9095777890217451,0.7222389209106364,1.3845621587677581,67591.8,0.7225,0.7221,1789192800,2026-09-12T06:00:00+00:00,0.7224,B-SUI_USDT,38
0.7221,0.002908184461985819,0.00013848497438018192,0.00013848497438018192,-0.00027696994876047487,-0.00027696994876047487,0.0013848497438027074,-0.18232768327770768,-0.7638952191761481,-0.024886028642554098,-0.2371993934520359,2,50929.8,0.6997889495292585,0.7220618052390411,1.3848497504423376,72778.8,0.7222,0.722,1789192860,2026-09-12T06:01:00+00:00,0.7221,B-SUI_USDT,77
0.7219,0.0033245601883917786,0.0004155700235488613,0.0004155700235488613,0.0004155700235488613,0.0,0.002354896800110806,-0.09008666781694591,-0.33086038363842674,0.026749000997326813,-0.05862902242609453,2,14934.399999999996,0.17287746332790033,0.7220834569808181,1.3848498035606496,86387.20000000003,0.7223,0.7219,1789192920,2026-09-12T06:02:00+00:00,0.7221,B-SUI_USDT,70
0.7219,0.003740130211940862,0.0004155700235488613,0.0,0.001246710070647028,0.0004155700235488613,0.002354896800110806,-0.06788537468901547,0.029456824573584006,-0.0030261167953849325,0.043992970460302094,2,24153.500000000007,0.5416906822519406,0.7220014728412286,1.3850415578888369,44589.100000000006,0.7221,0.7219,1789192980,2026-09-12T06:03:00+00:00,0.7219,B-SUI_USDT,90
0.7222,0.0019385211852673834,0.0,-0.0004153973968429314,0.00013846579894782884,0.0,0.0011077263915812985,-0.20115182059463824,0.2116449786532614,0.014010468636168076,-0.05445319496682728,1,8018.4,0.3871079870230187,0.7220605822489328,1.3849456408834429,20713.6,0.7222,0.7219,1789193040,2026-09-12T06:04:00+00:00,0.722,B-SUI_USDT,53
0.7222,0.0012461921905289053,-0.0004153973968429314,-0.0004153973968429314,0.00027693159789543564,0.0,0.0012461921905289053,-0.03504582017278962,-0.7115256444370053,0.07790657890584352,0.09479834713941418,2,7415.9000000000015,0.13906385659877774,0.7222144237177781,1.3845621587677581,53327.30000000001,0.7224,0.7221,1789193100,2026-09-12T06:05:00+00:00,0.7221,B-SUI_USDT,58
0.7222,0.0018000553863197766,-0.0004153973968429314,-0.0004153973968429314,0.0012461921905289053,0.0,0.0012461921905289053,0.24798079105760396,0.8950588997931885,0.19763945686024614,0.6001097832264111,2,7757.900000000001,0.3845665762822768,0.7222947529449897,1.3845621322270683,20173.100000000006,0.7223,0.7222,1789193160,2026-09-12T06:06:00+00:00,0.7223,B-SUI_USDT,45
0.7222,0.0023539185821102038,-0.0004153973968429314,0.0,0.0019385211852673834,-0.0004153973968429314,0.001523123788424341,0.09309611180202047,0.3431703530093686,0.12090573367736179,0.2829032186746224,2,-282484.2,-0.7223821070392338,0.7222171585176504,1.3846579961141503,391045.4,0.7223,0.7217,1789193220,2026-09-12T06:07:00+00:00,0.7222,B-SUI_USDT,43
0.7219,0.0019393267765619449,0.0,0.001246710070647028,0.002354896800110806,0.0,0.0020778501177449726,-0.01468649861748483,-0.4814960251590006,0.05678794326251342,-0.0622575098473644,2,-22002.100000000002,-0.8881519725183568,0.7220759251987421,1.3848498035606496,24772.9,0.7223,0.7219,1789193280,2026-09-12T06:08:00+00:00,0.7222,B-SUI_USDT,46
0.7219,0.003047513506025723,0.0004155700235488613,0.0005540933647321111,0.0015237567530128615,0.0,0.0019393267765619449,0.0683332091614598,-0.5845089975685818,0.06362573668372981,-0.16542064224096836,2,9201.399999999998,0.456885508009176,0.7219207745501217,1.385137474894231,20139.399999999998,0.722,0.7219,1789193340,2026-09-12T06:09:00+00:00,0.7219,B-SUI_USDT,34
0.7219,0.0020778501177449726,0.001246710070647028,0.0006926167059149169,0.0016622800941958893,0.0,0.002493420141293834,0.06681552536643594,-0.5261397869401786,0.061485616918412575,-0.1867960652118071,2,35465.299999999996,0.6433976332455885,0.721923693010653,1.385137474894231,55121.89999999998,0.722,0.7219,1789193400,2026-09-12T06:10:00+00:00,0.7219,B-SUI_USDT,30
0.7219,0.001800803435378917,0.0005540933647321111,0.0016622800941958893,0.0016622800941958893,0.0004155700235488613,0.002354896800110806,0.10078370413371812,0.46177104269150493,0.08480639267375355,0.020255267894740643,2,3117.000000000002,0.05755892541899653,0.7218730885521345,1.3853293620556764,54153.19999999998,0.722,0.7216,1789193460,2026-09-12T06:11:00+00:00,0.7219,B-SUI_USDT,45
0.7222,0.003738576571586938,0.00027693159789543564,0.0019385211852673834,0.001523123788424341,0.0008307947936860849,0.0019385211852673834,,,,,0,8826.6,0.888703181635119,,,9931.999999999998,0.7223,0.7221,1789193520,2026-09-12T06:12:00+00:00,0.7221,B-SUI_USDT,13
0.7228,0.0023519645821805657,0.0004150525733259691,0.0011068068622026583,0.0008301051466519382,-0.0006917542888764672,0.0008301051466519382,-0.05544995461897787,-0.38456497967830006,-0.09681544093261515,-0.10829288692820759,2,67181.90000000001,0.9393324189153099,0.7226807717510162,1.3837000734453724,71520.90000000002,0.7229,0.7222,1789193580,2026-09-12T06:13:00+00:00,0.7222,B-SUI_USDT,37
0.7223,0.003045825834140814,0.0017998061747195315,0.0009691264017719359,0.0013844662882458447,0.00013844662882456227,0.001522912917070407,-0.21933827700665953,-0.463561450631904,-0.028405275815324888,-0.2504773316060339,2,-39694.4,-0.37224900125663496,0.7224768219274684,1.3840831046405868,106633.99999999997,0.7227,0.7222,1789193640,2026-09-12T06:14:00+00:00,0.7227,B-SUI_USDT,52
0.7224,0.0033222591362125353,0.0016611295681063787,0.0009689922480620172,0.0017995570321152066,0.0009689922480620172,0.002768549280177224,-0.14397062081611156,0.6691604207109108,0.06222028386001001,-0.06713599631894371,2,48648.100000000006,0.8852368032695902,0.7223834580210355,1.384370457534284,54954.9,0.7225,0.7223,1789193700,2026-09-12T06:15:00+00:00,0.7223,B-SUI_USDT,31
0.7231,0.0030424560918267396,-0.00013829345871940735,0.0,0.0006914672935971478,0.0006914672935971478,0.0015212280459133698,-0.16133288750916425,-0.5417858262742992,-0.008721777504555914,-0.1551527832562049,2,108427.8,0.636917405238771,0.7227229107086863,1.383604289173144,170238.4,0.7231,0.7225,1789193760,2026-09-12T06:16:00+00:00,0.7225,B-SUI_USDT,65
0.7236,0.002349364289662592,-0.0006909894969596708,-0.0004145936981757581,0.0,0.0,0.0009673852957434725,-0.242905661881245,-0.30804002308302636,-0.2594450751320057,-0.35594548818756644,2,41179.50000000002,0.6765499803669981,0.7235845979988458,1.3819790005176267,60866.89999999998,0.7237,0.723,1789193820,2026-09-12T06:17:00+00:00,0.723,B-SUI_USDT,56
0.7236,0.00027639579878391274,-0.0006909894969596708,-0.0002763957987838017,-0.0002763957987838017,-0.0008291873963516272,0.0013819789939193416,-0.1616055133484881,0.09051767005891288,-0.17946111549065685,-0.16445801461942142,2,-18345.499999999993,-0.3539053924490664,0.7238045258835031,1.3815971856149911,51837.30000000001,0.724,0.7235,1789193880,2026-09-12T06:18:00+00:00,0.7236,B-SUI_USDT,49
0.723,0.0006915629322268302,0.0004149377593360981,0.0004149377593360981,0.0005532503457814641,0.00013831258644536604,0.0008298755186721962,-0.275936038931369,-0.09058858787930135,-0.11795708563193547,-0.32432864880582957,2,-13015.9,-0.22726185425167658,0.723145470570606,1.3828389948459952,57272.70000000001,0.7237,0.723,1789193940,2026-09-12T06:19:00+00:00,0.7236,B-SUI_USDT,49
0.7231,0.00027658691743903674,0.00041488037615833306,0.0008297607523164441,0.0017978149633524065,0.0,0.0,-0.10359535225785961,-0.0016199005786591836,-0.08003318908332227,-0.11881398434192168,2,4837.600000000004,0.17512815314663052,0.723249919004971,1.3826477969126012,27623.199999999997,0.7234,0.723,1789194000,2026-09-12T06:20:00+00:00,0.723,B-SUI_USDT,38
0.7231,0.00027658691743903674,0.00027658691743903674,0.0006914672935971478,0.0015212280459133698,0.00027658691743903674,0.0005531738348776294,-0.20069110664986364,-0.05100556584166692,-0.07570298914697693,-0.28175301995412944,1,2585.5999999999963,0.0632018420833923,0.723147449721708,1.3828389684019773,40910.200000000004,0.7232,0.7229,1789194060,2026-09-12T06:21:00+00:00,0.7231,B-SUI_USDT,53
0.7233,-0.0005530208765381905,0.0005530208765380795,0.00041476565740361515,0.0013825521913453098,0.00013825521913446437,0.0008295313148070083,-0.11846027210264638,0.6434698382063933,-0.036984025204828984,0.022576238096769754,2,11562.3,0.3502103570162924,0.7231821734919102,1.3828389684019773,33015.3,0.7233,0.7231,1789194120,2026-09-12T06:22:00+00:00,0.7232,B-SUI_USDT,32
0.7234,0.00013823610727126123,0.0002764722145423004,0.0,0.0016588332872546907,-0.0001382361072711502,-0.0001382361072711502,-0.14972805792363103,0.07935265729471869,-0.11126307153269153,-0.096839903383548,2,-41615.00000000001,-0.5271725361033698,0.7234039676328649,1.382361079316001,78940.0,0.7235,0.7232,1789194180,2026-09-12T06:23:00+00:00,0.7233,B-SUI_USDT,45
0.7233,0.0008295313148070083,0.00041476565740361515,0.00013825521913446437,0.00041476565740361515,0.0005530208765380795,0.001106041753076159,-0.1919169668097164,-0.025738311473506817,-0.11655902138784874,-0.18541332165597085,2,-5912.900000000002,-0.12352278828216237,0.7233987130844264,1.382361079316001,47868.9,0.7235,0.723,1789194240,2026-09-12T06:24:00+00:00,0.7234,B-SUI_USDT,49
0.7237,-0.00041453641011468534,-0.00041453641011468534,0.0009672516236010065,-0.0008290728202294817,-0.00013817880337152477,-0.00041453641011468534,-0.21818352822549897,0.38511494701631754,-0.1210654116373864,-0.16238345519515193,2,32797.90000000001,0.9697294931951977,0.7234192557473509,1.382361079316001,33821.69999999999,0.7237,0.7233,1789194300,2026-09-12T06:25:00+00:00,0.7233,B-SUI_USDT,39
0.7236,-0.0008291873963516272,-0.0002763957987838017,0.0008291873963515162,-0.00013819789939195637,0.0,-0.0005527915975678255,-0.09132817943150653,0.14605690899264773,-0.12847703709075853,-0.17162837815075366,2,37179.6,0.7566610496495468,0.7236573028454496,1.3818835072201892,49136.40000000001,0.7239,0.7236,1789194360,2026-09-12T06:26:00+00:00,0.7237,B-SUI_USDT,94
0.7236,-0.0005527915975678255,0.001105583195135429,0.0009673852957434725,0.00041459369817564706,-0.0002763957987838017,0.0017965726920949887,-0.04457457114107703,0.06340847472602368,-0.08296494382748683,-0.050055238070456844,2,46363.7,0.5978085540660245,0.7236531704237363,1.3818835072201892,77556.09999999999,0.7237,0.7235,1789194420,2026-09-12T06:27:00+00:00,0.7237,B-SUI_USDT,53
0.7234,-0.0005529444290849339,0.0011058888581696458,0.0016588332872546907,-0.0001382361072711502,0.0,0.0015205971799834295,-0.13048310328365637,-0.6318569728395275,-0.09688109076535173,-0.2666520423642422,2,-36086.5,-0.8833969404916071,0.723468407151358,1.3821700663217071,40849.7,0.7237,0.7234,1789194480,2026-09-12T06:28:00+00:00,0.7236,B-SUI_USDT,29
0.7234,-0.0005529444290849339,0.001244124965440907,0.0002764722145423004,0.0009676527508983845,0.0013823610727121682,0.0015205971799834295,-0.011789388674326532,0.6624898145977742,0.0021295545370911737,0.0557811073994985,1,-36056.99999999999,-0.39297383662001295,0.7234831244907299,1.3822655332087772,91754.2,0.7235,0.7233,1789194540,2026-09-12T06:29:00+00:00,0.7234,B-SUI_USDT,28
0.7244,-0.001932633903920622,0.00027609055770283497,-0.0017945886250690934,-0.001380452788514619,-0.000276090557703057,0.000552181115405892,-0.3028779742818556,0.20251920915966226,-0.07982077024691507,-0.30300668719692625,3,178551.49999999994,0.40924686145477035,0.7240267926271247,1.381184137089064,436292.8999999999,0.7245,0.7234,1789194600,2026-09-12T06:30:00+00:00,0.7234,B-SUI_USDT,77
0.7242,-0.0012427506213751327,-0.0008285004142500885,-0.0009665838166251772,-0.0013808340237503325,0.00013808340237519978,0.0015189174261254212,-0.2831959355488048,-0.015168274645453129,-0.047774547355081395,-0.40971616889624246,2,67807.0,0.5128354452207612,0.724449241586268,1.3803575125956102,132219.8,0.7246,0.7241,1789194660,2026-09-12T06:31:00+00:00,0.7244,B-SUI_USDT,63
0.7243,-0.001242579041833558,-0.0016567720557780774,-0.0005522573519260998,0.0008283860278888167,0.00041419301394451935,0.0013806433798149165,-0.34659842340864067,-0.5464318995240408,-0.16046841613065785,-0.3051229858449185,2,19607.6,0.3810838020531677,0.7242226784050237,1.3807386952033136,51452.200000000004,0.7243,0.7241,1789194720,2026-09-12T06:32:00+00:00,0.7242,B-SUI_USDT,55
0.7246,-0.0017940932928511844,-0.0015180789401049166,-0.0017940932928511844,-0.00013800717637313387,-0.0013800717637316717,-0.001104057410985404,-0.3444195305399122,-0.528360258827399,-0.2105074623242847,-0.37881160372595873,2,53231.5,0.7179252369976655,0.7244735819870587,1.3802622564012417,74146.29999999999,0.7247,0.7243,1789194780,2026-09-12T06:33:00+00:00,0.7243,B-SUI_USDT,51
0.7236,0.0,0.00041459369817564706,0.0006909894969595598,0.0012437810945273853,-0.0006909894969596708,-0.00013819789939195637,-0.05270918206030717,0.015377239711990676,-0.057732657678078864,-0.027172211540699223,2,-120675.70000000013,-0.1647283639234214,0.7242507688619857,1.3807391163690412,732573.9,0.7257,0.7236,1789194840,2026-09-12T06:34:00+00:00,0.7246,B-SUI_USDT,128
0.7231,0.0011063476697552588,0.00027658691743903674,0.00041488037615833306,0.002350988798229814,0.0005531738348776294,0.00027658691743903674,0.026297473589043018,-0.1649357577139208,0.007814566480022114,-0.04788290304442846,2,-63097.0,-0.3795326533902117,0.7233917532121142,1.3823611321484586,166249.20000000004,0.7237,0.7231,1789194900,2026-09-12T06:35:00+00:00,0.7236,B-SUI_USDT,74
0.7235,0.00013821700069116538,0.0008293020041463262,-0.0004146510020733851,0.0024879060124394226,0.0005528680027642174,-0.0002764340013821087,0.2191797649674144,0.05568008123161291,0.0019213124041327833,0.30359472241705987,2,19880.10000000001,0.8485506844286614,0.7234527840040617,1.3822655332087772,23428.3,0.7235,0.7234,1789194960,2026-09-12T06:36:00+00:00,0.7234,B-SUI_USDT,44
0.7239,-0.0001381406271584451,-0.0006907031357921145,0.001381406271584451,0.0019339687802182315,-0.0008288437629505596,-0.001381406271584451,0.0033938512416901018,-0.2289441159121692,-0.10709855179971012,0.11207881335873351,2,56650.50000000001,0.5950351503540247,0.7239385527942044,1.3813109694325352,95205.29999999997,0.7241,0.7235,1789195020,2026-09-12T06:37:00+00:00,0.7235,B-SUI_USDT,43
0.7233,0.002212083506152318,-0.0001382552191346864,0.0016590626296142386,0.0006912760956725439,0.001106041753076159,0.00027651043826892874,-0.02571074364214962,-0.306776319607213,-0.01874342813629438,-0.14365127727505322,2,-18340.100000000006,-0.2978773512123738,0.7234346611840197,1.3822655596191447,61569.3,0.7239,0.7233,1789195080,2026-09-12T06:38:00+00:00,0.7239,B-SUI_USDT,46
0.7241,0.000828614832205643,0.0011048197762739687,0.0005524098881370954,-0.000828614832205421,-0.0009667173042396948,-0.00027620494406843665,0.1369697342016695,0.5341118120750501,0.06956618865729981,0.26267538575801164,1,29842.000000000004,0.7406469802788661,0.7235767055906037,1.3820744938150642,40291.79999999998,0.7241,0.7233,1789195140,2026-09-12T06:39:00+00:00,0.7233,B-SUI_USDT,72
0.7234,0.0019353055017969911,0.0015205971799834295,0.0019353055017969911,-0.0001382361072711502,-0.00027647221454252247,0.0,0.008371832856573384,-0.36516573411812026,-0.08194912049263225,0.024007523955236587,2,-41154.90000000001,-0.775429261574,0.723931741713294,1.3813108903654774,53073.700000000004,0.7241,0.7234,1789195200,2026-09-12T06:40:00+00:00,0.7241,B-SUI_USDT,28
0.7232,0.0022123893805310324,0.0017975663716816026,0.0029037610619468968,0.00013827433628321728,0.0023506637168142497,-0.00027654867256632354,0.036973088396132454,-0.23578263550922451,0.07819787710928723,-0.008312423160380791,2,-25695.600000000002,-0.7137587360140445,0.7233382108682245,1.382456651845315,36000.399999999994,0.7235,0.7232,1789195260,2026-09-12T06:41:00+00:00,0.7234,B-SUI_USDT,32
0.7249,0.00068975031038776,-0.0001379500620775076,0.0005518002483100304,-0.002759001241550596,-0.0005518002483100304,-0.0023451510553180732,-0.16336201263829817,0.0856095726950868,-0.020346849227432687,-0.29287446402746736,3,336197.8,0.6476456904117759,0.7241542804786348,1.3809304720755577,519107.6,0.725,0.7232,1789195320,2026-09-12T06:42:00+00:00,0.7232,B-SUI_USDT,86
0.7245,0.001242236024844745,0.0011042097998619216,-0.0009661835748793202,-0.0013802622498274575,0.0,-0.0020703933747412417,-0.0764010999872558,0.2548594118320423,-0.034290982855747054,-0.15081769272027457,2,11948.5,0.2476675904411109,0.7245127429705918,1.3802622564012417,48244.100000000006,0.7247,0.7243,1789195380,2026-09-12T06:43:00+00:00,0.7245,B-SUI_USDT,23
0.7245,,0.0011042097998619216,-0.0013802622498274575,-0.0008281573498964967,0.00041407867494824835,-0.0020703933747412417,-0.20965516340716325,-0.5096623784845813,-0.07923137374787458,-0.23776874049691554,2,29368.699999999997,0.2836281284253933,0.7244745168810758,1.3802622564012417,103546.50000000003,0.7246,0.7242,1789195440,2026-09-12T06:44:00+00:00,0.7244,B-SUI_USDT,42
0.7248,,-0.0013796909492274079,-0.0020695364238410008,-0.0019315673289183044,0.0006898454746135929,-0.002483443708609312,-0.12743448275684272,-0.010199621189059538,-0.10585984371102511,-0.16142916182974426,2,31451.199999999993,0.29784179474795675,0.7247494900189406,1.3797861594177137,105597.00000000001,0.7249,0.7245,1789195500,2026-09-12T06:45:00+00:00,0.7245,B-SUI_USDT,45
0.7253,,-0.0024817316972286507,-0.0027574796635873033,-0.0031711016131256153,0.0,-0.0027574796635873033,-0.021323435112883503,0.3731886510394545,-0.02784060904750807,0.14280481482423008,2,66528.6,0.48848694354784233,0.7250686594325519,1.3792152527718593,136193.2,0.7253,0.7248,1789195560,2026-09-12T06:46:00+00:00,0.7248,B-SUI_USDT,47
0.7253,,-0.0027574796635873033,-0.0033089755963049416,-0.0028953536467668517,-0.0020681097476905608,-0.002619605680407977,0.07588651168070613,0.022885496029513952,-0.019975558068079616,0.06145146917795108,3,-128378.79999999999,-0.24422876219110137,0.7247178109414681,1.37984998743865,525649.7999999999,0.7253,0.7242,1789195620,2026-09-12T06:47:00+00:00,0.7251,B-SUI_USDT,116
0.7238,,-0.0006907985631389169,-0.0004144791378833945,-0.0011052777010224224,-0.0004144791378833945,-0.0006907985631389169,-0.034929985104643464,0.07962441535019567,-0.028082717083068545,0.08959340825731699,3,-200004.59999999995,-0.3061988219577472,0.724187314554101,1.3808676329272398,653185.4000000001,0.7254,0.7232,1789195680,2026-09-12T06:48:00+00:00,0.7252,B-SUI_USDT,114
0.7235,,-0.0008293020041465482,0.0005528680027642174,-0.0006910850034554938,-0.0002764340013821087,0.00013821700069116538,0.18380035997840669,0.006838404835690093,-0.005577178500046713,0.2240105383058272,2,-12734.800000000001,-0.10023076656686723,0.7238503419202418,1.3815017187060294,127054.79999999999,0.7241,0.7235,1789195740,2026-09-12T06:49:00+00:00,0.7238,B-SUI_USDT,58
0.7233,,0.00027651043826892874,0.00013825521913446437,-0.0004147656574037262,0.0,0.0008295313148070083,0.10384655554288999,-0.24335706103671242,0.0382062803904289,0.21673860528314226,2,-18801.29999999999,-0.22685267299638368,0.7234378321469483,1.3822655596191447,82878.90000000002,0.7236,0.7233,1789195800,2026-09-12T06:50:00+00:00,0.7235,B-SUI_USDT,40
0.7233,,0.0008295313148070083,-0.0004147656574037262,0.0,-0.0005530208765381905,0.00041476565740361515,0.1741262985701591,0.06272328221272493,0.09101597711689963,0.16470058787565306,2,-16940.499999999996,-0.15306237695060673,0.7233531361641107,1.382456651845315,110677.09999999999,0.7235,0.7232,1789195860,2026-09-12T06:51:00+00:00,0.7233,B-SUI_USDT,42
0.7229,,0.000691658597316458,0.00041499515838983037,0.000691658597316458,0.0008299903167796607,0.001244985475169491,0.08348233073387536,0.4171734217840315,0.10901599509497073,0.04287256699717666,2,-41009.2,-0.775479176436773,0.7231208586710891,1.3829345938060573,52882.399999999994,0.7233,0.7228,1789195920,2026-09-12T06:52:00+00:00,0.7233,B-SUI_USDT,53
0.7235,,-0.0006910850034554938,-0.0006910850034554938,-0.0002764340013821087,0.0005528680027642174,0.0019350380096752051,0.3158026354645136,0.8671002600094281,0.06740021696045144,0.4661703388037991,2,35838.7,0.7552605680254404,0.7234933550130005,1.3822655596191447,47452.1,0.7236,0.7229,1789195980,2026-09-12T06:53:00+00:00,0.7229,B-SUI_USDT,38
0.7239,,-0.0009669843901092268,-0.001243265644426006,-0.0004144218814753353,-0.0006907031357921145,0.0011051250172675608,0.11314145589645636,0.4444481471165,0.013568984523933705,0.11314634685459499,2,217892.00000000006,0.9445204962837671,0.7238722224073557,1.3815017187060294,230690.60000000006,0.7241,0.7235,1789196040,2026-09-12T06:54:00+00:00,0.7235,B-SUI_USDT,55
0.7234,,-0.0005529444290849339,-0.0005529444290849339,0.0006911805363560841,-0.0005529444290849339,0.0019353055017969911,0.08625093751625951,0.1843932292387464,0.04350433319378317,0.15236638735533975,2,-17434.200000000015,-0.20315697232696797,0.723459219661462,1.3822655332087772,85816.40000000001,0.7239,0.7233,1789196100,2026-09-12T06:55:00+00:00,0.7239,B-SUI_USDT,26
0.723,,0.0,0.0004149377593360981,0.0008298755186721962,0.0002766251728907321,0.0024896265560165887,-0.08695205590458564,-0.47597897294813385,-0.03868164850238165,-0.1801229142094838,2,-71221.30000000002,-0.45750021358613363,0.7231262010513526,1.3828389948459952,155674.90000000005,0.7235,0.723,1789196160,2026-09-12T06:56:00+00:00,0.7234,B-SUI_USDT,51
0.7232,,-0.00027654867256632354,0.00027654867256643456,0.0008296460176990816,-0.00027654867256632354,0.003042035398230114,0.09030348157098378,0.22390821545273573,0.037405051064834445,0.04733444199791044,2,12578.7,0.37181537370124595,0.7232611954107726,1.382647770481853,33830.5,0.7233,0.7231,1789196220,2026-09-12T06:57:00+00:00,0.7231,B-SUI_USDT,33
0.723,,0.0004149377593360981,0.0004149377593360981,0.0026279391424619547,0.0,0.003319502074688785,0.03391686263991543,0.2648433242881754,0.06378509607038377,0.06218244803695151,1,15449.300000000003,0.6490893431086278,0.7230632421662143,1.3830302192101374,23801.5,0.7232,0.723,1789196280,2026-09-12T06:58:00+00:00,0.7232,B-SUI_USDT,23
0.723,,0.0005532503457814641,0.0008298755186721962,0.0023513139695712226,0.0,,-0.08303870183082987,0.17645400926129673,0.048336802183336844,-0.06298845611598719,2,-7452.700000000001,-0.29562357943839973,0.723108822700463,1.3829345938060573,25210.1,0.7232,0.723,1789196340,2026-09-12T06:59:00+00:00,0.723,B-SUI_USDT,20
0.723,,0.0004149377593360981,0.0012448132780082943,0.0024896265560165887,0.0004149377593360981,,-0.04276840380013089,0.24503420158913933,0.039011281379443735,0.031252142578728215,2,3676.8999999999983,0.07871610266554485,0.7231122517100794,1.3829345938060573,46710.89999999999,0.7232,0.723,1789196400,2026-09-12T07:00:00+00:00,0.723,B-SUI_USDT,47
0.7233,,0.00041476565740361515,0.00041476565740361515,0.0020738282870178537,0.00013825521913446437,,-0.05582816776808006,0.22086458247941235,0.03228984960252422,0.052019630570715514,2,35827.299999999996,0.5344032147156172,0.7231610432291239,1.3828389684019773,67041.7,0.7233,0.723,1789196460,2026-09-12T07:01:00+00:00,0.723,B-SUI_USDT,68
0.7234,,0.0006911805363560841,0.0005529444290848229,0.0027647221454243365,-0.0001382361072711502,,0.03886078589947146,0.5720919790352312,-0.015124723270545894,0.127139503182605,2,6846.500000000003,0.14392746551858251,0.7233786045989519,1.382456651845315,47569.09999999999,0.7235,0.7231,1789196520,2026-09-12T07:02:00+00:00,0.7232,B-SUI_USDT,65
0.7233,,0.00041476565740361515,0.002212083506152318,0.002903359601824862,0.00041476565740361515,,0.053923497234885764,0.1793705474955235,-0.052205243506581206,0.12508979143571647,2,2642.000000000009,0.045275543323656874,0.7234589685273748,1.3822655596191447,58353.80000000001,0.7236,0.7233,1789196580,2026-09-12T07:03:00+00:00,0.7234,B-SUI_USDT,51
0.7236,,0.00027639579878391274,0.001520176893311298,,0.00041459369817564706,,-0.055971645476196305,0.1415384556393366,-0.0414912110930248,0.0812938531153087,2,43157.6,0.9191229086448363,0.723507076922782,1.3821700135119208,46955.19999999998,0.7236,0.7233,1789196640,2026-09-12T07:04:00+00:00,0.7233,B-SUI_USDT,48
0.7239,,0.001381406271584451,0.001243265644426117,,-0.0004144218814753353,,-0.09137881878980947,0.08043152856467442,-0.07317115173044025,-0.12464454554146631,2,56301.2,0.6986664813523316,0.7237540215764282,1.3816926789124286,80583.79999999997,0.724,0.7235,1789196700,2026-09-12T07:05:00+00:00,0.7236,B-SUI_USDT,51
0.7236,,0.001520176893311298,0.0016583747927030323,,0.00027639579878391274,,0.04945244267860882,0.267428739331784,0.02394173304214636,-0.04604318125133738,2,-34634.6,-0.45559253364201985,0.7237633714369667,1.381692599779805,76021.00000000001,0.7241,0.7236,1789196760,2026-09-12T07:06:00+00:00,0.7239,B-SUI_USDT,40
0.7238,,0.0013815971262780558,0.002210555402044845,,0.001519756838905817,,0.09252068124466929,0.7596381812416,0.026402039920537263,-0.08354033323061044,1,12900.599999999999,0.2712329803964443,0.723687981909062,1.3818835072201892,47562.799999999996,0.7239,0.7236,1789196820,2026-09-12T07:07:00+00:00,0.7236,B-SUI_USDT,42
0.7249,,-0.0001379500620775076,0.00068975031038776,,-0.0002759001241550152,,0.009766433175502026,0.04643337719972004,0.0076107925616453465,0.06904979633504695,3,110310.6,0.7895333540419793,0.7242189883355268,1.3808026379600549,139716.2,0.7249,0.7238,1789196880,2026-09-12T07:08:00+00:00,0.7238,B-SUI_USDT,51
0.7247,,0.0009659169311440063,,,0.00013798813302057233,,-0.01231134828021431,-0.3375977299634474,0.08190777662589477,-0.10582262418470424,2,-14601.000000000002,-0.10633819639465375,0.7248331201135018,1.379595778436766,137307.2,0.725,0.7246,1789196940,2026-09-12T07:09:00+00:00,0.7248,B-SUI_USDT,56
0.7248,,0.0008278145695364003,,,0.0,,-0.19863876734851166,-0.7127990392569943,0.03014258163666186,-0.24708735329666978,2,-7165.4,-0.196587011989355,0.7247143600480372,1.3797861331492098,36449.0,0.7248,0.7246,1789197000,2026-09-12T07:10:00+00:00,0.7248,B-SUI_USDT,38
0.7248,,,,,0.0008278145695364003,,-0.20582051735027193,-0.1438334827563457,0.06134469304382163,-0.2892062008039681,2,115181.60000000002,0.6010825388939566,0.7247428083258622,1.3797861594177137,191623.60000000006,0.7251,0.7246,1789197060,2026-09-12T07:11:00+00:00,0.7247,B-SUI_USDT,66
0.7254,,,,,0.0,,-0.13060467179654583,0.1430802191204861,0.03851072401587959,-0.00977767495693592,2,99971.20000000001,0.8398075950558045,0.725057154010956,1.379215226535949,119040.60000000002,0.7254,0.7248,1789197120,2026-09-12T07:12:00+00:00,0.7249,B-SUI_USDT,64
0.7254,,,,,,,,,,,0,3977.4,0.5383595018949648,,,7387.999999999999,0.7254,0.7253,1789197180,2026-09-12T07:13:00+00:00,0.7254,B-SUI_USDT,11
1.3633,-0.0013203256803344665,-7.335142668518646e-05,0.0002934057067409679,0.0002934057067409679,-0.0002200542800556704,0.0006601628401672333,0.09607719156684609,0.7509723202274787,0.11592004400192618,0.24076509066791751,2,-2660.699999999999,-0.03889906593703808,1.3632375486160115,0.7335680839991474,68400.1,1.3635,1.363,1789191720,2026-09-12T05:42:00+00:00,1.363,B-XRP_USDT,95
1.363,-0.0006603081438003588,0.00029347028613346815,0.0008804108584006265,0.00044020542920031325,7.336757153342255e-05,0.0003668378576668907,-0.03547251995528415,-0.06656444823005254,0.12935720340370385,-0.014896260219805429,2,-9920.6,-0.911836614643652,1.3630966717775883,0.7336218922642452,10879.799999999996,1.3633,1.363,1789191780,2026-09-12T05:43:00+00:00,1.3633,B-XRP_USDT,103
1.3631,-0.0008803462695325948,0.0004401731347662974,0.0008803462695328168,0.00029344875651093894,7.336218912779024e-05,7.336218912779024e-05,-0.07174309905600074,0.09884901111107226,0.06341717564706338,-0.030469099188217677,2,4172.300000000004,0.08800074242651146,1.3631549424505556,0.7335949822102409,47412.1,1.3633,1.363,1789191840,2026-09-12T05:44:00+00:00,1.363,B-XRP_USDT,105
1.3632,-0.0009536384976525092,0.0007335680751174856,0.0009536384976527312,0.0002934272300469942,0.0001467136150234971,-0.0002934272300468832,-0.028273228563033534,0.5751269965133041,-0.043989611409536694,0.05451395921457214,2,2169.7999999999993,0.3089210968421651,1.3632787563498256,0.7335411699980854,7023.8,1.3633,1.3631,1789191900,2026-09-12T05:45:00+00:00,1.3631,B-XRP_USDT,80
1.3634,-0.0008801525597769144,0.0006601144198328246,0.0005134223265366167,0.00029338418659241583,0.00022003813994420085,-0.0004400762798885127,-0.1694488061700511,-0.05046446992533038,-0.2001945130742258,-0.13075273189685926,2,6250.200000000002,0.16778159561902717,1.3634974767765036,0.7334066749868744,37252.00000000001,1.3636,1.3632,1789191960,2026-09-12T05:46:00+00:00,1.3632,B-XRP_USDT,131
1.3637,-0.0007332991127080302,0.0005866392901665574,0.0,0.0003666495563541261,0.0003666495563541261,-0.0007332991127080302,-0.11976627952618393,-0.1872718620400723,-0.10455587713725399,-0.10768270447754205,2,486276.50000000023,0.944124101529214,1.363490636406898,0.7334066749868744,515055.69999999984,1.3638,1.3634,1789192020,2026-09-12T05:47:00+00:00,1.3634,B-XRP_USDT,112
1.3642,-0.0005864242779651807,-7.330303474561983e-05,-0.00043981820847394104,-0.0005131212432195609,7.330303474573086e-05,-0.0013927576601671099,-0.23705050318167137,-0.11313652520823025,-0.24801657522204743,-0.09273121936337872,2,114718.09999999999,0.8912753481990453,1.3639443431737397,0.7331647212149344,128712.30000000002,1.3642,1.3637,1789192080,2026-09-12T05:48:00+00:00,1.3637,B-XRP_USDT,116
1.3643,-0.0009528696034597495,-0.00043978597082761084,-0.0005863812944367774,-0.0008062742798505829,0.00014659532360905558,-0.0016125485597009437,-0.20732247150950997,-0.3316912173317046,-0.2122876595666884,0.06444128089030905,3,508118.0000000001,0.720923725822031,1.3644667487724667,0.7328781354555002,704815.2000000002,1.3646,1.3642,1789192140,2026-09-12T05:49:00+00:00,1.3643,B-XRP_USDT,163
1.3645,-0.0008061561011359908,-0.0006595822645658611,-0.0006595822645658611,-0.0012458776108464908,-0.00029314767314025936,-0.0018321729571271206,-0.18240610324602077,0.2852887869978207,-0.19278586948901583,0.0511818448553369,2,-4649.5999999999885,-0.08858642015295308,1.3644642644393499,0.7328960426334832,52486.60000000001,1.3646,1.3642,1789192200,2026-09-12T05:50:00+00:00,1.3643,B-XRP_USDT,104
1.3641,-0.0005131588593212388,-0.0004398504508468237,-0.00021992522542346737,-0.0009530093101679515,-0.0002932336338979935,-0.0014661681694890794,0.08377588298850369,-0.35034953506636957,0.1140864826419278,0.007649473493472288,2,-5694.500000000005,-0.06705573002959193,1.364282482523247,0.7329766190302914,84921.90000000002,1.3646,1.3641,1789192260,2026-09-12T05:51:00+00:00,1.3646,B-XRP_USDT,111
1.3637,-0.00014665982254158383,-7.332991127084743e-05,0.0003666495563541261,-0.0007332991127080302,-7.332991127084743e-05,-0.0016132580479577552,0.2595211029726442,0.4787320807911,0.2628362543674459,0.3629959163534967,2,-18445.49999999999,-0.7046856793566503,1.3638739366040395,0.7332184663834682,26175.499999999985,1.3642,1.3637,1789192320,2026-09-12T05:52:00+00:00,1.3641,B-XRP_USDT,131
1.3636,-0.0002933411557640708,0.00014667057788209092,-7.333528894104546e-05,-0.000953358756233369,-7.333528894104546e-05,-0.0013200352009387073,0.17329568299959314,-0.15903003447689773,0.1679739692977432,0.2527328180912768,2,22619.600000000006,0.3673038575706205,1.363842048498276,0.7332184663834682,61582.799999999996,1.364,1.3636,1789192380,2026-09-12T05:53:00+00:00,1.3637,B-XRP_USDT,127
1.3635,-0.0005133846718005097,0.0005133846718006208,-0.00022002200220017087,-0.0010267693436009084,7.334066740005696e-05,-0.0012467913458013014,-0.014446518396852195,-0.4301420950165217,0.05727612442475881,0.10542792184892347,2,-14424.2,-0.5930661886240103,1.3637284928952491,0.7332722273143096,24321.399999999994,1.3638,1.3635,1789192440,2026-09-12T05:54:00+00:00,1.3637,B-XRP_USDT,109
1.3636,-0.0003666764447051163,-7.333528894104546e-05,-0.0005866823115282527,-0.0011733646230565054,0.00014667057788209092,-0.0012466999119975508,-0.07505250718587723,0.67412777821215,-0.05500434532106231,0.28696489485906385,2,6189.899999999999,0.5506783506071793,1.3635837063889107,0.7333797807193647,11240.5,1.3636,1.3635,1789192500,2026-09-12T05:55:00+00:00,1.3636,B-XRP_USDT,92
1.3638,-0.0007332453438919639,-0.0004399472063352228,-0.0007332453438919639,-0.0012465170846164275,0.0002932981375569632,-0.0016131397565625205,-0.1471747369571904,-0.3027016104613134,-0.11780354913409291,-0.08298542591943725,2,25732.999999999996,0.4518445681375216,1.363684864919477,0.7332991136937808,56951.00000000001,1.3639,1.3634,1789192560,2026-09-12T05:56:00+00:00,1.3635,B-XRP_USDT,50
1.3642,-0.0010995455211846306,-0.0010262424864390107,-0.0010995455211846306,-0.0019791819381324016,-0.0005131212432195609,-0.0019791819381324016,-0.1394224823402096,0.17441366525232807,-0.1607040909130371,0.11865527882425446,2,-9221.199999999999,-0.08646712426390606,1.3640087206832625,0.7331378387781813,106644.00000000001,1.3643,1.3638,1789192620,2026-09-12T05:57:00+00:00,1.3638,B-XRP_USDT,45
1.3635,-0.0005867253392005667,-0.0005133846718005097,-0.0008800880088007945,-0.0012467913458013014,-0.00022002200220017087,-0.0010267693436009084,-0.05834712743079373,-0.3072611296927239,0.034026510012754405,-0.06128393148705946,2,-34348.099999999984,-0.6912574739430821,1.3636846369435154,0.7332991136937808,49689.29999999999,1.3642,1.3635,1789192680,2026-09-12T05:58:00+00:00,1.3641,B-XRP_USDT,60
1.3632,-0.000660211267605515,-0.00036678403755863176,-0.0008069248826290121,-0.0010269953051643688,-0.0002934272300468832,-0.0009536384976525092,0.15044447832764007,0.027781038134512825,0.2297963046213198,0.287405066371398,3,-22843.199999999968,-0.03543255789712714,1.36318472238524,0.7335770500695119,644695.2000000002,1.3635,1.363,1789192740,2026-09-12T05:59:00+00:00,1.3634,B-XRP_USDT,93
1.3628,0.00044027003228652717,-0.00036689169357206897,-0.0005870267097152215,-0.0006604050484296797,0.0,-0.0006604050484296797,0.14777102712830248,0.4168852450291628,0.23738912084091873,0.316623008811445,2,-41560.3,-0.3808521459433949,1.3630208442622513,0.7336757242195093,109124.50000000001,1.3632,1.3628,1789192800,2026-09-12T06:00:00+00:00,1.3632,B-XRP_USDT,70
1.3628,0.00022013501614326358,-0.0005136483710008743,-0.0005136483710008743,-0.0008805400645730543,-7.33783387144582e-05,-0.00044027003228641615,-0.00427734617941002,-0.0446366052787044,0.1327582034849142,0.15014109222743288,2,54936.50000000001,0.41457035202993187,1.3628977681697363,0.7337295482763133,132514.30000000002,1.363,1.3627,1789192860,2026-09-12T06:01:00+00:00,1.3629,B-XRP_USDT,92
1.3627,0.0005870697879208908,-0.0005136860644308072,-0.0008806046818816693,-0.0008806046818816693,-0.0002935348939604454,0.0,-0.026639496441446683,-0.020619057232390048,0.11289621181478986,0.04311151453711899,2,-22706.700000000004,-0.5526640526311947,1.3627489690471384,0.7338103100347751,41085.90000000001,1.3629,1.3627,1789192920,2026-09-12T06:02:00+00:00,1.3628,B-XRP_USDT,56
1.3623,0.0008808632459809118,-0.00014681054099685564,-0.0003670263524921946,-0.00014681054099685564,-0.00014681054099685564,0.0008074579754826505,-0.025288877301568605,-0.4751324848473635,0.11741610837304789,-0.07595564933238413,2,-79596.09999999999,-0.8100699889983849,1.3625262433757577,0.7339180371695107,98258.29999999999,1.3628,1.3623,1789192980,2026-09-12T06:03:00+00:00,1.3627,B-XRP_USDT,82
1.3621,0.0009544086337271995,-0.00044049629248965605,-0.00022024814624488354,-0.00014683209749655202,-7.34160487482205e-05,0.0006607444387343175,0.15918903265885034,0.12529900987282747,0.21996123558234956,0.24151229116102538,2,-22885.200000000008,-0.23125941046291904,1.362206264950494,0.7341065932661658,98959.00000000001,1.3624,1.3621,1789193040,2026-09-12T06:04:00+00:00,1.3623,B-XRP_USDT,78
1.362,0.0008076358296622566,-0.00014684287812061214,-7.342143906019505e-05,-7.342143906019505e-05,7.342143906030607e-05,0.0010279001468427307,-0.1886432990722277,-0.5519622553785027,0.04739666608526532,-0.1802758958543252,1,-21883.0,-0.3882070768892341,1.3621224018872309,0.7341335388906433,56369.400000000016,1.3622,1.362,1789193100,2026-09-12T06:05:00+00:00,1.3621,B-XRP_USDT,103
1.3621,0.0008075765362307585,-0.00022024814624488354,-0.00036708024374143555,7.341604874833152e-05,-0.00044049629248965605,0.0009544086337271995,-0.1723676844107064,-0.3673694493132368,-0.012321655815155381,-0.0733698019368112,2,-4761.4000000000015,-0.5788091706985,1.3620316315275343,0.7341874380528541,8226.2,1.3621,1.362,1789193160,2026-09-12T06:06:00+00:00,1.362,B-XRP_USDT,121
1.3615,0.0013955196474477738,0.00029379360998915693,0.0,0.0008813808299670267,0.0002203452074918122,0.0014689680499448965,-0.0745959080940253,-0.3860376539915616,0.09033419257253719,-0.18627449271858348,2,-49146.10000000001,-0.4703169604108113,1.3618806981173006,0.7342683105446537,104495.7,1.362,1.3615,1789193220,2026-09-12T06:07:00+00:00,1.362,B-XRP_USDT,115
1.3618,0.0008811866647084887,-0.00014686444411804445,0.00022029666617728871,0.0011749155529445776,0.0,0.0010280511088265332,-0.08042030972545872,-0.07423723794410542,0.08172936777213254,-0.07192819769149439,2,49847.29999999999,0.5967642491916008,1.3616462881381026,0.7344031178301101,83529.30000000002,1.3618,1.3615,1789193280,2026-09-12T06:08:00+00:00,1.3616,B-XRP_USDT,102
1.3618,0.0013952122191218663,-0.00022029666617706667,7.343222205924427e-05,0.0008811866647084887,7.343222205924427e-05,0.0007343222205904443,-0.2308908723445634,-0.28694049146495254,-0.13590590161921037,-0.02847757588655215,2,-5424.8,-0.4365895665330694,1.3617356529754265,0.7343491830364531,12425.4,1.3618,1.3617,1789193340,2026-09-12T06:09:00+00:00,1.3617,B-XRP_USDT,111
1.3619,0.0009545487921285289,0.00014685366032751723,0.0,0.0011014024524560462,-0.00022028049049138687,0.0008811219619648814,-0.25053297228091337,-0.45344391860331534,-0.14125145824491492,-0.07625250005821312,2,22038.999999999993,0.6154151168894995,1.3617273278040698,0.7343491830364531,35811.59999999999,1.3619,1.3617,1789193400,2026-09-12T06:10:00+00:00,1.3618,B-XRP_USDT,134
1.3616,0.0009547591069329897,0.00022032902467694626,0.0004406580493538925,0.0013219741480610114,-7.344300822564875e-05,0.000881316098707563,-0.083757291818744,-0.04487246079632548,0.06514253599402538,0.058394347977994,2,-29994.8,-0.631586483390607,1.36174775637696,0.7343491869973837,47491.20000000001,1.3619,1.3616,1789193460,2026-09-12T06:11:00+00:00,1.3618,B-XRP_USDT,127
1.3615,0.0022034520749174558,0.00029379360998915693,0.0008813808299670267,0.0014689680499448965,0.0004406904149836244,0.0008813808299670267,,,,,0,-57350.80000000001,-0.9419838050030387,,,60883.00000000001,1.3617,1.3615,1789193520,2026-09-12T06:12:00+00:00,1.3617,B-XRP_USDT,41
1.3621,0.0015417370237134076,7.341604874833152e-05,0.0009544086337271995,0.0008075765362307585,-0.00014683209749655202,0.00044049629248954503,0.0614385971290156,0.390140571157073,-0.027760508175802993,0.4503736966738955,2,94845.3,0.9184802345073231,1.3621195070285579,0.7341604884717488,103263.29999999994,1.3622,1.3615,1789193580,2026-09-12T06:13:00+00:00,1.3615,B-XRP_USDT,120
1.3619,0.001688817093766115,0.0005874146413098469,0.0008076951318010117,0.0006608414714734945,0.0,0.00029370732065503447,-0.07163136622881588,-0.12563363548547454,-0.03889421514308058,0.22035978121439356,2,-112322.5,-0.8728124808163474,1.362093718318226,0.7341604884717488,128690.3,1.3622,1.3619,1789193640,2026-09-12T06:14:00+00:00,1.3621,B-XRP_USDT,145
1.3619,0.0018356707540934103,0.0011014024524560462,0.0011014024524560462,0.0008811219619648814,0.00022028049049116483,0.0011014024524560462,0.11182821686409056,-0.3213288922956292,0.26985506377226287,0.17521016108995816,2,-23122.300000000007,-0.6530487167682953,1.3618839335553852,0.7342683026278545,35406.700000000004,1.362,1.3618,1789193700,2026-09-12T06:15:00+00:00,1.362,B-XRP_USDT,133
1.3622,0.0016150345030099267,0.0005872852738217915,0.0008809279107324652,0.00044046395536634364,0.0003670532961386197,0.0006606959330495155,-0.05415835114978215,-0.4245233501109081,0.053731292679289125,0.05975958892162739,2,164913.6,0.7915515915642632,1.3619287738324946,0.7342413490892499,208342.19999999995,1.3623,1.3618,1789193760,2026-09-12T06:16:00+00:00,1.3618,B-XRP_USDT,82
1.3627,0.001320907022822393,0.0005136860644308072,0.0005870697879208908,0.0,0.0005136860644308072,0.0005870697879208908,-0.14016856652033285,-0.15010943823534367,-0.1763161312273708,-0.2096266781093079,2,31814.699999999997,0.9027111382240696,1.3624924945280883,0.7339449788382317,35243.5,1.3628,1.3622,1789193820,2026-09-12T06:17:00+00:00,1.3622,B-XRP_USDT,72
1.3634,0.0,0.0,-0.00014669209329620791,-0.0005134223265365057,-0.0002933841865923048,7.334604664799294e-05,0.027681942676920816,0.6034345290880351,-0.15442270880531359,0.22523169673452723,3,230146.79999999993,0.9910876234408936,1.3631801717264542,0.7335950164290815,232216.4,1.3635,1.3627,1789193880,2026-09-12T06:18:00+00:00,1.3627,B-XRP_USDT,86
1.363,0.00044020542920031325,0.0003668378576668907,-0.00014673514306673408,-0.0005135730007336248,0.00029347028613346815,0.00029347028613346815,0.1296144951701386,-0.5442599771834796,0.02714203096229207,-0.03499879782126744,2,-33834.3,-0.7808606145928297,1.3633227870011408,0.7334873696262347,43329.499999999985,1.3635,1.363,1789193940,2026-09-12T06:19:00+00:00,1.3634,B-XRP_USDT,78
1.3634,-0.00036673023324040877,-0.00014669209329620791,-0.00022003813994420085,0.0,0.0,-0.00022003813994420085,-0.02435040528102761,0.048430761505282416,-0.204998489493401,0.29853803258958117,2,14310.3,0.2581656013725246,1.363352421538075,0.7334873656800454,55430.700000000004,1.3634,1.363,1789194000,2026-09-12T06:20:00+00:00,1.363,B-XRP_USDT,80
1.3634,-0.0004400762798885127,-0.0004400762798885127,-0.0004400762798885127,-0.00022003813994420085,7.334604664799294e-05,-0.00014669209329620791,0.0953101883059029,0.08480979614319936,-0.07797656287043186,0.1878955365321599,2,26620.4,0.6091791994288172,1.3633542404898071,0.7334873656800454,43698.80000000001,1.3635,1.3633,1789194060,2026-09-12T06:21:00+00:00,1.3633,B-XRP_USDT,88
1.3635,-0.0005867253392005667,-0.00029336266960022783,-0.0005867253392005667,0.0,-0.00022002200220017087,-7.334066740005696e-05,0.08661981343064512,0.16954211859409982,-0.11009553817047146,0.2630530874276229,2,-16076.400000000003,-0.08467957300982147,1.3634084771059296,0.7334604674672147,189849.8,1.3635,1.3633,1789194120,2026-09-12T06:22:00+00:00,1.3635,B-XRP_USDT,84
1.3632,-0.0002934272300468832,-0.0002934272300468832,-0.00036678403755863176,0.00022007042253524567,-0.0002934272300468832,-0.0001467136150234971,0.17629621260638184,0.2094492400179957,-0.008896645320990618,0.2517756247557129,2,-116867.89999999997,-0.8578637948841416,1.363360472462001,0.7334873696262347,136231.30000000002,1.3635,1.3632,1789194180,2026-09-12T06:23:00+00:00,1.3635,B-XRP_USDT,95
1.3628,0.0,-7.33783387144582e-05,-0.00036689169357206897,0.00044027003228652717,0.00022013501614326358,0.0006604050484295687,0.008974379246521003,-0.17468230424946135,-0.013124411264522767,0.10677409516747935,2,16207.0,0.19554825180562704,1.3630412658847875,0.7336488181134315,82879.79999999996,1.3633,1.3627,1789194240,2026-09-12T06:24:00+00:00,1.3632,B-XRP_USDT,69
1.3631,-0.0005135353238939766,-0.0002934487565108279,0.0002200865673831487,0.0,-0.0002200865673831487,7.336218912779024e-05,-0.05711043600347107,0.05199425867409785,-0.0742156213722483,0.22061465497173455,2,31347.800000000003,0.4173563181663259,1.3628525997129337,0.7337564662287778,75110.4,1.3631,1.3628,1789194300,2026-09-12T06:25:00+00:00,1.3628,B-XRP_USDT,60
1.3628,-0.00036689169357206897,-0.00036689169357206897,0.00022013501614326358,0.00029351335485761076,-7.33783387144582e-05,7.337833871434718e-05,-0.14987618952199974,-0.405103767875298,-0.17934821992072514,-0.0018676682233311342,2,-23758.399999999987,-0.24866917445903466,1.3629797448116063,0.7336757163210492,95542.20000000003,1.3631,1.3628,1789194360,2026-09-12T06:26:00+00:00,1.3631,B-XRP_USDT,62
1.3627,-0.00014676744698027822,0.0005136860644308072,0.0005870697879208908,0.0005136860644308072,0.0,0.001320907022822393,-0.1860650363251997,-0.5687865126634584,-0.10926307052491138,-0.1606928966393798,2,-7034.700000000003,-0.07403770558574377,1.3628715606743669,0.7337295482763133,95015.1,1.363,1.3627,1789194420,2026-09-12T06:27:00+00:00,1.3629,B-XRP_USDT,105
1.3627,-0.00014676744698027822,0.00029353489396055643,0.0005870697879208908,0.00022015117047047283,-0.0002935348939604454,0.00110075585235192,-0.11225331924223643,-0.423846374415347,-0.005094065263271427,-0.3026783013614982,2,-20022.4,-0.839000025141842,1.3627288076812791,0.7338103100347751,23864.6,1.3628,1.3627,1789194480,2026-09-12T06:28:00+00:00,1.3627,B-XRP_USDT,54
1.3623,7.340527049848333e-05,0.0008808632459809118,0.0008074579754826505,0.0010276737869778785,0.0008074579754826505,0.001394700139470073,-0.26632393687104905,-0.8188467487529181,-0.051579278590121465,-0.4700331530027754,2,-48981.600000000006,-0.8216045758760087,1.3625090576625625,0.7339180253100779,59617.0,1.3628,1.3623,1789194540,2026-09-12T06:29:00+00:00,1.3627,B-XRP_USDT,68
1.3634,-0.0005867683731846096,7.334604664799294e-05,-0.00022003813994420085,-0.00014669209329620791,-0.00022003813994420085,0.0007334604664810396,-0.14335122122566618,-0.4442145375043487,-0.05141419531162408,-0.19106399376986358,3,418411.29999999993,0.6905230091929166,1.3634277892731248,0.7334335771444476,605933.9000000001,1.364,1.3623,1789194600,2026-09-12T06:30:00+00:00,1.3623,B-XRP_USDT,91
1.3631,-0.0002934487565108279,0.0002200865673831487,7.336218912779024e-05,-0.00014672437825546947,0.00029344875651093894,0.000953708458660385,0.07764145042968762,0.2145230137916709,0.07754093936306321,0.15279036364092868,2,-61746.60000000002,-0.3014749896247834,1.3632607261506897,0.7335411739451432,204815.0,1.3634,1.3629,1789194660,2026-09-12T06:31:00+00:00,1.3634,B-XRP_USDT,80
1.3635,-0.0007334066740006806,-0.00029336266960022783,-7.334066740005696e-05,0.0007334066740007916,0.0,0.0007334066740007916,0.07929499197154481,0.14459478002292497,0.14492420048650603,0.10818847343381874,2,51067.3,0.976734622836563,1.363157229739001,0.7335949822102409,52283.7,1.3635,1.3631,1789194720,2026-09-12T06:32:00+00:00,1.3631,B-XRP_USDT,52
1.3635,-0.0006600660066006236,-0.00022002200220017087,-0.0003667033370002848,0.0005133846718006208,-7.334066740005696e-05,-7.334066740005696e-05,0.013505466234614651,-0.3928708960927126,-0.054447559067967694,-0.1287243616037513,2,45098.600000000006,0.46860362176383313,1.3634303564551953,0.733433573199705,96240.4,1.3636,1.3633,1789194780,2026-09-12T06:33:00+00:00,1.3635,B-XRP_USDT,74
1.3634,-0.00036673023324040877,0.0,0.00022003813994420085,0.0005867683731848317,-0.00022003813994420085,0.00014669209329620791,0.0760732448162193,0.3056738438828601,-0.1179767303617753,0.20625195847586386,4,-288346.9999999999,-0.3767928719220203,1.3638152836921942,0.7332453764123652,765266.5999999999,1.3647,1.363,1789194840,2026-09-12T06:34:00+00:00,1.3635,B-XRP_USDT,113
1.3631,0.0,-7.336218912767922e-05,7.336218912779024e-05,0.000953708458660385,7.336218912779024e-05,-0.00014672437825546947,-0.15002820100262154,-0.5238550229159106,-0.030225131056262407,-0.013431324575841785,2,-231.40000000000362,-0.0037679073296707816,1.3631238072488543,0.7335949822102409,61413.40000000001,1.3635,1.3631,1789194900,2026-09-12T06:35:00+00:00,1.3635,B-XRP_USDT,87
1.3632,-0.00022007042253513465,0.0003667840375587428,-0.00022007042253513465,0.0008802816901409827,0.0001467136150234971,-0.0002934272300468832,-0.07977953550305988,-0.18164694053795327,0.023916111424449667,0.16476104316374995,2,-569.6999999999997,-0.0417506394143038,1.3631409176529732,0.7335949822102409,13645.300000000001,1.3632,1.3631,1789194960,2026-09-12T06:36:00+00:00,1.3631,B-XRP_USDT,79
1.3634,-0.00014669209329620791,-0.00014669209329620791,0.0008068065131290325,0.0008068065131290325,-0.0002933841865923048,-0.0005134223265365057,-0.07904195672676931,-0.050641370027116245,-0.0442106565671772,0.14956735471186397,2,28364.99999999999,0.4830206286335104,1.3632474679314988,0.7335411739451432,58724.19999999999,1.3634,1.3631,1789195020,2026-09-12T06:37:00+00:00,1.3632,B-XRP_USDT,82
1.363,0.0008804108584006265,-7.336757153342255e-05,0.0008804108584006265,0.00029347028613346815,0.0005135730007335138,-0.00014673514306673408,-0.12550445906825286,-0.4403950421026691,0.04159284154827407,0.04933142433410516,2,-18042.80000000001,-0.4658442504014833,1.3630279802478946,0.7336488023182496,38731.4,1.3634,1.363,1789195080,2026-09-12T06:38:00+00:00,1.3634,B-XRP_USDT,53
1.3637,0.0004399794676248625,0.0005866392901665574,0.0003666495563541261,-7.332991127084743e-05,-0.0003666495563540151,-0.0006599692014371827,0.0361079342454514,0.6094963765799176,0.08097656182663096,0.2903554200142867,2,100012.49999999999,0.8708423563093786,1.3632304748188289,0.7335680761041632,114845.69999999998,1.3637,1.3631,1789195140,2026-09-12T06:39:00+00:00,1.3632,B-XRP_USDT,73
1.3632,0.0007335680751174856,0.0007335680751174856,0.0008802816901409827,-0.00022007042253513465,-0.00022007042253513465,-0.0005868544600938774,-0.06956919724484686,0.009066519137036924,-0.014923982048985318,-0.006709220301683192,2,-24836.399999999998,-0.263646535050752,1.3633504533259568,0.7334873696262347,94203.39999999997,1.3637,1.3632,1789195200,2026-09-12T06:40:00+00:00,1.3637,B-XRP_USDT,79
1.3629,0.0007337295472888972,0.0009538484114754997,0.0011005943209332347,-7.337295472886751e-05,0.0011739672756623243,-0.0004402377283733161,0.05148851603199572,-0.4806253282206382,0.2043481952127295,0.11698092852923096,2,-54221.8,-0.3704540268286718,1.362925968733589,0.7337026303238487,146365.8,1.3633,1.3629,1789195260,2026-09-12T06:41:00+00:00,1.3633,B-XRP_USDT,76
1.3645,-0.00014657383657012968,-7.328691828512035e-05,0.0,-0.0013191645291316112,-0.00021986075485525003,-0.0014657383657017409,0.10892779737131647,-0.002157755427635955,-0.14231647879319986,0.16720955869379214,2,303325.6,0.5600455531741729,1.3643498921122288,0.7329497602316437,541608.7999999999,1.3646,1.3627,1789195320,2026-09-12T06:42:00+00:00,1.3629,B-XRP_USDT,122
1.3642,7.330303474573086e-05,0.00014660606949123967,-0.0005864242779651807,-0.0010262424864390107,0.0,-0.0012461515906758702,0.01709140433415558,-0.06123258326229064,-0.014918858889592908,0.13168192750957403,2,47617.900000000016,0.5728407151080471,1.364346938370837,0.7329497562941254,83125.90000000001,1.3645,1.3641,1789195380,2026-09-12T06:43:00+00:00,1.3641,B-XRP_USDT,67
1.3642,,0.00021990910423697052,-0.00043981820847394104,-0.0010262424864390107,0.00014660606949123967,-0.00131945462542149,0.0342724508433757,-0.34755706639904743,-0.016937210768336545,-0.07071950777285044,2,77936.90000000001,0.6780099086990375,1.3642326221466798,0.7330034817664575,114949.49999999999,1.3644,1.3642,1789195440,2026-09-12T06:44:00+00:00,1.3643,B-XRP_USDT,76
1.3644,,-0.0007329228965113899,-0.0010993843447669738,-0.0014658457930225577,0.0,-0.0013192612137202797,0.07911887280508101,0.5100361849244306,0.002257624468697407,0.2814980273846538,2,36853.49999999999,0.4401558373930916,1.3642755018092463,0.7330034857048422,83728.3,1.3644,1.3641,1789195500,2026-09-12T06:45:00+00:00,1.3642,B-XRP_USDT,93
1.3644,,-0.0005863383172091119,-0.0011726766344181128,-0.0015391380826736967,7.329228965113899e-05,-0.0012459689240692517,0.0895305505728619,-0.39106373134698913,-0.00033383190540157287,0.09552282640419807,2,50154.19999999999,0.2527016405336772,1.3642304468134328,0.7330034817664575,198472.00000000003,1.3644,1.3642,1789195560,2026-09-12T06:46:00+00:00,1.3644,B-XRP_USDT,87
1.3645,,-0.0011725906925613705,-0.0013191645291316112,-0.0014657383657017409,-0.0008061561011359908,-0.0014657383657017409,-0.023786028788371487,0.11435715746376908,-0.07334751800076897,0.0040929105632003596,4,-161207.69999999998,-0.24674339529939546,1.3638807178578733,0.7332051079288531,653341.5,1.3646,1.3633,1789195620,2026-09-12T06:47:00+00:00,1.3645,B-XRP_USDT,122
1.3634,,-0.0004400762798885127,-0.0004400762798885127,-0.0006601144198327136,0.00014669209329620791,-0.0005867683731846096,-0.1289216283022958,-0.12704231797322307,-0.08924153955999899,-0.15457594278697218,3,-151369.09999999998,-0.19417031494466105,1.3637436478841014,0.7332723560751035,779568.7,1.3648,1.363,1789195680,2026-09-12T06:48:00+00:00,1.3646,B-XRP_USDT,136
1.3636,,-0.0006600176004692981,-0.0005866823115282527,-0.0008800234672923235,-0.0005133470225872072,-0.0005133470225872072,0.045234293556735805,-0.1330099414951038,-0.08258977777603953,-0.07978858603373983,2,239300.3,0.4489364085094822,1.3636433495029252,0.7333260000732519,533038.3000000002,1.364,1.3636,1789195740,2026-09-12T06:49:00+00:00,1.3636,B-XRP_USDT,102
1.3629,,-7.337295472886751e-05,-0.0003668647736444486,-0.00022011886418660254,-7.337295472886751e-05,0.00014674590945773502,-0.13893702174294764,-0.2602617437253356,-0.008674655474807905,-0.13269268790510325,2,-50092.500000000015,-0.18368123710417836,1.3631369869128136,0.733594998001947,272714.29999999993,1.3637,1.3629,1789195800,2026-09-12T06:50:00+00:00,1.3637,B-XRP_USDT,95
1.3628,,0.0,-0.00036689169357206897,-7.33783387144582e-05,-7.33783387144582e-05,7.337833871434718e-05,-0.05131067615956052,0.05152823404182645,0.11716187033984543,0.06703246267733072,2,-37556.6,-0.4245669725724803,1.362952576411702,0.7337026303238487,88458.59999999999,1.363,1.3628,1789195860,2026-09-12T06:51:00+00:00,1.3629,B-XRP_USDT,84
1.3627,,-0.0002201511704703618,-0.00014676744698027822,-0.00014676744698027822,7.33837234900836e-05,0.00036691861745064003,-0.04195433323435675,-0.2503746616323308,0.15641025847985066,0.07521769351143237,2,-22145.899999999998,-0.7732264000083794,1.3627874812669183,0.7337833881317765,28640.900000000005,1.3629,1.3627,1789195920,2026-09-12T06:52:00+00:00,1.3629,B-XRP_USDT,72
1.3628,,-0.00036689169357206897,-0.00022013501614326358,-0.00014675667742880538,0.0,0.0010272967420017487,-0.050538021011537614,-0.12942366106043324,0.0975750915238427,0.15440644679807802,2,44104.1,0.779112883138632,1.362843528816947,0.7337564662287778,56608.100000000006,1.3629,1.3627,1789195980,2026-09-12T06:53:00+00:00,1.3627,B-XRP_USDT,77
1.3628,,-0.00022013501614326358,-0.00029351335485761076,7.337833871434718e-05,-0.00029351335485761076,0.001100675080716318,-0.08931359050232988,-0.19426216926419188,-0.001883392848038554,0.16181091048752233,2,-16400.3,-0.6161472715318869,1.3627902868915367,0.7337833881317765,26617.5,1.3629,1.3627,1789196040,2026-09-12T06:54:00+00:00,1.3628,B-XRP_USDT,61
1.3624,,7.339988256016561e-05,0.00014679976512033122,0.0005137991779211593,-7.339988256016561e-05,0.001321197886083425,0.09850934037749924,-0.14497126296462726,0.25671206968313987,-0.04407340380390641,2,-97835.69999999997,-0.8233463971541795,1.362392751436852,0.7339988265904107,118826.9,1.3628,1.3623,1789196100,2026-09-12T06:55:00+00:00,1.3628,B-XRP_USDT,67
1.3623,,7.340527049848333e-05,0.0002936210819937113,0.0004404316229904559,0.00014681054099674462,0.001174484327974623,-0.08785704111867462,-0.37177905771586744,0.02901562382921223,-0.15934559880337057,2,5323.199999999984,0.02647480983912785,1.3624814110471144,0.7339449630239132,201066.60000000003,1.3627,1.3622,1789196160,2026-09-12T06:56:00+00:00,1.3624,B-XRP_USDT,63
1.3625,,7.339449541277077e-05,0.0,0.0005137614678898395,0.0,0.001321100917431206,0.07968801671633277,0.6535447108818067,0.04143914496742553,0.4349506862483812,2,19841.400000000005,0.8306706857573476,1.362482677235544,0.7339718888765753,23886.0,1.3625,1.3623,1789196220,2026-09-12T06:57:00+00:00,1.3623,B-XRP_USDT,54
1.3625,,0.00014678899082576358,7.339449541277077e-05,0.0012477064220184353,-7.339449541288179e-05,0.001321100917431206,-0.11478258806720033,-0.21508939477996608,-0.04553263789568379,0.18367271079669362,2,-2222.6,-0.38760419936521234,1.3624392455302612,0.7339718888765753,5734.199999999998,1.3625,1.3624,1789196280,2026-09-12T06:58:00+00:00,1.3625,B-XRP_USDT,59
1.3624,,7.339988256016561e-05,0.00036699941280082804,0.0013945977686435906,0.00014679976512033122,,-0.06108734891771234,0.24374284120903883,-0.017915348684199972,0.31031203372797184,2,-8335.999999999995,-0.1610547385178944,1.3624121871420605,0.7339988265904107,51758.80000000001,1.3625,1.3623,1789196340,2026-09-12T06:59:00+00:00,1.3624,B-XRP_USDT,68
1.3626,,0.0,0.00036694554528104995,0.0011742257448994486,7.338910905629881e-05,,-0.0811601330910619,0.20470073743694017,-0.10564213902678306,0.20348710970024753,2,46986.200000000004,0.9336255578560839,1.362560235036872,0.7339180213569335,50326.60000000001,1.3626,1.3624,1789196400,2026-09-12T07:00:00+00:00,1.3624,B-XRP_USDT,66
1.3627,,0.0001467674469801672,0.0001467674469801672,0.0008806046818814472,-0.00014676744698027822,,-0.03662329206684724,0.05554590849325397,-0.12476089583316352,0.20118292435199028,2,10544.499999999998,0.22825223446696408,1.3626027772954246,0.733891091550257,46196.7,1.3628,1.3625,1789196460,2026-09-12T07:01:00+00:00,1.3626,B-XRP_USDT,92
1.3625,,0.0004403669724770687,0.0005137614678898395,0.001321100917431206,7.339449541277077e-05,,-0.09296714514447672,0.16208519721172707,-0.15296166255794708,0.14875341140169143,2,12710.500000000004,0.14263238985700294,1.3625581042598607,0.7339180213569335,89113.7,1.3628,1.3625,1789196520,2026-09-12T07:02:00+00:00,1.3627,B-XRP_USDT,78
1.3626,,0.00022016732716867438,0.0011742257448994486,0.0012476148539557474,0.00022016732716867438,,0.0428062977449599,0.40678828358635166,-0.0401239611919741,0.2700763310794172,2,2867.2999999999997,0.6346251742989308,1.3625703394141793,0.7339180213569335,4518.1,1.3626,1.3625,1789196580,2026-09-12T07:03:00+00:00,1.3626,B-XRP_USDT,70
1.3629,,0.00022011886418660254,0.0010272213662043672,,0.00014674590945773502,,0.002137036170274999,-0.08827152241904745,-0.17585798994900248,0.19674980930202932,2,26428.300000000003,0.367828586141866,1.362895586423879,0.7337295482763133,71849.50000000001,1.363,1.3625,1789196640,2026-09-12T07:04:00+00:00,1.3625,B-XRP_USDT,95
1.3631,,0.0008069840804050266,0.0008069840804050266,,-0.00014672437825546947,,0.1351620734129429,-0.13990138216910916,-0.08450709435893158,0.3154311031821442,2,67136.79999999997,0.9251417956929389,1.3629930049308916,0.7336757242195093,72569.19999999995,1.3632,1.3628,1789196700,2026-09-12T07:05:00+00:00,1.3629,B-XRP_USDT,74
1.3629,,0.0010272213662043672,0.0007337295472888972,,0.00022011886418660254,,0.08613530204668543,-0.036159655102572456,-0.13549761285750142,0.19257144353592584,2,-22469.999999999996,-0.4311204911742133,1.3629481920172448,0.7337026303238487,52120.0,1.3632,1.3629,1789196760,2026-09-12T07:06:00+00:00,1.3632,B-XRP_USDT,77
1.3632,,0.0007335680751174856,0.0008069248826292341,,0.0007335680751174856,,0.09664268782812556,0.3764711535034428,-0.11582635011033145,0.3413416674136044,2,57117.0,0.8143191979561111,1.3630688235576751,0.7336488062670448,70140.8,1.3632,1.3629,1789196820,2026-09-12T07:07:00+00:00,1.363,B-XRP_USDT,78
1.3642,,-0.00021990910423708154,7.330303474573086e-05,,7.330303474573086e-05,,-0.04777135411072682,0.1708161948886592,-0.21049150042055406,0.14378702987165046,2,146369.6,0.9887018701424325,1.3636585408097444,0.7333260986629,148042.19999999998,1.3642,1.3631,1789196880,2026-09-12T07:08:00+00:00,1.3632,B-XRP_USDT,83
1.3643,,0.0,,,-7.329766180452779e-05,,-0.07031222741982546,-0.0627469651135065,-0.18647020941757933,-0.08193224253170502,2,15343.500000000007,0.12977967017770017,1.3640968626517442,0.7330840857293603,118227.29999999997,1.3643,1.364,1789196940,2026-09-12T07:09:00+00:00,1.3642,B-XRP_USDT,80
1.3642,,7.330303474573086e-05,,,-0.00021990910423708154,,-0.030317762423809423,-0.5643289996572841,-0.11025701646175054,-0.23354793067393048,2,-23999.100000000006,-0.5389652825968322,1.3641717835500171,0.7330303484410083,44528.100000000006,1.3643,1.3641,1789197000,2026-09-12T07:10:00+00:00,1.3643,B-XRP_USDT,81
1.3639,,,,,0.0002932766331844583,,-0.05723858427515624,-0.21191485753017808,-0.07653855762366094,-0.18097937841533931,2,-67025.4,-0.8573347250149655,1.3640394042571236,0.733110960284093,78178.8,1.3642,1.3639,1789197060,2026-09-12T07:11:00+00:00,1.3642,B-XRP_USDT,97
1.3643,,,,,0.0,,-0.06127924520437389,0.2621342165178921,-0.06971125610704915,-0.037882025164795094,2,100717.2,0.8292989791566143,1.3640131067108259,0.7331378308978942,121448.6,1.3643,1.3639,1789197120,2026-09-12T07:12:00+00:00,1.364,B-XRP_USDT,87
1.3643,,,,,,,-0.029192149885263297,-0.1023376064991344,-0.17072878841416003,0.11503830155001114,1,10721.7,0.8340295442346736,1.3643448831196752,0.7329497562941254,12855.300000000001,1.3644,1.3643,1789197180,2026-09-12T07:13:00+00:00,1.3643,B-XRP_USDT,24
