close,forward_return_1800s,forward_return_180s,forward_return_300s,forward_return_600s,forward_return_60s,forward_return_900s,futures_book_imbalance_10_mean,futures_book_imbalance_1_mean,futures_book_imbalance_20_mean,futures_book_imbalance_5_mean,futures_book_valid_seconds,futures_delta_qty,futures_delta_ratio,futures_microprice_mean,futures_spread_bps_mean,futures_total_qty,high,low,minute_epoch,minute_utc,open,symbol,trade_count
83536.5,-0.0013263663189144737,-0.00020709510214100835,-0.0005171392145947307,-0.0012617239170901184,-0.0002597666888126682,-0.0012329939607237383,-0.2145019223456933,-0.16281979669932728,-0.25797692177606507,-0.19412616184612488,26,-16.805999999999987,-0.18635234631420183,83578.22262824092,0.011964838656139832,90.18400000000004,83612.6,83536.5,1790812800,2026-10-01T00:00:00+00:00,83567.9,B-BTC_USDT,953
83514.8,-0.000690895505946254,-0.00025504461484671115,-0.00040950825482422015,-0.00022870197857149943,-0.00017601670602096497,-0.0011411151077413972,0.17611266394276312,0.1410973783905966,0.16196128532055093,0.17723475406811226,13,-17.991999999999997,-0.24811760487629958,83518.58013179198,0.011973384738717202,72.51400000000004,83534.2,83505.3,1790812860,2026-10-01T00:01:00+00:00,83534.2,B-BTC_USDT,506
83500.1,-0.0007556877177393728,-8.143702821916676e-05,9.820347520528294e-05,3.712570404101889e-05,0.0002287422410272022,-0.0010047892158213667,-0.4547677303358536,-0.45568878668528734,-0.5886085509146892,-0.4560741568073037,5,1.8300000000000007,0.04757695507487523,83506.28721556066,0.011975142995719506,38.464,83514.8,83500.0,1790812920,2026-10-01T00:02:00+00:00,83514.8,B-BTC_USDT,298
83519.2,-0.0009159570493970648,-0.0004621691778655679,-0.00012811425396797027,-0.00025024186055411235,-0.0003077136754182641,-0.0013038917997297839,0.07590035176535179,0.039189131267415356,0.057154629539651336,0.03657996784526238,4,4.028999999999998,0.16800800633835117,83508.95195945656,0.011974764519934768,23.980999999999995,83519.3,83499.9,1790812980,2026-10-01T00:03:00+00:00,83500.0,B-BTC_USDT,262
83493.5,-0.0008839011420050946,0.00017725930761081088,-0.0006347799529304865,-0.0003569140112703595,-2.39539604873773e-06,-0.0009605538155664783,-0.1952154706259312,-0.21343750079836438,-0.1926713899587214,-0.19449956599986568,10,-8.765999999999996,-0.2665085735133163,83504.83932812497,0.011975352665443268,32.89199999999999,83525.7,83484.8,1790813040,2026-10-01T00:04:00+00:00,83525.2,B-BTC_USDT,503
83493.3,-0.0008359952235689194,0.00018205053579145591,-0.0007449699556730804,-0.0007162251342324177,-0.0001521080134573305,-0.0004215907144644593,-0.2273965595401407,-0.20852227906343188,-0.2623639635333759,-0.21769819063001603,6,-8.165000000000001,-0.30604595374639226,83498.23957388605,0.011976298943707213,26.679000000000006,83504.6,83493.2,1790813100,2026-10-01T00:05:00+00:00,83493.5,B-BTC_USDT,267
83480.6,-1.79682465147879e-05,-0.0004803511234946489,0.00018088034824836896,-0.0007319065747012354,0.0003318136189724985,-0.00041207178673863254,0.05369436635864971,0.06265185786301551,0.017464118560954155,0.044587208359779924,6,-3.6280000000000023,-0.08116331096196877,83475.98646592624,0.011979493560745244,44.69999999999998,83493.3,83468.1,1790813160,2026-10-01T00:06:00+00:00,83493.2,B-BTC_USDT,366
83508.3,-0.0005999403652092727,-0.0009244590058712365,-6.107177370395789e-05,-0.0011028843839475666,2.3949715177717934e-06,-0.0009088916910057199,0.5860133012953908,0.6995972296454053,0.5479966977222877,0.7020853203076387,5,9.87,0.44761904761904764,83496.46497986148,0.011976560027476246,22.049999999999997,83508.4,83483.3,1790813220,2026-10-01T00:07:00+00:00,83483.3,B-BTC_USDT,323
83508.5,-0.0005304849206967388,-0.00015327781004337293,-0.00012214325487824862,-0.0011759281989258685,-0.0008142883658549538,-0.0009711586245712001,0.2585428149360821,0.2482737960111173,0.23070286651772776,0.25548752617147835,5,-2.909999999999999,-0.1777424871732225,83511.9024136898,0.01197434284746494,16.372,83518.3,83508.3,1790813280,2026-10-01T00:08:00+00:00,83508.4,B-BTC_USDT,279
83440.5,0.00040268215075411895,0.0007514336563179125,0.00027804243742535206,-0.00032598078870571534,-0.00011265512550850953,-9.467824377840106e-05,-0.2805814107038774,-0.355275204057022,-0.2851150004364653,-0.35941198850644546,12,-51.74900000000001,-0.8271502325655741,83459.20723623979,0.01198189942709249,62.563,83487.1,83440.5,1790813340,2026-10-01T00:09:00+00:00,83487.1,B-BTC_USDT,476
83431.1,0.0005729278410566696,0.0008054550401468408,2.876625143377609e-05,0.00032362032863053614,0.0007742916010935463,0.00018937782193906294,0.1241520099985409,0.12428054231991298,0.11074473188252665,0.11422172692923079,16,-20.279000000000003,-0.22323128914721013,83436.46871402711,0.011985167939631553,90.84299999999998,83455.7,83418.8,1790813400,2026-10-01T00:10:00+00:00,83440.5,B-BTC_USDT,673
83495.7,-0.00034852094179693704,-0.0003832532693300861,-0.00091262184759211,-0.0005928449009948711,8.982498499920943e-05,-0.0007425532093269238,0.03464846286999207,0.1408854291686944,-0.016647607850794693,0.08662238396693972,17,41.297,0.5505605993947392,83453.0629266244,0.011982785656567584,75.009,83495.7,83425.0,1790813460,2026-10-01T00:11:00+00:00,83431.0,B-BTC_USDT,656
83503.2,-0.00023591910250142512,-0.0008346985504746884,-0.0010418762394734937,-0.000847871698330116,-5.8680385901288545e-05,-0.0007436840743826334,0.38938806090081735,0.3879436969267692,0.31694937733698014,0.40185641801418615,13,-15.920000000000005,-0.3669386438021485,83507.12324333869,0.011975029155411578,43.385999999999974,83515.3,83495.5,1790813520,2026-10-01T00:12:00+00:00,83495.6,B-BTC_USDT,520
83498.3,-8.383404213019308e-05,-0.0009437317885514496,-0.0010539136724939668,-0.0008491190838616491,-0.0004143796939578559,-0.000643126866055943,0.04540187819721746,0.008110080731881419,0.016962557186924253,0.026300322880600004,5,-18.087999999999997,-0.5096072575646586,83500.31040550405,0.011976003459828369,35.49400000000001,83503.2,83494.9,1790813580,2026-10-01T00:13:00+00:00,83503.1,B-BTC_USDT,201
83463.7,0.0008530654643874591,-0.0005691096848090549,-0.0006038553287236459,-0.0003726170778433069,-0.00036183394697331117,-0.00023603075348921365,-0.6744015220410475,-0.7239026985874588,-0.659629974074409,-0.7058846591641988,7,-22.066999999999993,-0.7629568163745113,83484.1709477222,0.011978313633123782,28.923000000000002,83498.4,83463.7,1790813640,2026-10-01T00:14:00+00:00,83498.3,B-BTC_USDT,324
83433.5,0.0008234102608664084,-0.00027806576495048585,0.0002948455955942286,0.00016060695044539663,-0.0001677983064356514,-9.34876278713137e-05,-0.40029032660910596,-0.4704429758622698,-0.3473924736760671,-0.4667153325350335,14,27.319999999999993,0.38088333705108185,83452.29790642264,0.011982890314514435,71.72799999999998,83475.9,83433.5,1790813700,2026-10-01T00:15:00+00:00,83453.1,B-BTC_USDT,571
83419.5,0.0007444302591121943,-7.432314986299815e-05,0.0003200690486035995,0.00017022398839605657,-3.9559095894925456e-05,0.0004507339411050637,-0.2831776449008646,-0.3076114080075012,-0.2186144193942555,-0.28436173858393443,28,28.778999999999993,0.2864180575045531,83437.30247657247,0.01198504545925765,100.479,83466.0,83414.5,1790813760,2026-10-01T00:16:00+00:00,83430.1,B-BTC_USDT,871
83416.2,0.0005826206420336266,0.000502300512370546,0.0001942068806777275,0.0002985031684494821,-7.07296664196333e-05,0.00024935204432718905,-0.05545049040601824,-0.08992076875110576,0.00018023367585773205,-0.06440603487820726,20,20.189999999999994,0.3876876992204001,83430.61550396157,0.0119860073008875,52.077999999999996,83457.1,83415.4,1790813820,2026-10-01T00:17:00+00:00,83426.1,B-BTC_USDT,680
83410.3,0.0008416226772951507,0.00043040248026904315,0.00020501065216160796,0.00041122019702610757,3.596678108097606e-05,0.0003884412356747191,-0.08571548095245608,0.040600813455381086,-0.0650872337547916,-0.09094130444920498,17,65.72800000000001,0.5636566332218504,83412.8814418054,0.011988556796956897,116.61000000000004,83438.5,83382.5,1790813880,2026-10-01T00:18:00+00:00,83415.7,B-BTC_USDT,753
83413.3,0.0009890509067498332,0.0002289802705321975,0.00023137796970029711,0.00036804682226931895,0.0005370846136047991,7.672637337208243e-05,0.03545868545347142,0.05614783380232649,-0.036796481043339685,0.012157804275791367,13,21.364,0.3571739057745678,83411.72973046862,0.011988722031169852,59.814,83425.1,83400.0,1790813940,2026-10-01T00:19:00+00:00,83410.3,B-BTC_USDT,495
83458.1,3.474797533131735e-05,-0.0003678492560938995,-0.00013419907714184998,-0.00038821875887429247,-0.00014258651946319478,-0.000414579291884265,0.500979540906374,0.5432881988542135,0.4460257852885295,0.5203246920581144,14,-10.82000000000001,-0.2728189611699448,83447.2057358385,0.011983628984183158,39.65999999999999,83469.5,83413.2,1790814000,2026-10-01T00:20:00+00:00,83413.3,B-BTC_USDT,580
83446.2,0.00040265464454947164,-0.0001629792608889291,-0.00014979711478768643,0.0001306230840949496,-0.00016537601472566,0.00039426600612135765,0.07034245262285956,0.05265949174130353,0.033389290738331405,0.053667008397396805,11,-18.764999999999983,-0.467663551401869,83457.07081479278,0.011982208803301137,40.12499999999998,83469.6,83440.6,1790814060,2026-10-01T00:21:00+00:00,83469.6,B-BTC_USDT,453
83432.4,0.0006747978003749378,0.00017379339441281338,0.00010427603664786567,5.51344561585676e-05,-5.992875669402764e-05,0.0003092323845412803,-0.24561568546821425,-0.24378353818660914,-0.24813338527814136,-0.2364005117509933,9,8.695,0.2706614785992218,83445.20447748975,0.011983910469205347,32.125,83457.2,83432.4,1790814120,2026-10-01T00:22:00+00:00,83443.2,B-BTC_USDT,346
83427.4,0.00037877244166795165,7.551475894018722e-05,0.00020616727837641236,0.00018339298599734377,6.232964229990756e-05,0.00044110208396763717,-0.046575781245475345,0.07150257445378025,-0.0924291664992545,0.001957397171390679,14,34.22999999999999,0.44195114393430784,83431.76786084301,0.0119858427470312,77.45199999999996,83444.9,83420.5,1790814180,2026-10-01T00:23:00+00:00,83432.4,B-BTC_USDT,596
83432.6,0.00025409731927328316,0.00010187864216137932,0.0001366372377222813,-0.00015461582163334153,0.0001713958332831833,0.0004974074882000412,0.2771164449193936,0.33321060304554306,0.26134599451946744,0.3044466101575916,12,-3.0649999999999986,-0.06836787044678903,83437.76666053015,0.01198498310311129,44.83099999999999,83454.4,83414.7,1790814240,2026-10-01T00:24:00+00:00,83427.8,B-BTC_USDT,526
83446.9,0.0005308765214766531,-2.756243790946744e-05,-0.00025405377551468433,-0.0002804178465586338,-0.0001581844262638077,0.00038347739700328454,0.34687298518528775,0.41613253781641824,0.31946365842127655,0.37253468478700136,14,-12.385999999999996,-0.2093361276365602,83443.3922351983,0.011984175554029126,59.168000000000006,83455.1,83426.9,1790814300,2026-10-01T00:25:00+00:00,83432.5,B-BTC_USDT,474
83433.7,0.0007011555282816495,0.0001234513152359451,0.00028046221131283744,0.0005441446322049792,8.869317793669396e-05,0.00039432507487990875,0.01887529585796117,-0.017080867438499042,0.008160138886892453,-0.0026277442874543576,19,-38.11399999999997,-0.6120371262485144,83450.39125193581,0.012613943119656338,62.27399999999998,83470.3,83433.7,1790814360,2026-10-01T00:26:00+00:00,83446.9,B-BTC_USDT,657
83441.1,0.0006100111336020397,-0.000184561325294208,-4.913645673421119e-05,0.00020493497808615757,4.194575574856252e-05,0.0005081428696409596,0.2037425547317092,0.18838663725159932,0.199369746949609,0.23248680896592755,4,4.066999999999999,0.37549626073308073,83438.40941933186,0.011984889467609698,10.831000000000005,83441.1,83433.7,1790814420,2026-10-01T00:27:00+00:00,83433.8,B-BTC_USDT,158
83444.6,0.0006051919477114698,0.00014979998705721975,-2.2769598032823524e-05,0.00023488637970570103,-7.1903993787980625e-06,0.0005596527516460448,0.08943038835126449,0.03339183362897565,0.1090822425551868,0.040173129024488934,7,2.0960000000000014,0.11825772963213739,83432.78024102026,0.011985697020585117,17.723999999999986,83444.6,83425.1,1790814480,2026-10-01T00:28:00+00:00,83441.1,B-BTC_USDT,284
83444.0,0.00019174536215915694,-8.38885959445479e-05,-0.00029121326877912246,0.0003607209625617891,-0.00021930875796949412,0.0010893533387661414,-0.06319974821321926,-0.06876739821052195,-0.09142074441868026,-0.05674076556703874,13,7.5790000000000015,0.1981386107552744,83450.77721912244,0.012904824472150848,38.251000000000005,83464.6,83439.4,1790814540,2026-10-01T00:29:00+00:00,83444.7,B-BTC_USDT,402
83425.7,0.0006688586370866556,0.0002037741367468815,-2.637077063782911e-05,0.0006376931808782516,0.00037638281728535894,0.0009169836153606337,0.09386919148015796,0.10399925559983798,0.09049055318246839,0.10125047065844905,21,15.485000000000001,0.19875752480457967,83421.5790094866,0.01198730710634549,77.90900000000002,83444.0,83394.5,1790814600,2026-10-01T00:30:00+00:00,83443.9,B-BTC_USDT,796
83457.1,0.0001270113627240832,-0.00044813443074354087,0.00026360848867268416,0.00011383093829042679,-0.000240842301014621,0.00029356399874913564,0.47977692826763657,0.512666536519562,0.4665655614014111,0.4836552903912634,12,10.305999999999994,0.32977089466274145,83430.4172999935,0.011986040386977358,31.251999999999992,83457.1,83406.1,1790814660,2026-10-01T00:31:00+00:00,83425.7,B-BTC_USDT,473
83437.0,0.0006963337608016928,-0.00016179872238930582,0.0002540839196039091,0.0005573067104522877,6.831501611981317e-05,0.0003331855172166165,0.10762966230191176,0.14547719173335052,0.07470196025588338,0.12191879399677469,15,-21.910999999999998,-0.5191811008696067,83449.17727385958,0.011983342726748246,42.202999999999975,83457.1,83437.0,1790814720,2026-10-01T00:32:00+00:00,83457.1,B-BTC_USDT,490
83442.7,0.00032956747564494293,0.00043622749503557934,0.0002576618445950807,0.0005824356115036178,-0.00027563825235765727,0.0004530054756137769,0.005074440774269225,0.021625567439578573,0.01812326440718113,0.010514507724354742,8,2.884,0.19160244485782624,83431.85108127836,0.011985830402552685,15.051999999999996,83442.8,83424.9,1790814780,2026-10-01T00:33:00+00:00,83437.0,B-BTC_USDT,311
83419.7,0.0007971738090641889,0.00046152167893187546,0.0006521241385428755,0.0013809687639729784,4.5552789089464696e-05,0.0009122545393953629,-0.0032827032284803437,0.05092049520082382,-0.02825964782505844,0.015675369237521136,12,-14.931999999999995,-0.3881264296111456,83439.8108793581,0.01198468737863796,38.47200000000001,83455.2,83419.7,1790814840,2026-10-01T00:34:00+00:00,83442.8,B-BTC_USDT,418
83423.5,0.0014732059911175543,0.00048787212236356403,0.0006640814638561032,0.0009433792636366345,0.0006664788698629298,0.00044951362625633706,-0.20547598323694358,-0.28609258419063716,-0.21847775093790622,-0.2931841046437024,8,5.238999999999997,0.22203856749311277,83420.77319537078,0.01198741983948376,23.595000000000006,83428.2,83413.4,1790814900,2026-10-01T00:35:00+00:00,83419.6,B-BTC_USDT,301
83479.1,0.0008217625729074474,-5.989523126148644e-05,-0.00014973807815366058,2.9947615630687707e-05,-0.00025036206667305994,8.385332376681376e-06,0.17565768610787338,0.2255891046848863,0.18586457028456985,0.17024533986373178,15,8.792999999999996,0.17100682627044467,83454.6479461219,0.011982557999202675,51.41900000000001,83479.1,83423.5,1790814960,2026-10-01T00:36:00+00:00,83423.6,B-BTC_USDT,665
83458.2,0.0010819787630216293,0.00024802835431381176,0.0003031457663837944,7.908150427415883e-05,7.189227661275055e-05,0.0003654524061147413,-0.054050785252466045,0.039241475534667176,-0.08450989703112717,0.012448916450214518,7,-19.731999999999996,-0.433156254115994,83464.16624778805,0.011981189918875408,45.55400000000001,83479.1,83456.3,1790815020,2026-10-01T00:37:00+00:00,83479.1,B-BTC_USDT,333
83464.2,0.0011993165932220329,2.8754843393929974e-05,0.0003246901066564778,0.0001952933113837929,0.00011861372900012768,-6.230216068681127e-05,0.19488862452171116,0.09422853550655157,0.28601513246324783,0.10509724088813857,8,-5.351000000000001,-0.30537008503110225,83452.92971142678,0.011982803550795824,17.52299999999999,83464.2,83445.0,1790815080,2026-10-01T00:38:00+00:00,83458.8,B-BTC_USDT,293
83474.1,0.0009452033624799405,0.00011260977956029095,0.0007283696380073756,0.0002599608740914139,5.750286615824329e-05,-0.00024318920479526884,0.043017407317293366,0.07453828205512983,0.058313502120623466,0.032970346256445356,24,-33.81999999999999,-0.3615797464023779,83475.1662269141,0.011979611581563456,93.53399999999995,83491.1,83450.3,1790815140,2026-10-01T00:39:00+00:00,83461.7,B-BTC_USDT,888
83478.9,0.0007462963695017422,0.00014854052940327378,0.00027911244637879307,-0.00021442544163852162,-0.00014734262190796432,0.00014734262190807534,0.15636142354589364,0.09729047308337208,0.26567354528177184,0.12474023993695688,16,-7.466000000000005,-0.12111871775737337,83469.82361452366,0.01198037834199549,61.64199999999996,83483.6,83456.9,1790815200,2026-10-01T00:40:00+00:00,83474.1,B-BTC_USDT,613
83466.6,0.0008326683966999315,0.0008182913884116072,0.0001797126036042762,0.0001581470911717897,0.00020247620006075273,0.00030670951015121517,0.08532215021698006,0.052272834057869755,0.1498139406795607,0.0586925124125999,22,-40.136,-0.5391000671591675,83493.47988636898,0.01197698369506072,74.44999999999997,83512.3,83466.6,1790815260,2026-10-01T00:41:00+00:00,83478.8,B-BTC_USDT,705
83483.5,0.000796564590607618,0.00022399635856173994,-0.00022399635856185096,6.228775746097703e-05,9.343163619157657e-05,0.000101816526619114,0.3328822702429048,0.35646101346770326,0.2723091805259869,0.31894619093114446,6,0.9189999999999965,0.03302547885147507,83482.11782305066,0.01197861591720459,27.826999999999995,83491.0,83466.6,1790815320,2026-10-01T00:42:00+00:00,83466.6,B-BTC_USDT,290
83491.3,0.0009438109120352145,-0.00011617976962863263,-0.00012935479505049585,-0.00038686665556775246,0.0005222100985371458,4.551372418437616e-05,-0.18059561121339698,-0.203911018631913,-0.15739917443370557,-0.20660914464547633,6,4.115999999999995,0.2867093898021731,83484.45647111571,0.011978276269308757,14.355999999999995,83491.3,83475.7,1790815380,2026-10-01T00:43:00+00:00,83483.4,B-BTC_USDT,254
83534.9,0.0001759743532345759,-0.0008391702150836178,-0.00046806783751451864,-0.0009708517038985454,-0.00039145315311317486,-0.0008966312283846811,0.37606407750500465,0.4124824815777279,0.2301030425744991,0.3854784923326375,9,18.156,0.6715490457168221,83516.97062412408,0.01197361769830878,27.035999999999998,83535.0,83495.9,1790815440,2026-10-01T00:44:00+00:00,83496.0,B-BTC_USDT,394
83502.2,0.0006778264524767152,-0.00025987339255728603,-0.0004934001738875482,-0.0001317330561350083,-0.0002467000869437186,-0.00024789766018140647,-0.5359210005995365,-0.5468386848649998,-0.5558309356761945,-0.5599880026329079,13,-8.806999999999995,-0.13773635069829995,83525.97650421961,0.011972319722198496,63.94099999999999,83549.9,83502.2,1790815500,2026-10-01T00:45:00+00:00,83529.0,B-BTC_USDT,544
83481.6,0.0008361123888376287,0.00017009736277207033,-2.1561637534528444e-05,0.00012697408770301344,-0.00020124195032200642,-0.00016650375651650062,-0.2674818578462868,-0.2859418278384994,-0.2503852997122435,-0.2883224012267164,13,-3.749999999999994,-0.09846654763155113,83485.48185675476,0.011978128548306023,38.084,83502.3,83477.5,1790815560,2026-10-01T00:46:00+00:00,83502.3,B-BTC_USDT,381
83464.8,0.001435335614534461,-4.5528174751563455e-05,0.0002863482569896991,0.00032588588243176453,0.00018810324831552983,0.00036302728815029717,-0.3723235923081207,-0.4615715974759484,-0.2573120079699449,-0.40661039940640675,12,-1.747000000000003,-0.04565529857572204,83466.70192142011,0.011980822385580889,38.26499999999998,83488.6,83457.0,1790815620,2026-10-01T00:47:00+00:00,83481.6,B-BTC_USDT,436
83480.5,0.0013727756781525269,-8.385191751281162e-06,-0.00025754517522058595,0.00017489114224278346,0.00018327633399417564,-0.0001233821071987551,0.6278659827889337,0.7557866949048151,0.7185005456890289,0.6330480603348266,5,2.62,0.2968502152730569,83476.42778933475,0.011979435154592072,8.826,83480.6,83464.9,1790815680,2026-10-01T00:48:00+00:00,83464.9,B-BTC_USDT,198
83495.8,0.0013246175256718118,-8.503421729000316e-05,-0.000503019313546349,-0.0004287640815466842,-0.000416787431224086,-0.00011497584309638764,0.4172680975251491,0.5005566088498333,0.4251500622613216,0.5295278176510537,6,7.295999999999998,0.5535660091047041,83489.55836116378,0.011977549330911353,13.179999999999996,83495.8,83480.5,1790815740,2026-10-01T00:49:00+00:00,83480.6,B-BTC_USDT,209
83461.0,,-2.3963288242390135e-05,0.0003618456524603353,0.00024562370448477644,0.00022525490947877813,0.0010232324079508803,-0.26990505233040213,-0.34846214484178656,-0.16477372262658124,-0.3499724498503335,7,-9.054000000000007,-0.3659956342469081,83470.40400546418,0.011980291887142244,24.737999999999985,83495.8,83457.0,1790815800,2026-10-01T00:50:00+00:00,83495.7,B-BTC_USDT,377
83479.8,,-0.0003114525909262422,0.00014853892798005752,-0.00014494524423880328,0.00010661261766320429,0.0008133704201493952,0.2897848524171322,0.20125735411624335,0.33684146345986543,0.22200588402999974,11,9.239999999999991,0.22265060240963827,83462.84188104952,0.011981381346007637,41.500000000000014,83479.8,83445.0,1790815860,2026-10-01T00:51:00+00:00,83461.0,B-BTC_USDT,439
83488.7,,2.9944172085460963e-05,3.952630715287064e-05,7.66570805390554e-05,-0.0003557367643765019,0.0007162645962868197,0.1903512616212216,0.1978770966894909,0.14067900429839234,0.19028480513342153,6,-2.9960000000000058,-0.2576982625150529,83479.35989385484,0.01197901042796428,11.626000000000003,83488.7,83472.5,1790815920,2026-10-01T00:52:00+00:00,83479.8,B-BTC_USDT,213
83459.0,,0.00039780011742296395,0.00043254771804135395,0.00013419762997401996,-6.230604248791405e-05,0.0012616973603805093,-0.3503840651768665,-0.25107617312436237,-0.3627026981388308,-0.33583606354630735,13,-13.069999999999995,-0.7481396680022896,83479.3789861509,0.09307181811690146,17.469999999999995,83495.9,83459.0,1790815980,2026-10-01T00:53:00+00:00,83490.0,B-BTC_USDT,390
83453.8,,0.0004577382935229135,7.429260261360149e-05,0.000388238762045523,0.0004481521512500475,0.001188681641818512,-0.3911939696678723,-0.3651546246499056,-0.3945586485423435,-0.36754152708318705,12,14.765999999999995,0.4787627261526488,83459.92340893544,0.011981796087180472,30.842,83470.0,83453.7,1790816040,2026-10-01T00:54:00+00:00,83459.0,B-BTC_USDT,359
83491.2,,4.6711509716024224e-05,-0.0001161799087807669,0.0006611475221340868,1.197731018365289e-05,0.0005988655091793138,0.40123520810842656,0.40422347843896017,0.3312458447967794,0.3968480452925565,6,5.005999999999992,0.36076679158258834,83474.60354450726,0.011979694611496589,13.87599999999999,83491.2,83453.7,1790816100,2026-10-01T00:55:00+00:00,83453.7,B-BTC_USDT,271
83492.2,,-0.0003856647686849568,-0.00029344058486902025,0.0006647327534787806,-2.395433345792064e-06,0.0005257976194184,-0.07073746702715324,-0.05411488686647744,-0.13220155304172024,-0.051431874102723374,6,6.686999999999997,0.38745002607335294,83498.53062758897,0.011976258318282489,17.258999999999997,83507.4,83491.1,1790816160,2026-10-01T00:56:00+00:00,83491.1,B-BTC_USDT,281
83492.0,,-0.0001257605519091598,3.712930580190843e-05,0.0006767115412256164,3.712930580190843e-05,0.0006946773343554646,0.00830843004592406,-0.11174161852759686,0.04266478423750782,0.009137108108585286,4,-2.6059999999999994,-0.20343481654957066,83493.04441291907,0.011977044800841921,12.809999999999997,83495.8,83491.9,1790816220,2026-10-01T00:57:00+00:00,83492.2,B-BTC_USDT,127
83495.1,,-0.000328162970042678,-0.0002982210932139795,0.000828791150618402,-0.00042038395067500733,0.000898256304860956,-0.029520984367475734,-0.01245757699448769,0.01880949559687505,-0.04278143531763714,7,-24.36399999999999,-0.6534706576547579,83489.33509140686,0.01197757768690265,37.284,83495.8,83481.3,1790816280,2026-10-01T00:58:00+00:00,83491.9,B-BTC_USDT,302
83460.0,,0.000420560747663723,0.00031392283728726156,0.0011143062544931581,0.00025760843517863563,0.0010735681763720528,-0.6395426395470757,-0.6744446851436827,-0.6492327200411122,-0.6635899656905477,8,-18.691000000000003,-0.8727994396451088,83476.49127776574,0.01197941598554953,21.415,83495.1,83460.0,1790816340,2026-10-01T00:59:00+00:00,83495.0,B-BTC_USDT,373
83481.5,,-0.0001353593311093082,0.0007774177512382963,0.0007151285015243314,-0.0001653060857794708,0.0009259536544024005,0.05606675450997128,0.16840645088465128,-0.012484112844954147,0.14730089157638596,25,12.432999999999993,0.20342283087092392,83470.93442032255,0.011980219453140374,61.11899999999997,83482.9,83453.7,1790816400,2026-10-01T01:00:00+00:00,83457.3,B-BTC_USDT,890
83467.7,,0.0002216426234340485,0.0009584545878225104,0.0008194786725883585,0.0003282706963292359,0.0010027831125094533,-0.25077215498541205,-0.2620305802706937,-0.2533010621051087,-0.26699353270624465,15,5.7470000000000026,0.17122002085505753,83468.79689847099,0.011980523228310013,33.56499999999998,83489.3,83451.6,1790816460,2026-10-01T01:01:00+00:00,83482.9,B-BTC_USDT,493
83495.1,,0.0006144073125247118,0.000639558489061054,0.0006575236151582509,-0.0002982210932139795,0.001071919190467563,0.12122944920719411,0.11536390867377992,0.12358195757143303,0.11436573073867563,17,2.1279999999999966,0.10171111748398792,83500.20282701896,0.011976020060971194,20.92200000000001,83521.3,83467.7,1790816520,2026-10-01T01:02:00+00:00,83467.7,B-BTC_USDT,553
83470.2,,0.0009284750725409019,0.0011273484429175085,0.0011968343193140552,0.00019168517626644288,0.001496342407230511,-0.2948900768030224,-0.30259524125425613,-0.27729455543624193,-0.29268739424764806,20,13.39100000000001,0.2624605554575569,83511.04987023796,0.01197446192845718,51.021,83544.5,83470.1,1790816580,2026-10-01T01:03:00+00:00,83498.1,B-BTC_USDT,645
83486.2,,0.000746231113645246,0.0008001322374238118,0.0007594069439023077,0.0007210772558818856,0.0014397589062622451,0.09076173428837106,0.09120394028169085,0.11653081035451951,0.022322718103358542,10,5.979999999999999,0.22911877394636007,83492.524560197,0.011977120910821969,26.100000000000005,83503.5,83468.3,1790816640,2026-10-01T01:04:00+00:00,83470.1,B-BTC_USDT,427
83546.4,,0.00021425219997528444,-6.224086256256811e-05,0.0001484205184185683,1.5560215640642028e-05,,0.07763021667082672,0.15990055316779997,0.11441497719261186,0.12801449788737496,11,29.038999999999998,0.5657646073216825,83517.48526775494,0.01197354265469973,51.327,83546.4,83486.1,1790816700,2026-10-01T01:05:00+00:00,83486.2,B-BTC_USDT,415
83547.7,,6.343681513687471e-05,-0.00013884284067655628,4.428607849171762e-05,9.575368322467526e-06,,0.2115401286579656,0.12822649403567954,0.18634738171911405,0.18817560300240987,6,-12.579000000000002,-0.2939087361854251,83547.77307799137,0.011969200876459113,42.79899999999997,83552.9,83542.6,1790816760,2026-10-01T01:06:00+00:00,83546.4,B-BTC_USDT,368
83548.5,,-8.737439930106561e-05,1.7953643691948074e-05,0.0004320843581873124,0.00018911171355573408,,-0.5470126369092024,-0.5306041841729,-0.4706362762811212,-0.5467364093409446,7,0.1270000000000056,0.0049261083743844525,83559.26632693365,0.011967549924741182,25.781000000000006,83568.1,83547.4,1790816820,2026-10-01T01:07:00+00:00,83547.6,B-BTC_USDT,363
83564.3,,-0.0003374646828848693,6.940762981333393e-05,0.00036857844797366646,-0.000135225209808576,,0.19101540782156595,0.17978230554902974,0.2609493075494946,0.19033527990038213,9,-1.245999999999993,-0.03998203054806807,83548.22565578195,0.011969136572371848,31.163999999999987,83564.4,83532.6,1790816880,2026-10-01T01:08:00+00:00,83548.5,B-BTC_USDT,375
83553.0,,-3.590535348818591e-05,-4.0692733953240356e-05,0.0006391152920899312,-0.00014122772372027192,,-0.25950594681184486,-0.3226620490263803,-0.21013246990999912,-0.30109038350397976,8,-22.5,-0.5421686746987954,83562.08386689755,0.011967147878166546,41.499999999999986,83570.6,83553.0,1790816940,2026-10-01T01:09:00+00:00,83564.3,B-BTC_USDT,296
83541.2,,0.0003459370945115836,0.0002106744935432836,,-6.104772256076973e-05,,-0.5952000448336932,-0.6298663535190917,-0.5779682589173927,-0.5923424334232378,4,-9.344999999999999,-0.24738583719391138,83544.71850668231,0.011969633057304379,37.774999999999984,83553.1,83541.2,1790817000,2026-10-01T01:10:00+00:00,83553.1,B-BTC_USDT,199
83536.1,,0.00016160677838672477,0.00018315434883819925,,0.00016639512737604,,-0.31514814890680704,-0.3411714060961528,-0.25845741670323213,-0.32403243801181714,12,-12.911999999999999,-0.40024798512089266,83525.79127476302,0.011972347590921084,32.260000000000005,83538.9,83511.3,1790817060,2026-10-01T01:11:00+00:00,83538.8,B-BTC_USDT,389
83550.0,,0.00010532615200475881,0.00041412327947343286,,0.00024057450628367505,,0.23234907352759288,0.2316018389714742,0.24543026965504164,0.20535444911368936,7,-9.175999999999998,-0.3521105141980046,83542.49015152054,0.011969958559937056,26.059999999999995,83550.0,83532.8,1790817120,2026-10-01T01:12:00+00:00,83536.1,B-BTC_USDT,235
83570.1,,-0.00022376424103853765,0.00029915005486413904,,-0.00024530304498859845,,0.6334501221213875,0.5094591987612854,0.6146308414389284,0.5371819869496824,7,3.2069999999999976,0.14379231493521039,83561.13261581709,0.011967290010968606,22.303,83570.1,83549.9,1790817180,2026-10-01T01:13:00+00:00,83550.0,B-BTC_USDT,270
83549.6,,0.0004189128374043616,0.0006798356904160752,,0.00011011423154627664,,-0.42441577537525715,-0.3132357293694041,-0.4785917426900582,-0.409188307355374,7,-20.939999999999998,-0.552915082382763,83561.60576678495,0.011967216403073012,37.87199999999999,83570.1,83549.6,1790817240,2026-10-01T01:14:00+00:00,83570.0,B-BTC_USDT,283
83558.8,,0.0004344246207461655,,,-8.856039100624269e-05,,0.0673140047044115,0.038910514287543226,0.06129216829552207,0.09644306386681492,15,-14.703999999999995,-0.38599254475770456,83519.31861219238,0.011973278913853561,38.093999999999994,83558.8,83486.2,1790817300,2026-10-01T01:15:00+00:00,83538.0,B-BTC_USDT,575
83551.4,,0.00065827741964819,,,0.0003973601878606292,,-0.10524035654248605,-0.08517749479188921,-0.15642862021420825,-0.06315659600339095,8,-7.315999999999996,-0.3278365298440579,83546.70824112525,0.011969351893765117,22.316,83559.9,83540.0,1790817360,2026-10-01T01:16:00+00:00,83558.9,B-BTC_USDT,323
83584.6,,,,,0.0001256212268767598,,0.41077906586755447,0.4050354275724984,0.43089853682515644,0.40959107812444867,17,13.034000000000004,0.29778387023075176,83574.24084000666,0.011965412477222938,43.769999999999996,83600.0,83551.3,1790817420,2026-10-01T01:17:00+00:00,83551.4,B-BTC_USDT,626
83595.1,,,,,0.00013517538707397136,,-0.45807631653933845,-0.4195845881334132,-0.4780779534192928,-0.4404962000011903,19,7.011000000000005,0.1304056693264886,83598.65533656008,0.01196191203019346,53.76299999999999,83618.9,83589.2,1790817480,2026-10-01T01:18:00+00:00,83590.1,B-BTC_USDT,655
83606.4,,,,,,,-0.03918947841203498,0.014943486431428609,-0.10317812650794875,-0.0687448640790627,9,13.128000000000005,0.5174207788112883,83614.41741384097,0.011959660106798263,25.371999999999996,83618.9,83595.0,1790817540,2026-10-01T01:19:00+00:00,83595.1,B-BTC_USDT,407
0.09444,-0.002011859381617964,-0.0006353240152476847,-0.0007412113511223728,-0.0008470986869969499,-0.00031766200762395336,-0.0014824227022448566,0.08714685757067735,0.06565515095715248,0.024332332550822244,-0.0075797778334515675,2,-4640157.0,-0.6064791742228932,0.09450532827575478,1.0581450835373962,7650975.0,0.09455,0.09444,1790812800,2026-10-01T00:00:00+00:00,0.0945,B-DOGE_USDT,148
0.09441,-0.0007414468806270502,-0.000529604914733528,0.00010592098294681662,-0.0001059209829467056,-0.000529604914733528,-0.0018006567100941062,-0.03904556692340064,0.0022386681487197024,0.16881181101084228,-0.1458447700304813,2,-460932.0,-0.3561938969806375,0.09443501119334075,1.0589294223535897,1294048.0,0.09445,0.09441,1790812860,2026-10-01T00:01:00+00:00,0.09444,B-DOGE_USDT,98
0.09436,-0.001059771089444661,0.0001059771089444439,0.0013777024162782148,0.0008478168715557732,0.00021195421788910984,-0.0012717253073335488,0.04642566634776142,-0.5937675460594081,0.09508726775859744,-0.33298337487908836,2,-616177.0,-0.7955896195049393,0.0943920311622697,1.0593781569176683,774491.0,0.09442,0.09436,1790812920,2026-10-01T00:02:00+00:00,0.09441,B-DOGE_USDT,96
0.09438,-0.0013774104683196287,0.0004238186056366722,0.0007416825598642873,0.0005297732570459512,-0.0002119093028184471,-0.0007416825598643983,0.10991716395642608,0.04746793351124612,0.09880124882323935,-0.05326268112340761,2,-98090.0,-0.07735035792973254,0.09435523733966755,1.0598272481581394,1268126.0,0.09438,0.09434,1790812980,2026-10-01T00:03:00+00:00,0.09437,B-DOGE_USDT,80
0.09436,-0.0016956337431114354,0.0013777024162782148,-0.00021195421788899882,0.0,0.0001059771089444439,-0.0001059771089444439,0.08894422117540965,-0.1956082076723462,0.11528352157842164,-0.16439614391006982,2,-264068.0,-0.40054848877387883,0.09435402195896164,1.0598272600632126,659266.0,0.09438,0.09434,1790813040,2026-10-01T00:04:00+00:00,0.09438,B-DOGE_USDT,75
0.09437,-0.0016954540637913462,0.0008477270318958396,-0.00010596587898692444,-0.0007417611529088042,0.0005298293949349553,0.0015894881848046438,-0.08629265209473817,-0.4973633538682796,0.00273256525709141,-0.32103872129679256,2,241314.0,0.4891453729491748,0.09436751318323067,1.059658816641242,493338.0,0.09439,0.09435,1790813100,2026-10-01T00:05:00+00:00,0.09436,B-DOGE_USDT,71
0.09442,-0.0007413683541622751,-0.000847278119042727,-0.00021181952976068175,-0.0019063757678458026,0.0007413683541621641,0.0009531878839228458,0.007965711368862614,0.5338322504258979,-0.035679593196743103,-0.08949735554262836,2,615494.0,0.4539396147486455,0.09440266916125212,1.059322036869725,1355894.0,0.09442,0.09436,1790813160,2026-10-01T00:06:00+00:00,0.09436,B-DOGE_USDT,87
0.09449,-0.0019049634881997957,-0.001375806963699877,-0.0005291565245000296,-0.002645782622499704,-0.00042332521959997926,-0.0006349878293999689,-0.07746234450913844,0.00850200070691498,-0.11971535514604556,-0.09623679749381947,2,4091004.0,0.8101835476855231,0.09448004251000354,1.0584250901836838,5049478.0,0.0945,0.09443,1790813220,2026-10-01T00:07:00+00:00,0.09443,B-DOGE_USDT,113
0.09445,-0.0011646373742721927,-0.000529380624669229,-0.0002117522498676916,-0.001482265749073619,-0.0011646373742721927,-0.0006352567496029637,0.1377994714060684,-0.689451747052522,0.026722210195125055,-0.18792870572516818,2,-1414146.0,-0.6809556278494617,0.09446655274126474,1.0585371284128025,2076708.0,0.09453,0.09445,1790813280,2026-10-01T00:08:00+00:00,0.0945,B-DOGE_USDT,95
0.09434,0.0007419970320119429,0.0010599957600170296,0.00021199915200353914,0.00010599957600176957,0.00021199915200353914,0.0011659953360187991,0.06846121060569052,-0.16731232642338267,0.1469544301688259,-0.060034500319743105,3,-650818.0,-0.7848991888312947,0.09437749677170121,1.0595653387614077,829174.0,0.0944,0.09433,1790813340,2026-10-01T00:09:00+00:00,0.0944,B-DOGE_USDT,91
0.09436,0.001059771089444661,0.0007418397626113293,-0.0006358626536668854,0.0016956337431115465,0.0004239084357777756,0.0014836795252226587,0.07997559998601403,-0.8092272847673412,0.018539010139070985,-0.1202294830418354,2,418231.0,0.2839181328233776,0.09436595386357616,1.059658792844652,1473069.0,0.0944,0.09434,1790813400,2026-10-01T00:10:00+00:00,0.09434,B-DOGE_USDT,78
0.0944,0.0005296610169491789,-0.0004237288135593431,-0.0016949152542372614,0.0011652542372881936,0.0004237288135593431,0.0007415254237288504,0.020743966396483595,0.7389515541122672,0.09797142690442621,0.21932816495003485,1,589371.0,0.4374021752440749,0.09439869475777056,1.0593781450284574,1347435.0,0.09441,0.09434,1790813460,2026-10-01T00:11:00+00:00,0.09435,B-DOGE_USDT,57
0.09444,0.0008470986869970609,-0.0014824227022448566,-0.0021177467174925413,-0.0001058873358745771,-0.0001058873358745771,0.00042354934349853046,0.13390821475292874,0.03387345313721807,0.0260464357681037,0.196648791854449,2,-159425.0,-0.06455700149381075,0.0944601693672657,1.058649403927391,2469523.0,0.0945,0.09441,1790813520,2026-10-01T00:12:00+00:00,0.09441,B-DOGE_USDT,88
0.09443,0.0009530869427090138,-0.002012072434607548,-0.001270782590278463,-0.0004235941967595247,-0.000741289844329085,0.0005294927459493781,0.13988181675610553,0.25651212907694626,0.10330491270901201,0.17596541638194718,2,-247190.0,-0.7097735638850764,0.09443628256064537,1.0589294223535897,348266.0,0.09445,0.09443,1790813580,2026-10-01T00:13:00+00:00,0.09444,B-DOGE_USDT,80
0.09436,0.0025434506146673197,-0.0012717253073335488,-0.0001059771089444439,0.0009537939805002171,-0.0006358626536668854,0.0001059771089444439,0.2871685802755945,0.36864641242319823,0.07812323572156307,0.23605509980241582,2,-731294.0,-0.9681807108964582,0.09441184323206211,1.059209832438428,755328.0,0.09443,0.09436,1790813640,2026-10-01T00:14:00+00:00,0.09443,B-DOGE_USDT,65
0.0943,0.002651113467656341,0.00010604453870644015,0.0023329798515376865,0.0021208907741252503,-0.0006362672322374197,-0.0005302226935312015,0.10440238445782919,-0.22606109125064586,0.1813229715739438,-0.012689972136366181,3,-4950671.0,-0.8761168754934126,0.09433720302787707,1.0600146483112243,5650697.0,0.09439,0.09429,1790813700,2026-10-01T00:15:00+00:00,0.09437,B-DOGE_USDT,89
0.09424,0.0031833616298810874,0.0011672325976230802,0.0028650254668929342,0.0024405772495754707,0.0,0.0010611205432935478,0.14878143029088484,-0.11209256883224017,-0.029791862302983696,0.049094466450580465,3,-452102.0,-0.12508881515601586,0.0943211062038225,1.0602019215362113,3614248.0,0.09438,0.09423,1790813760,2026-10-01T00:16:00+00:00,0.09429,B-DOGE_USDT,116
0.09424,0.002758913412563624,0.0029711375212224667,0.002016129032258007,0.002546689303904781,0.0007427843803056167,0.00021222410865862074,-0.1223299486494751,-0.09429203197193159,0.08956720970325507,-0.10996887016467927,2,-897853.0,-0.4482597136759071,0.09426952853984014,1.0607830039730586,2002975.0,0.09433,0.09423,1790813820,2026-10-01T00:17:00+00:00,0.09425,B-DOGE_USDT,69
0.09431,0.002332732477998034,0.0021206658890891017,0.0008482663556357295,0.0018025660057257031,0.00042413317781786475,-0.0006361997667267971,0.13271086383846342,0.4336806426916911,0.10285727204925592,0.24596160115084387,3,2547696.0,0.29724529933536514,0.09426716840321346,1.060839466036392,8571022.0,0.09433,0.09419,1790813880,2026-10-01T00:18:00+00:00,0.09424,B-DOGE_USDT,84
0.09435,0.002331743508213968,0.0008479067302595844,0.0010598834128245915,0.00021197668256478508,0.0018018018018017834,-0.0015898251192368873,0.1617136487058185,0.39424380894973876,0.006218069346454125,0.3976785583943384,2,462840.0,0.2613208548541179,0.09433197121904474,1.0601081340074052,1771156.0,0.09435,0.09431,1790813940,2026-10-01T00:19:00+00:00,0.09431,B-DOGE_USDT,74
0.09452,-0.00031739314430812016,-0.001375370292001743,-0.00021159542953874677,-0.0028565382987728594,-0.00010579771476948441,-0.003279729157850242,0.057424642117917105,-0.2002578143611106,-0.047111377649388955,0.1128226171527058,5,5483424.0,0.8990230704633341,0.09445999871092821,1.0586381870272545,6099314.0,0.09453,0.09435,1790814000,2026-10-01T00:20:00+00:00,0.09435,B-DOGE_USDT,85
0.09451,0.00010580890911016105,-0.0006348534546607443,-0.0004232356364405332,-0.0017987514548725159,-0.0008464712728811774,-0.0016929425457622438,-0.06224075166396611,0.4475541415193344,-0.025726975722564323,0.19899066242796026,3,-2054092.0,-0.521188113586517,0.09451057110404093,1.0581078796477659,3941172.0,0.09456,0.09446,1790814060,2026-10-01T00:21:00+00:00,0.09454,B-DOGE_USDT,95
0.09443,0.0008471883935190494,0.000741289844329085,0.0005294927459493781,-0.0018002753362279522,-0.0004235941967595247,-0.001270782590278463,0.24302504919849913,0.6002035628298781,0.13704716318060856,0.2549703290803159,2,-363645.0,-0.3894136708405304,0.09444800101781414,1.0588174079080772,933827.0,0.09452,0.0944,1790814120,2026-10-01T00:22:00+00:00,0.09452,B-DOGE_USDT,96
0.09439,0.00042377370484159016,0.0008475474096831803,0.0009534908358934668,-0.0014832079669456766,0.0006356605572623852,-0.0005297171310520987,0.2101206846477474,0.28103300175454043,0.05150486189648368,0.10091670951333176,2,-856279.0,-0.6013300795308907,0.09440640516500878,1.0592660356806358,1423975.0,0.09444,0.09437,1790814180,2026-10-01T00:23:00+00:00,0.09443,B-DOGE_USDT,82
0.09445,-0.0004235044997354942,0.00031762837480142636,-0.0008470089994707664,-0.0026469031233457008,0.000529380624669118,-0.0004235044997354942,0.016857136902146772,-0.058752595734427315,-0.03512928005459529,0.020347429589471208,2,383500.0,0.22109021979884538,0.09444470623702134,1.0588173129446272,1734586.0,0.09448,0.09438,1790814240,2026-10-01T00:24:00+00:00,0.09438,B-DOGE_USDT,63
0.0945,-0.00010582010582005363,-0.0002116402116403293,-0.002645502645502673,-0.0030687830687829987,-0.00031746031746038295,-0.0004232804232804366,-0.111535630711394,0.06992382679138337,0.01912949351032289,0.07617319572883435,2,322317.0,0.582096991784612,0.09448034961913396,1.0584250901836838,553717.0,0.0945,0.09445,1790814300,2026-10-01T00:25:00+00:00,0.09445,B-DOGE_USDT,57
0.09447,0.0003175611305177295,-0.001058537101725432,-0.0013760982322430504,-0.0012702445220704739,0.0001058537101725765,-0.00021170742034504197,-0.027595468074079962,-0.49171086192165225,-0.050716825149843076,-0.012233025151774444,2,51226.0,0.027879551802434305,0.09450754144569039,1.0580892362129037,1837404.0,0.09455,0.09447,1790814360,2026-10-01T00:26:00+00:00,0.09449,B-DOGE_USDT,84
0.09448,0.00010584250635070624,-0.00243437764606258,-0.0023285351397120957,-0.0017993226079592306,0.0,0.0004233700254023809,0.2345224289085557,0.7793003587729829,0.14611314931686128,0.2818717367814164,1,-84990.0,-0.22682751074221355,0.09447889650179385,1.0584810796502908,374690.0,0.09449,0.09447,1790814420,2026-10-01T00:27:00+00:00,0.09447,B-DOGE_USDT,65
0.09448,0.00031752751905167464,-0.001481795088907667,-0.00243437764606258,-0.001481795088907667,-0.0011642675698559923,0.0004233700254023809,-0.026180849376505513,-0.5600916837031577,0.017494502458243213,-0.14193396550620585,2,-86106.0,-0.18762420248927936,0.09447219954158148,1.058481091510059,458928.0,0.09449,0.09444,1790814480,2026-10-01T00:28:00+00:00,0.09448,B-DOGE_USDT,61
0.09437,0.0012715905478437595,-0.001165624668856613,-0.0018014199427782707,0.0004238635159479198,-0.0012715905478435374,0.0024372152167002614,0.22234649705663775,0.17781878322286074,0.026104815283480107,0.02673469414040272,2,-659487.0,-0.7248089576942818,0.09443088909391611,1.0589854948673494,909877.0,0.09448,0.09437,1790814540,2026-10-01T00:29:00+00:00,0.09448,B-DOGE_USDT,59
0.09425,0.0031830238726788807,0.0,-0.00042440318302383595,0.0022281167108753053,0.0009549071618035754,0.0031830238726788807,0.2081566703037665,-0.10095119480689514,0.1340123077889512,0.05427625030237913,3,-1080231.0,-0.5391915952016221,0.09431449524402595,1.0602769468468205,2003427.0,0.09438,0.09425,1790814600,2026-10-01T00:30:00+00:00,0.09437,B-DOGE_USDT,79
0.09434,0.001907992368030742,-0.0014839940640236637,0.00010599957600176957,0.0011659953360187991,-0.0008479966080134904,0.002119991520034059,0.21649935663123132,0.18076914463112267,0.08735312357580644,0.18421894197237307,3,620619.0,0.4169081090376811,0.09428923717905648,1.0605768731152851,1488623.0,0.09438,0.09423,1790814660,2026-10-01T00:31:00+00:00,0.09425,B-DOGE_USDT,103
0.09426,0.0037131338849989426,-0.0005304476978569284,0.0005304476978571504,0.0027583280288565604,-0.00010608953957136347,0.0025461489497136114,0.08941366549477114,0.05809852797302678,0.10769080339832791,0.08858123723998855,2,-464909.0,-0.43625285848471457,0.09430529049263986,1.0603891747456275,1065687.0,0.09432,0.09426,1790814720,2026-10-01T00:32:00+00:00,0.09432,B-DOGE_USDT,71
0.09425,0.0026525198938991412,0.001061007957559701,0.0009549071618035754,0.0028647214854111702,-0.0005305039787797394,0.0029708222811670737,0.14461494823336613,0.14125836816315152,0.2532300678367919,0.2242992475538528,2,-70010.0,-0.09389904343954034,0.0942307062918408,1.061233155911966,745588.0,0.09426,0.09422,1790814780,2026-10-01T00:33:00+00:00,0.09425,B-DOGE_USDT,73
0.0942,0.003821656050955413,0.0011677282377919873,0.002229299363057269,0.00424628450106157,0.00010615711252648374,0.003927813163481897,0.14657881376707751,-0.29278299512168426,0.1493065850216348,0.10875655108591627,2,-748097.0,-0.5484714806150002,0.0942485360850244,1.0610081038753552,1363967.0,0.09429,0.09419,1790814840,2026-10-01T00:34:00+00:00,0.09425,B-DOGE_USDT,67
0.09421,0.004351979619997781,0.0013798959770723318,0.002653646109754826,0.0036089587092664743,0.0014860418214626137,0.0029720836429254494,0.13957704190860853,-0.3748599296895342,0.10546060671959669,0.10284800031176872,2,1593.0,0.0025545835772188235,0.09418812570035155,1.061683833547338,623585.0,0.09421,0.09418,1790814900,2026-10-01T00:35:00+00:00,0.09419,B-DOGE_USDT,45
0.09435,0.003073661897191382,0.0006359300476945773,0.0010598834128245915,0.0020137784843665685,-0.0004239533651297922,0.0018018018018017834,0.10279727485326742,0.7442777631082056,0.02360933154546113,0.3830857440121911,2,724433.0,0.6551999833584614,0.09429372138881555,1.0605579279873223,1105667.0,0.09435,0.09421,1790814960,2026-10-01T00:36:00+00:00,0.09421,B-DOGE_USDT,57
0.09431,0.0031809988336337636,0.0015904994168167708,0.002226699183543568,0.0020146325946346355,0.0003180998833631765,0.0021206658890891017,0.11892100645490446,0.7692724908173026,-0.0003420700280674649,0.3415754627345695,3,15153.0,0.022216097103975672,0.09433551302912076,1.060089474991825,682073.0,0.09438,0.09428,1790815020,2026-10-01T00:37:00+00:00,0.09437,B-DOGE_USDT,46
0.09434,0.003815984736061262,0.0011659953360187991,0.001907992368030742,0.0020139919440322895,0.0007419970320119429,0.00095399618401526,0.18753591568086878,0.11294787297620079,0.13531946100441775,0.18126141376077873,2,187530.0,0.20673939789479254,0.09428556473936488,1.0606140955609187,907084.0,0.09434,0.09426,1790815080,2026-10-01T00:38:00+00:00,0.09431,B-DOGE_USDT,38
0.09441,0.003177629488401834,0.0011651308124140947,0.0020124986759877395,0.0016947357271477337,0.000529604914733639,0.0,0.21282423054841942,0.9543084508094914,-0.0017661171542416015,0.41319086898116597,2,213033.0,0.20474669644805094,0.09438977154225403,1.059490432696307,1040471.0,0.09442,0.09432,1790815140,2026-10-01T00:39:00+00:00,0.09434,B-DOGE_USDT,60
0.09446,0.002858352741901271,0.0006351894982004058,0.0009527842473002757,0.0003175947491000919,-0.00010586491636666029,0.0003175947491000919,0.13905957967276292,0.3495750905831465,0.024050821132197406,0.34044683551479094,3,413894.0,0.443394831734632,0.09443674787545292,1.0589295173665956,933466.0,0.09446,0.09439,1790815200,2026-10-01T00:40:00+00:00,0.09441,B-DOGE_USDT,55
0.09445,0.002435150873477898,0.0015881418740073538,0.0009528851244042791,0.0007411328745368095,0.0007411328745368095,0.000529380624669118,0.10039816348213619,0.380231297414583,-0.04378367246216685,0.18274058446676644,3,-1895531.0,-0.49129969257661027,0.09447356782315375,1.0585185087602398,3858197.0,0.0945,0.09443,1790815260,2026-10-01T00:41:00+00:00,0.09446,B-DOGE_USDT,104
0.09452,0.0020101565806178723,0.0003173931443078981,-0.00021159542953874677,-0.00010579771476948441,0.0,-0.00031739314430812016,0.1463225536419801,0.2794517622203322,-0.025055366349200765,0.3672733246831551,2,674549.0,0.3396529195692839,0.0944713972588111,1.0585373419093558,1985995.0,0.09452,0.0944,1790815320,2026-10-01T00:42:00+00:00,0.09445,B-DOGE_USDT,80
0.09452,0.002221752010156397,0.00021159542953874677,0.00010579771476937339,-0.0009521794329243605,0.000846381718154765,-0.00010579771476948441,0.05967467132002395,-0.654456862130989,-0.08415452056352572,0.28046286951458815,2,-83112.0,-0.08354073103165445,0.09451672771568935,1.0579771506544597,994868.0,0.09453,0.09448,1790815380,2026-10-01T00:43:00+00:00,0.0945,B-DOGE_USDT,41
0.0946,0.0013742071881606144,-0.0010570824524313016,-0.0003171247357294238,-0.002008456659619573,-0.0005285412262157063,-0.0011627906976744429,0.08713693289684829,0.7166098424238934,-0.006684010030927159,0.4239431205981057,2,993032.0,0.5876707918682713,0.09458858304921212,1.0572501043274132,1689776.0,0.09463,0.09452,1790815440,2026-10-01T00:44:00+00:00,0.09452,B-DOGE_USDT,92
0.09455,0.00296139608672652,-0.00021152829190895783,-0.0006345848757269845,-0.0006345848757269845,-0.00010576414595453443,0.0,0.16609590829666304,0.8988091070705406,-0.25990401360182136,0.40847350932764365,1,-138588.0,-0.10353900979447296,0.09461949404553534,1.0569148655071736,1338510.0,0.09464,0.09455,1790815500,2026-10-01T00:45:00+00:00,0.09458,B-DOGE_USDT,93
0.09454,0.0030674846625766694,0.0003173259995770117,-0.00021155066638456343,-0.00042310133276912687,-0.00042310133276912687,-0.00021155066638456343,0.0508371901575571,-0.009171709065416478,0.10285289343717989,0.09168665034928863,2,-1424220.0,-0.6292886866599918,0.09456495414145466,1.0574737071673586,2263222.0,0.09458,0.09451,1790815560,2026-10-01T00:46:00+00:00,0.09455,B-DOGE_USDT,99
0.0945,0.004338624338624308,-0.00010582010582005363,0.00010582010582016466,-0.00010582010582005363,0.0003174603174602719,0.001164021164021145,0.21786251224025655,0.962084872558497,0.10981493583778987,0.34614786033079903,2,-123794.0,-0.2953129323753089,0.09452981042436279,1.0579212914340834,419196.0,0.09457,0.09448,1790815620,2026-10-01T00:47:00+00:00,0.09455,B-DOGE_USDT,75
0.09453,0.004337247434676783,-0.00010578652279691347,-0.001057865227970023,-0.000211573045594049,0.00042314609118787594,-0.00031735956839096247,0.17581545865774528,0.05172065845508711,0.1548386722993989,0.18273059907195116,2,-2646.0,-0.00901336676159202,0.09450525860329227,1.0581450716889182,293564.0,0.09454,0.0945,1790815680,2026-10-01T00:48:00+00:00,0.09451,B-DOGE_USDT,62
0.09457,0.004018187585915323,-0.0006344506714603959,-0.0016918684572275744,-0.0008459342286136762,-0.0008459342286136762,-0.00010574177857669564,0.08579449175084035,0.6595035402698506,-0.05437808238001507,0.2778027741481365,2,458323.0,0.3628640036862536,0.09454329751770135,1.057753334881233,1263071.0,0.09458,0.09453,1790815740,2026-10-01T00:49:00+00:00,0.09453,B-DOGE_USDT,49
0.09449,,-0.0006349878293999689,0.0,0.0006349878293998579,0.00031749391469992894,0.001375806963699766,0.09301199713073596,0.08879206299720288,0.008093645024478346,0.13344569013895427,2,-1933158.0,-0.7481585889171667,0.09454544396031499,1.0576974401063677,2583888.0,0.09458,0.09447,1790815800,2026-10-01T00:50:00+00:00,0.09457,B-DOGE_USDT,70
0.09452,,-0.0011637748624631072,-0.00021159542953874677,0.0,-0.00010579771476948441,0.0012695725772322586,0.12464600945566898,0.7707571963802633,0.12895373781552805,0.24662394468355772,2,353635.0,0.5863475456587881,0.0945138537859819,1.0580890940632603,603115.0,0.09452,0.09445,1790815860,2026-10-01T00:51:00+00:00,0.09449,B-DOGE_USDT,65
0.09451,,-0.00021161781822021108,-0.00021161781822021108,0.0010580890911016105,-0.0008464712728811774,0.0010580890911016105,0.11726720331639806,0.07382114988890465,0.07944492431760314,0.2033911186413436,2,123996.0,0.3847008234104208,0.09450036910574944,1.0582010611630541,322318.0,0.09452,0.09448,1790815920,2026-10-01T00:52:00+00:00,0.09451,B-DOGE_USDT,53
0.09443,,0.000741289844329085,0.0008471883935190494,0.000741289844329085,-0.00021179709837981786,0.0028592608281268195,0.017870174604327074,-0.7764741356889495,0.0848905292762216,-0.03588948438511505,2,-158648.0,-0.11847112449295362,0.09446611762932156,1.058537175856474,1339128.0,0.09452,0.09443,1790815980,2026-10-01T00:53:00+00:00,0.09452,B-DOGE_USDT,63
0.09441,,0.0008473678635738668,0.0008473678635738668,0.001588814744200917,0.0008473678635738668,0.003177629488401834,0.14572860525362358,0.22621577794777703,0.09279724786651689,0.1745663072931809,2,-7391.0,-0.021479033893921296,0.09442113107888975,1.0590976517734862,344103.0,0.09444,0.09441,1790816040,2026-10-01T00:54:00+00:00,0.09443,B-DOGE_USDT,55
0.09449,,0.0002116626097998786,0.0006349878293998579,0.001375806963699766,0.00010583130490005033,0.0025399513175996535,0.017788827490870563,0.8886909185386436,0.06835144213825704,0.18893446793895374,2,-91285.0,-0.15043646928729518,0.0944594434545927,1.0587052035356648,606801.0,0.09449,0.09441,1790816100,2026-10-01T00:55:00+00:00,0.09441,B-DOGE_USDT,53
0.0945,,-0.00010582010582005363,0.0002116402116403293,0.001481481481481417,-0.00010582010582005363,0.0019047619047618536,0.06182928656159161,0.11784514717045264,-0.1276724783687659,0.06299701170720645,2,-71744.0,-0.19398239276675824,0.09450058922573586,1.0582010611630541,369848.0,0.09451,0.09448,1790816160,2026-10-01T00:56:00+00:00,0.09448,B-DOGE_USDT,52
0.09449,,0.0006349878293998579,0.0012699756587997157,0.0012699756587997157,0.0002116626097998786,0.002328288707799775,0.00988665556137935,-0.45190445575531046,-0.1107121786490293,-0.08864039778860272,2,43957.0,0.23700712256088685,0.09449274047772122,1.0582570506371898,185467.0,0.0945,0.09449,1790816220,2026-10-01T00:57:00+00:00,0.0945,B-DOGE_USDT,56
0.09451,,0.00010580890911016105,-0.00010580890911016105,0.002010369273092838,-0.00021161781822021108,0.002327796000423321,0.03495959010385408,0.09164064199305727,-0.051704854180357813,0.1973213127520309,2,601119.0,0.5577169121774395,0.09453545820320997,1.057809276986949,1077821.0,0.09454,0.09449,1790816280,2026-10-01T00:58:00+00:00,0.09449,B-DOGE_USDT,55
0.09449,,0.0012699756587997157,0.0007408191342999082,0.002328288707799775,0.0006349878293998579,0.0025399513175996535,0.04201121019418261,0.0010335812017225332,0.0025627956539695943,0.13806723343250346,2,112738.0,0.14618061678578467,0.09451500516790601,1.0580331164376024,771224.0,0.09452,0.09449,1790816340,2026-10-01T00:59:00+00:00,0.0945,B-DOGE_USDT,57
0.09455,,-0.0005288207297725611,0.000740349021681741,0.0019037546271813977,-0.00031729243786349226,0.00296139608672652,0.05070680217906682,0.4566656882061257,-0.046178451938308725,0.30495601004295664,2,955913.0,0.6712876905110187,0.09453228332844103,1.057865230929133,1423999.0,0.09455,0.09449,1790816400,2026-10-01T01:00:00+00:00,0.0945,B-DOGE_USDT,76
0.09452,,0.00042319085907749354,0.0012695725772322586,0.0016927634363097521,0.0009521794329241384,0.003279729157850131,0.0982311102685004,-0.0632435699194186,-0.13270526840940008,0.2635633003941474,3,213672.0,0.08843417474763779,0.0945446837821504,1.0576974480033325,2416170.0,0.09457,0.09449,1790816460,2026-10-01T01:01:00+00:00,0.09456,B-DOGE_USDT,106
0.09461,,0.00010569707219110214,0.0,0.0010569707219110214,-0.0011626677941021235,0.003170912165733064,-0.019212991809314496,0.4038899277324234,-0.1427274703633053,0.33399167638213967,1,22078.0,0.008284719986371002,0.09464701944963866,1.0565798510218314,2664906.0,0.09465,0.09453,1790816520,2026-10-01T01:02:00+00:00,0.09454,B-DOGE_USDT,98
0.0945,,0.001481481481481417,0.002116402116402183,0.002433862433862455,0.0006349206349207659,0.00465608465608458,-0.0318937269878837,0.007818312731467825,0.021419554238124593,-0.19404263106435002,2,175232.0,0.03118419947409408,0.09460503909156366,1.0570265842181834,5619256.0,0.09467,0.0945,1790816580,2026-10-01T01:03:00+00:00,0.09461,B-DOGE_USDT,91
0.09456,,0.0005287648054144167,0.0015862944162436943,0.0017978003384093721,0.0006345177664972557,0.004124365482233605,0.09177048812567107,-0.1188317148131176,-0.04243793429895147,-0.0031946517673250574,2,1323030.0,0.8159639133802713,0.09453440584142594,1.0578094663704651,1621432.0,0.09462,0.0945,1790816640,2026-10-01T01:04:00+00:00,0.0945,B-DOGE_USDT,81
0.09462,,0.0008454872120060575,0.0011625449165080237,0.00221940393151554,0.00021137180300145886,,0.17770223673878077,0.31877650718318307,0.09574246026085279,0.11071865648866715,2,825240.0,0.3756407933775353,0.09454159388253591,1.057753334881233,2196886.0,0.09462,0.09453,1790816700,2026-10-01T01:05:00+00:00,0.09453,B-DOGE_USDT,107
0.09464,,0.0007396449704142327,0.0004226542688081647,0.0020076077768385048,-0.000316990701606068,,-0.09655755335445372,0.6904329027214056,-0.08769563555361716,0.005798447355253658,2,446157.0,0.443290242004954,0.09464345216451361,1.0566356985641199,1006467.0,0.09466,0.09462,1790816760,2026-10-01T01:06:00+00:00,0.09462,B-DOGE_USDT,132
0.09461,,0.0012683648662932256,0.0010569707219110214,0.003170912165733064,0.0009512736497199192,,-0.1242302359091911,-0.032074217549854955,-0.0880198211665924,-0.2957570392883243,2,-118885.0,-0.1374337454553862,0.09463483962891225,1.0566914989164815,865035.0,0.09468,0.09461,1790816820,2026-10-01T01:07:00+00:00,0.09463,B-DOGE_USDT,118
0.0947,,-0.00021119324181628762,0.0003167898627243204,0.0025343189017950074,0.00010559662090803279,,0.08230800189803948,0.7610539214279969,0.013142886688424024,0.1737068260934136,3,2277008.0,0.5816665082863557,0.0946454719362738,1.0566171141756662,3914628.0,0.0947,0.09458,1790816880,2026-10-01T01:08:00+00:00,0.09462,B-DOGE_USDT,130
0.09471,,0.0,0.00021117094287825822,0.0025340513145390986,0.00021117094287825822,,0.09223879442989497,0.6690054292806652,-0.050900454092152714,0.22714269586700142,2,576345.0,0.26911272575478057,0.0947183450271464,1.0557989876436964,2141649.0,0.09474,0.09469,1790816940,2026-10-01T01:09:00+00:00,0.09469,B-DOGE_USDT,124
0.09473,,0.0,0.001055631795629619,,-0.0005278158978148095,,-0.014323293425497256,-0.49396462456004214,0.006515546883437745,-0.10694556056447874,2,794744.0,0.6954236012670412,0.0947125301768772,1.0557989758745843,1142820.0,0.09473,0.0947,1790817000,2026-10-01T01:10:00+00:00,0.09471,B-DOGE_USDT,114
0.09468,,0.0005280946345584958,0.0015842839036754874,,0.0003168567807352307,,0.03415613143843302,-0.24601811875866875,0.08177112066787162,0.1317892100614986,2,-280927.0,-0.23553691638111224,0.09470376990940621,1.0559105058840508,1192709.0,0.09473,0.09467,1790817060,2026-10-01T01:11:00+00:00,0.09473,B-DOGE_USDT,73
0.09471,,0.0012670256572695493,0.002111709428782582,,0.00021117094287825822,,0.13978498313223306,0.798167831764683,0.11359961720106262,0.35694674853750474,2,227440.0,0.2510092682722254,0.09469399083915883,1.0560777538218045,906102.0,0.09472,0.09467,1790817120,2026-10-01T01:12:00+00:00,0.09468,B-DOGE_USDT,67
0.09473,,0.001055631795629619,0.0022168267708224665,,0.0,,0.074983395626218,0.2883855316318584,-0.12230066343788501,0.20440381189074414,2,-191242.0,-0.13078772725531926,0.09473144192765817,1.055631798570888,1462232.0,0.09474,0.09471,1790817180,2026-10-01T01:13:00+00:00,0.09471,B-DOGE_USDT,71
0.09473,,0.0019001372321334475,0.002322389950385473,,0.001055631795629619,,0.10575996882769412,0.6176122368051539,-0.03148806729779529,0.3065212990835485,2,635715.0,0.4446122201481446,0.09475808806118402,1.0553533852978432,1429819.0,0.09479,0.09472,1790817240,2026-10-01T01:14:00+00:00,0.09473,B-DOGE_USDT,90
0.09483,,0.0011599704734788219,,,0.0,,0.04858788345757654,0.08909171268913882,-0.10044190647617644,0.06591106675826477,4,2767016.0,0.5977872278647173,0.09474513641879034,1.319247445187834,4628764.0,0.09483,0.09465,1790817300,2026-10-01T01:15:00+00:00,0.09473,B-DOGE_USDT,199
0.09483,,0.0012654223347043914,,,0.0008436148898027795,,0.14327946454332333,-0.5570139289578135,-0.01207948520788201,0.2153034221088201,2,268866.0,0.2702561978819045,0.09480721493035521,1.0547410640032728,994856.0,0.09485,0.0948,1790817360,2026-10-01T01:16:00+00:00,0.09483,B-DOGE_USDT,121
0.09491,,,,,0.00031608892635137664,,0.019675562664872817,-0.2528753859502695,0.01402817826887218,0.09116904691279462,4,1881915.0,0.3355027304060319,0.09493623562307024,1.053324680526901,5609239.0,0.09497,0.09483,1790817420,2026-10-01T01:17:00+00:00,0.09483,B-DOGE_USDT,229
0.09494,,,,,0.00010532968190446468,,0.29659735818779653,0.4113828071340552,0.17224682063568847,0.35570591673559016,2,939270.0,0.25312938604528823,0.09488705691403568,1.0539073732492108,3710632.0,0.09495,0.09487,1790817480,2026-10-01T01:18:00+00:00,0.09492,B-DOGE_USDT,160
0.09495,,,,,,,0.016321462122243398,-0.005256998205017349,0.0027300739779500365,0.18679486521561195,2,253111.0,0.29276042226918214,0.09494497371500898,1.0532413619387917,864567.0,0.09498,0.09491,1790817540,2026-10-01T01:19:00+00:00,0.09492,B-DOGE_USDT,68
2682.87,-0.0006634685989256317,8.200173694605795e-05,-0.0001826402322884224,-0.0006485591922082978,9.318379198397508e-05,-0.0009579293815950018,-0.025034223768267826,-0.01726086145211598,-0.07941022552060821,-0.009804465623575207,19,-416.52200000000016,-0.28772564373917214,2684.546492643061,0.03725024137104207,1447.636,2685.5,2682.87,1790812800,2026-10-01T00:00:00+00:00,2684.19,B-ETH_USDT,779
2683.12,-0.0004770565610183741,-0.0001565341840842338,-0.0002795253287217747,-0.0003167953725513595,-0.00036151942514672797,-0.0014498047049702478,-0.13457173255003319,0.03760943914748048,-0.26421487421731993,-0.060643376023964114,9,-67.43099999999998,-0.08123795996111047,2683.171854713862,0.03726932625204705,830.0429999999997,2683.47,2683.02,1790812860,2026-10-01T00:01:00+00:00,2683.04,B-ETH_USDT,303
2682.15,-0.00035419346419862663,8.575210185868265e-05,0.000689745167123279,0.00027962641910406205,0.00035046511194369856,-0.0014652424361054628,-0.5478417614565666,-0.5368155487839492,-0.4398638975164759,-0.5579053865964047,6,-168.55900000000003,-0.35943840614477846,2682.622315922256,0.037276921478644656,468.9510000000001,2683.01,2682.15,1790812920,2026-10-01T00:02:00+00:00,2683.01,B-ETH_USDT,240
2683.09,-0.0008311312702891094,-0.0002683473159679206,3.7270460551130924e-06,-0.0002571661778024703,-0.00014535479614929958,-0.0018896123499398954,0.5073417967628743,0.5154115802616532,0.45316992196380534,0.5009351694974697,5,-79.09,-0.17714039983694752,2682.4895770579014,0.03727883904018484,446.482,2683.09,2682.32,1790812980,2026-10-01T00:03:00+00:00,2682.32,B-ETH_USDT,237
2682.7,-0.0010064487270287081,0.00048458642412496644,-0.0004100346665671939,-0.0005740485331942047,-0.00011928281209216962,-0.0014276661572296678,0.2790382445253004,0.31754953189948787,0.18865933152888306,0.2909560045306734,9,41.19200000000003,0.08403237914939463,2682.814365525437,0.037274312024169996,490.1919999999997,2683.09,2682.56,1790813040,2026-10-01T00:04:00+00:00,2683.08,B-ETH_USDT,272
2682.38,-0.0007381504484823553,0.0002684183449026545,-0.00046600407101160535,-0.0007754307741631994,-3.7280325682065296e-06,-0.0006076693085991236,-0.014470901800211855,0.03185897154349922,-0.07545887075204145,0.01643853019824589,10,-141.80300000000003,-0.24833150328445622,2682.7621592948576,0.037275017481884234,571.0229999999999,2683.06,2682.37,1790813100,2026-10-01T00:05:00+00:00,2682.7,B-ETH_USDT,231
2682.37,-4.473655759640316e-05,-0.00028705957791053116,-3.72804646636693e-05,-0.0011706065904405483,0.0006076715740186422,-0.0003728046466371371,0.33867333464516486,0.31138129259928843,0.19927817677952647,0.324998654159807,10,-279.18300000000005,-0.42912081746960085,2682.1185569064633,0.03728398143261995,650.5930000000001,2682.38,2681.8,1790813160,2026-10-01T00:06:00+00:00,2682.37,B-ETH_USDT,313
2684.0,-0.0010543964232488934,-0.0010692995529060223,-0.0004098360655737654,-0.0021535022354695066,-0.0003353204172876767,-0.0012444113263786472,0.23884856609437263,0.263567411792043,0.13597825026967242,0.2586824239165864,17,406.17699999999996,0.4589202448165175,2683.286906072353,0.037267744440582715,885.071,2684.0,2682.37,1790813220,2026-10-01T00:07:00+00:00,2682.37,B-ETH_USDT,475
2683.1,-0.00042860869889305153,-0.00030934366963586424,-0.00026089225150005557,-0.001893332339458098,-0.0005590548246431348,-0.0012522828072006886,-0.2765511856273909,-0.2669457236429854,-0.35789896496311013,-0.28147048229188054,10,-248.01900000000006,-0.47063411190745935,2683.4206652713815,0.03726585037114445,526.9889999999999,2684.21,2682.76,1790813280,2026-10-01T00:08:00+00:00,2684.0,B-ETH_USDT,315
2681.6,0.0005593675417661093,0.00048478520286399096,-0.00016408114558474907,-0.0010180489260143144,-0.0001752684964200224,-0.0001528937947493647,-0.6190819893503908,-0.6376099170139978,-0.5332179527035952,-0.6338951421457615,13,-58.99499999999999,-0.09025458539801819,2681.877965796569,0.037287260189523073,653.6510000000001,2682.21,2681.6,1790813340,2026-10-01T00:09:00+00:00,2682.01,B-ETH_USDT,390
2681.13,0.0009622808293516805,0.0004736808733631914,-0.0003095709644813649,-0.000141731284943325,0.00042519385482986394,0.000540816745178363,0.057739213778352054,-0.05147833302948994,0.28068526280423617,-0.06486594525065205,11,-456.43799999999993,-0.41548830375819923,2681.344742608335,0.03729471617493676,1098.5580000000002,2681.8,2681.01,1790813400,2026-10-01T00:10:00+00:00,2681.6,B-ETH_USDT,314
2682.27,0.0005368587054994656,-0.00041382858548921764,-0.0011333683782766002,-0.0003355366909372215,0.00023487568365609945,-0.00017522471637820836,0.5922001453343474,0.6165609690907826,0.5587371857556811,0.6241323581409716,7,27.677000000000017,0.064572197815786,2681.6780828048454,0.037290127521244935,428.62100000000004,2682.27,2681.0,1790813460,2026-10-01T00:11:00+00:00,2681.13,B-ETH_USDT,250
2682.9,0.0006448246300645444,-0.0009691006000969171,-0.0017443810801744952,-0.0008349174400835713,-0.00018636550001860375,-0.00038764024003878905,0.18396961738329926,0.22586306679610663,0.1616845995002809,0.23402684363775386,10,30.846000000000014,0.05966275052900743,2682.9681293153344,0.03727216986685531,517.006,2683.49,2682.26,1790813520,2026-10-01T00:12:00+00:00,2682.27,B-ETH_USDT,332
2682.4,0.0009692812406798534,-0.0011817775126752306,-0.0016328660900686298,-0.0009916492693111678,-0.00046227259170905644,-0.00020131225767971994,-0.4808627587039336,-0.3399509621341643,-0.4612717364654161,-0.34359193683109873,5,-239.05399999999992,-0.6908156719048909,2682.6633002451895,0.037276365216413816,346.04600000000005,2682.9,2682.4,1790813580,2026-10-01T00:13:00+00:00,2682.9,B-ETH_USDT,125
2681.16,0.001954377955810216,-0.0010965403034507437,-0.0008541079234360982,1.1189186770010906e-05,-0.0003207566874038337,2.2378373539799767e-05,-0.6773400416427979,-0.6720159884032413,-0.4526595136575608,-0.6880899509137326,10,-250.21399999999994,-0.5593874357254638,2681.8436399200577,0.03728773577921655,447.3,2682.41,2681.16,1790813640,2026-10-01T00:14:00+00:00,2682.4,B-ETH_USDT,222
2680.3,0.0018878483751818553,-0.0008506510465247086,0.00016789165391917216,0.0008506510465244865,-0.00039920904376378186,0.0002947431257693811,0.4507993240631061,0.3093914779779324,0.3953825685949223,0.32674296711054446,14,-741.8099999999998,-0.6293074487687184,2680.7136898145327,0.03730352086310762,1178.7720000000002,2681.29,2680.28,1790813700,2026-10-01T00:15:00+00:00,2681.01,B-ETH_USDT,362
2679.23,0.0023402246167743,-0.00013436696364255152,0.0007987369505417785,0.0009592308237815761,-0.0003769739813305195,0.0009741604864084152,-0.19651786910033298,-0.20105138951154836,-0.22272464598932207,-0.187450585346097,15,-481.96399999999994,-0.3827285981557773,2680.3846614097197,0.037308066571557094,1259.284,2681.43,2679.23,1790813760,2026-10-01T00:16:00+00:00,2680.3,B-ETH_USDT,523
2678.22,0.002651014479766456,0.0009446572723674773,0.0009110528634690418,0.0013591116487818855,-7.467646421865926e-05,0.001112679316859655,0.16503419837637504,0.1521367364529915,0.10055015725144889,0.19291336192252304,22,-387.3439999999999,-0.24884041845154423,2679.4748515927736,0.03732076061492718,1556.5959999999998,2680.91,2678.17,1790813820,2026-10-01T00:17:00+00:00,2679.69,B-ETH_USDT,745
2678.02,0.0027781719329953436,0.00125092419025985,0.000642265554402055,0.0014338951912233888,0.00031739867514057885,0.001060484985175636,0.027014463518113957,0.0833089841972578,0.052715934522090176,0.06727418244688793,12,-111.15499999999997,-0.13567483445729453,2678.2120832115875,0.03733834969625702,819.275,2679.17,2677.37,1790813880,2026-10-01T00:18:00+00:00,2678.23,B-ETH_USDT,721
2678.87,0.0024189303698947118,0.0006681921855109518,0.0008660367990982465,0.0008772355508106511,0.0007017884406486097,0.00042181964783671866,0.014921336204069319,0.08130467850311844,-0.07118548129023314,0.08831442994803909,11,59.18899999999996,0.07378031070773698,2678.505406523392,0.03733425973029424,802.233,2678.87,2678.01,1790813940,2026-10-01T00:19:00+00:00,2678.01,B-ETH_USDT,605
2680.75,0.0013615592651310404,-0.00037676023500898825,0.0006826447822436688,0.0001268301781218728,0.00023127856010440873,-0.00013056047747828092,0.424562622268064,0.6156581032151015,0.13133609647056693,0.5300915578153842,13,188.13200000000012,0.23191014116869751,2679.611924393636,0.04018928955265266,811.2279999999998,2680.76,2678.87,1790814000,2026-10-01T00:20:00+00:00,2678.87,B-ETH_USDT,628
2681.37,0.0014843158534629808,-6.712986271939503e-05,0.00016036578316325212,0.0001752835304340561,-0.00026479001405999014,0.0003281904399616842,0.3823889757768231,0.41892234974629705,0.3524065347757356,0.4105318722813119,11,-0.07600000000000473,-0.00017200407378070555,2680.947094611748,0.03730028061585683,441.8499999999999,2681.37,2680.59,1790814060,2026-10-01T00:21:00+00:00,2680.99,B-ETH_USDT,278
2680.66,0.0017644908343468213,0.0007162415226100727,0.00044765095163135094,0.0002014429282339858,-0.00034319906291735425,0.00019025165444341852,-0.027588527582698502,-0.04051090152725,-0.10986256210662777,-0.03948104837873911,6,-151.21999999999997,-0.38192655452846386,2681.0297974454925,0.03729909846901211,395.94,2681.43,2680.39,1790814120,2026-10-01T00:22:00+00:00,2681.37,B-ETH_USDT,227
2679.74,0.0015598528215425844,0.0007687312948272407,0.0007911215267153437,0.000417950995245997,0.0005410972706307859,0.0008247068745474984,0.05895021181355183,0.09231601043188545,0.08884116395363824,0.10031152989844919,7,-493.55199999999996,-0.5788366316312912,2680.1754615800523,0.03731099741258064,852.6619999999999,2680.67,2679.54,1790814180,2026-10-01T00:23:00+00:00,2680.67,B-ETH_USDT,250
2681.19,0.0005408046427144431,0.00024988904180611726,1.1189061573269043e-05,-0.00044383277574511215,0.0005184265195676829,0.0007123702535067888,0.30439522510591355,0.38233606190138386,0.2739070681970861,0.3480357349927808,11,-301.55800000000016,-0.3645615222805196,2680.628729862128,0.037304709309880744,827.18,2681.43,2679.74,1790814240,2026-10-01T00:24:00+00:00,2679.75,B-ETH_USDT,359
2682.58,0.0005889852306362187,-0.0002683983329480055,-0.0005554354390175931,-0.0008126505080928714,-0.0002907648606936819,0.0004212362725435348,-0.0253770297209918,0.13208255111587477,0.007021218071809511,0.11028402114821718,9,1093.236,0.7711857472185464,2681.9623270794223,0.03728614296112536,1417.6039999999998,2682.79,2680.96,1790814300,2026-10-01T00:25:00+00:00,2680.96,B-ETH_USDT,360
2681.8,0.000917294354537912,-0.0002162726526960812,1.4915355358358084e-05,0.00016779774778119538,2.2373033037537127e-05,0.0007122082183608214,-0.25155800614196017,-0.2467889140624485,-0.23348125638427616,-0.24190600130956263,12,193.10800000000006,0.2408683374162422,2682.6462660554294,0.03727660906979561,801.7160000000001,2683.24,2681.8,1790814360,2026-10-01T00:26:00+00:00,2682.59,B-ETH_USDT,398
2681.86,0.000894901299844264,-0.00028711416703330883,-0.000246097857457217,-0.0002572841237051815,0.0,0.0010328652502367142,-0.041694471090604424,0.17194091401412448,-0.20236027272760515,-0.06385780980432776,4,33.88100000000001,0.14066502534635877,2681.88585970457,0.0372872066260927,240.86299999999997,2682.0,2681.76,1790814420,2026-10-01T00:27:00+00:00,2681.8,B-ETH_USDT,142
2681.86,0.001096254092309179,-7.457510831976322e-06,-0.00037287554160170266,3.355879874411549e-05,-0.0002386403466252407,0.0011708292006293863,0.08603371778466563,0.08246641888085107,-0.0925239584873496,0.08874870736683381,9,25.472999999999992,0.0807142064988355,2681.68096788765,0.037290049385181434,315.595,2681.87,2681.34,1790814480,2026-10-01T00:28:00+00:00,2681.85,B-ETH_USDT,166
2681.22,0.000786955192039418,-7.4592909198312185e-06,-0.000455016746108039,0.000701173346461692,-4.848539097856985e-05,0.0019319563482296243,0.18723742294464557,0.2786477006613242,-0.05432916374839569,0.20709090792757262,10,-84.56999999999991,-0.12298550699346444,2681.855393238503,0.03728763800093028,687.6420000000003,2682.38,2681.22,1790814540,2026-10-01T00:29:00+00:00,2681.85,B-ETH_USDT,307
2681.09,0.000794453002323614,-8.578600494579813e-05,-0.0002573580148372834,0.0009772144911210923,0.00027973697264926933,0.0015926358309492628,0.04985882049120862,0.04619938920992184,0.0046751847628219625,0.05256031355809351,19,148.0779999999999,0.1314631599880679,2680.5225994179987,0.03730616196025677,1126.384,2681.23,2680.0,1790814600,2026-10-01T00:30:00+00:00,2681.22,B-ETH_USDT,434
2681.84,0.0006152492318705072,-0.00068609611311643,0.00015288011216174624,0.0006972824627866636,-0.0002386421263014249,0.0013647346597858157,0.08220647053229531,0.04465444463087959,0.02019016393153902,0.05984648737248622,11,-43.126999999999995,-0.07813074630651193,2680.9624959994962,0.03730004115015792,551.9850000000001,2681.85,2680.31,1790814660,2026-10-01T00:31:00+00:00,2680.66,B-ETH_USDT,396
2681.2,0.0014433835596003863,-0.00029837386244957464,-1.1189019841761905e-05,0.0012792779352530648,-0.00012680889154093045,0.001536625391615809,0.12436530314163424,0.18609427961993225,-0.060745081204366815,0.14073392940058294,8,-10.943000000000005,-0.027303643563071855,2681.5996804713977,0.037291187048602,400.789,2681.85,2681.2,1790814720,2026-10-01T00:32:00+00:00,2681.85,B-ETH_USDT,376
2680.86,0.0009101556963064805,0.0005184903351909131,0.0004065859463007193,0.0015442805666838755,-0.0003207925814850965,0.0017158672963153432,0.11302781094646659,0.09998009321523872,0.09550238083492932,0.09859081251285486,7,20.40300000000003,0.1298074170213581,2680.6697856147516,0.03730411704817905,157.17899999999992,2681.2,2680.38,1790814780,2026-10-01T00:33:00+00:00,2681.2,B-ETH_USDT,286
2680.0,0.0013432835820894606,0.00043656716417905805,0.001156716417910486,0.002388059701492473,0.00014925373134322406,0.0019962686567163157,-0.10737144163249479,-0.09429836499978277,-0.12360146023596097,-0.09341670567242306,10,-67.002,-0.23125988002457498,2680.9185285081753,0.03730064305969295,289.72599999999994,2681.42,2680.0,1790814840,2026-10-01T00:34:00+00:00,2680.86,B-ETH_USDT,353
2680.4,0.0016079689598567093,0.000578271899716265,0.0012348903148784451,0.0018504700790926698,0.0006901954932099219,0.0014923145799135007,-0.24664397014295292,-0.19198665153013503,-0.24118517000017517,-0.27269414890221466,6,216.74499999999995,0.33018400851871527,2680.1240400667425,0.037311692773195765,656.4370000000001,2680.41,2679.9,1790814900,2026-10-01T00:35:00+00:00,2680.0,B-ETH_USDT,322
2682.25,0.0010252586447945244,0.0003168981265728732,0.0005443191350544829,0.0012116693074843976,-0.0004026470314101305,0.0011557461086773024,0.3182663099575621,0.26927718182988697,0.25856264722137917,0.2835714098076279,16,425.24,0.46000337506003725,2681.0894713859093,0.037298290789197684,924.4279999999998,2682.25,2680.25,1790814960,2026-10-01T00:36:00+00:00,2680.4,B-ETH_USDT,478
2681.17,0.0014545888548656016,0.0009473476131689473,0.0012904813943166449,0.0015478317301775846,0.0002909177709731203,0.0015739397352647622,-0.27051554463618543,-0.29476919046571864,-0.23376681924796103,-0.2750272181373215,12,26.11499999999996,0.06320688728770679,2681.503526154048,0.03729249173210176,413.1670000000001,2682.38,2681.0,1790815020,2026-10-01T00:37:00+00:00,2682.37,B-ETH_USDT,352
2681.95,0.0016256828054215244,0.0006562389306288274,0.0011372322377374289,0.0013087492309700188,0.0004287924830814749,0.0007345401666698503,0.1769551620206672,0.19136542608377274,0.16096817367174301,0.16290456359711492,13,95.76200000000006,0.14350064735782114,2681.255187596362,0.037295978971916256,667.328,2681.96,2680.79,1790815080,2026-10-01T00:38:00+00:00,2681.17,B-ETH_USDT,439
2683.1,0.0010323879095075483,0.0005702359211361419,0.0012299206142150076,0.0008385822369647578,0.00022734896202170063,-0.0001714434795572206,0.013254406479871392,0.1024290934318561,0.03341772507706441,0.07319941223361376,18,296.62899999999996,0.4035873036173724,2682.9471788121336,0.03727245249474135,734.981,2683.55,2681.99,1790815140,2026-10-01T00:39:00+00:00,2681.99,B-ETH_USDT,533
2683.71,0.0008905582197777928,0.0004806778675787715,0.000614820528298532,0.00025710676637946683,0.0,0.0001676783258994785,0.1608115492263583,0.1321612749833975,0.1487174635336175,0.1522638218517439,10,212.39500000000004,0.42765959588841135,2683.398660806375,0.03726618276711356,496.645,2683.71,2683.08,1790815200,2026-10-01T00:40:00+00:00,2683.09,B-ETH_USDT,297
2683.71,0.0006930704137184662,0.0010023437703776672,0.0006669871185782661,0.0006110943432784399,0.0003428090218391411,0.00020494017609951065,-0.22178270589548005,-0.25145651713639805,-0.16130292834421003,-0.2719123970006439,17,482.86899999999986,0.5617662627755058,2684.524330952708,0.03725053031866657,859.555,2685.18,2683.71,1790815260,2026-10-01T00:41:00+00:00,2683.96,B-ETH_USDT,599
2684.63,0.0007338068933149255,0.00027191829041628424,0.00025701865806460056,0.00028309301467976944,0.0001378215992520193,-0.0001378215992520193,-0.034216186414675394,0.049252393647984394,0.05674022952220525,-0.018454378122870027,12,274.87899999999996,0.37857063174754896,2683.9169129286347,0.0372589821938775,726.0969999999998,2684.68,2683.32,1790815320,2026-10-01T00:42:00+00:00,2683.71,B-ETH_USDT,358
2685.0,0.0008193668528864162,0.00018621973929233704,0.00017132216014892343,-0.0004022346368715013,0.0005214152700185881,-7.4487895716846e-05,0.19106576441092848,0.14327537334625204,0.21489830244655334,0.11596579515777639,8,227.60899999999995,0.844087357361923,2684.429466376867,0.037251873800174834,269.65100000000007,2685.0,2684.1,1790815380,2026-10-01T00:43:00+00:00,2684.37,B-ETH_USDT,300
2686.4,3.722453841570328e-05,-0.00040202501488983966,-0.0003908576533652175,-0.0013996426444312648,-0.00038713519952349174,-0.0011427933293627346,0.5637716895692843,0.592675445818563,0.5073583863849067,0.5545141914426096,9,433.152,0.529639629064444,2685.934630043896,0.037231030461471144,817.8240000000003,2686.48,2684.99,1790815440,2026-10-01T00:44:00+00:00,2684.99,B-ETH_USDT,384
2685.36,0.0005772038013525105,3.7238954925911116e-05,-0.00035749396728934624,-0.00044686745911171055,5.2134536896231154e-05,-0.0007969136354158968,-0.4452183916721241,-0.5149302352224492,-0.3180981026138978,-0.48478168224831086,16,4.913000000000006,0.0061545669442255755,2685.9393003488244,0.03723088833259654,798.2689999999999,2686.49,2685.33,1790815500,2026-10-01T00:45:00+00:00,2686.3,B-ETH_USDT,525
2685.5,0.0006590951405696099,-5.5855520387337876e-05,-5.5855520387337876e-05,-0.0004617389685346307,-6.702662446467222e-05,-0.000748463973189395,-0.17768533453315297,-0.19102609290409858,-0.11057215613126108,-0.1850897421963041,14,82.49999999999999,0.09708212323898913,2685.482616298107,0.03723724187495524,849.7959999999998,2686.08,2684.91,1790815560,2026-10-01T00:46:00+00:00,2685.76,B-ETH_USDT,514
2685.32,0.0013704139543890825,-0.00034260348859727063,2.60676567409579e-05,-0.0003947388020794085,5.2135313482137846e-05,-9.309877407537304e-05,-0.0544385741049284,-0.10610204071638403,0.0018578691024935905,-0.08362303313629461,18,-250.17900000000006,-0.3328304537490472,2685.106691712019,0.037242461485240574,751.671,2685.88,2684.31,1790815620,2026-10-01T00:47:00+00:00,2685.63,B-ETH_USDT,620
2685.46,0.0012362872654965162,-4.09613250617058e-05,-0.000573458550862771,-0.0002457679503696797,-4.09613250617058e-05,-0.0008043314739373253,0.21234257019613118,0.12841647211113258,0.19123347039395608,0.14556406832568736,7,-131.39300000000006,-0.3124320828250694,2685.4413563680746,0.03723783580386587,420.5489999999998,2685.73,2685.2,1790815680,2026-10-01T00:48:00+00:00,2685.21,B-ETH_USDT,334
2685.35,0.0011655836296944333,1.4895637440170972e-05,-0.001009179436572527,-0.0007522296907293002,-0.00035377138920433815,-0.0006516841380080907,-0.3447569221544476,-0.41959492590149455,-0.34994194844883486,-0.4052429112262755,6,43.620000000000005,0.2653155564206122,2685.497902025371,0.037237013755274634,164.40799999999996,2685.79,2685.34,1790815740,2026-10-01T00:49:00+00:00,2685.34,B-ETH_USDT,262
2684.4,,-0.00017881090746540984,-8.940545373281594e-05,-0.00043957681418582695,0.0003538965876916933,0.00011548204440470222,-0.08531310512073564,-0.09943590383623462,-0.0959459357659909,-0.08170421497206891,12,-123.94400000000002,-0.5927612197268243,2685.149502820481,0.037241868583073504,209.09599999999995,2685.8,2684.4,1790815800,2026-10-01T00:50:00+00:00,2685.35,B-ETH_USDT,390
2685.35,,-0.001009179436572527,-0.00040590612024493655,-0.0006926471409686163,1.4895637440170972e-05,-0.00013033682760155152,0.45299148946468654,0.4204873204146541,0.4359511014990795,0.42501256818760297,11,-59.187000000000026,-0.1722831070165482,2684.642556982057,0.0372489367507522,343.54499999999985,2685.36,2683.71,1790815860,2026-10-01T00:51:00+00:00,2684.41,B-ETH_USDT,436
2685.39,,-0.00045803402857691466,-0.0004207954896680022,-0.0001191633245076762,-0.0005474065219576163,-0.0001191633245076762,0.3336389531810246,0.2899422492279745,0.37891936375500357,0.2948423565829344,7,-8.46100000000001,-0.036746854519632964,2685.149306854103,0.037241897293643536,230.25099999999998,2685.39,2684.7,1790815920,2026-10-01T00:52:00+00:00,2685.36,B-ETH_USDT,293
2683.92,,0.0001266803779547132,0.0003278786252944865,-0.00023100539509368634,-0.00047691436406460674,0.0008904885391516348,-0.557581292521118,-0.6056658650986486,-0.5661662230438749,-0.6009862838802295,11,-257.491,-0.7045841987024253,2684.5992443979467,0.03724946669910992,365.45099999999996,2685.4,2683.92,1790815980,2026-10-01T00:53:00+00:00,2685.4,B-ETH_USDT,337
2682.64,,0.0006038827423733295,0.0002572093161961053,0.00035785643992491956,0.0005666060298810116,0.0012040378134972052,-0.3161246559694314,-0.3782478878180484,-0.2956055273677799,-0.3788593933609585,10,-195.2669999999999,-0.37798563295709053,2683.341108760561,0.03726694751762798,516.5989999999997,2684.15,2682.64,1790816040,2026-10-01T00:54:00+00:00,2683.92,B-ETH_USDT,356
2684.16,,0.00023843586075367185,-0.00035020267048169185,0.0002049058178350549,3.725560324285837e-05,0.0007227587029088323,0.5890184985564606,0.6186032768846685,0.48907188754827774,0.5530804579954772,10,92.02499999999996,0.3121067929225268,2683.5690930163846,0.03726385026823892,294.85100000000006,2684.17,2682.64,1790816100,2026-10-01T00:55:00+00:00,2682.64,B-ETH_USDT,320
2684.26,,-0.0003464642024245679,-0.00028685745792156325,0.0002756811933268821,0.0,0.0004880302206193843,0.16181438316908103,0.1764930909444641,0.14285263572104434,0.1580116488978255,10,-182.27399999999997,-0.3952442493841723,2684.445882465455,0.0372516484913444,461.168,2684.96,2684.02,1790816160,2026-10-01T00:56:00+00:00,2684.17,B-ETH_USDT,278
2684.26,,-0.0003874438392705848,0.0003017591440470646,0.0003017591440470646,0.00020117276269804307,0.0008717486383582607,0.018152773898254773,-0.033351520578975696,0.022394158962165726,-0.01648255461285908,4,4.884,0.07149549127532497,2684.174833242397,0.0372553950887458,68.31200000000001,2684.27,2684.08,1790816220,2026-10-01T00:57:00+00:00,2684.26,B-ETH_USDT,94
2684.8,,-0.0004879320619787242,-0.0005587008343266309,0.0005624255065552752,-0.0005475268176401427,0.0008939213349223873,-0.02380101226309482,0.03001745783654529,0.07316560820449665,0.036795588025397175,8,-25.211999999999986,-0.17076672988350028,2684.910150087289,0.03724519647324253,147.64000000000001,2685.19,2684.26,1790816280,2026-10-01T00:58:00+00:00,2684.27,B-ETH_USDT,200
2683.33,,0.0006484480104944623,0.00010062124300769248,0.0009465850268137732,-4.099383974398574e-05,0.0011813679271650557,-0.617753718434005,-0.6365964663178955,-0.4929655946658658,-0.6181232530288063,13,-113.54499999999994,-0.20003312010795732,2684.211817017669,0.037254841224984216,567.6310000000001,2684.94,2683.33,1790816340,2026-10-01T00:59:00+00:00,2684.8,B-ETH_USDT,341
2683.22,,2.9814923860227438e-05,0.0005553029568952095,0.0010733372589650791,0.0001006253680280178,0.0013752133630489105,0.23460365813367567,0.20267211155449183,0.21114049920104855,0.2307896407619822,19,-408.63800000000003,-0.503805933162537,2683.4433817816107,0.03726556710085958,811.102,2684.34,2682.99,1790816400,2026-10-01T01:00:00+00:00,2683.07,B-ETH_USDT,614
2683.49,,4.0991395533485075e-05,0.0005627000659589321,0.000775110024632264,0.0005887854994803821,0.0014086134101487513,0.01781404642344923,-0.016319593638230823,0.05278547941383462,-0.02492403998220455,6,98.92099999999992,0.2290171946371806,2683.518251735365,0.037264511852234616,431.9370000000002,2683.88,2683.22,1790816460,2026-10-01T01:01:00+00:00,2683.61,B-ETH_USDT,284
2685.07,,-0.0001340747168603329,0.0,0.0005698175466559707,-0.0006592006912296,0.0014636489923911533,0.1255811059734915,0.18580716496369662,0.12110493362662979,0.16739989313664172,12,107.41599999999994,0.28087020186172973,2684.8150957024914,0.03724652799168486,382.4400000000001,2685.63,2683.49,1790816520,2026-10-01T01:02:00+00:00,2683.5,B-ETH_USDT,370
2683.3,,0.0006335482428352357,0.0011217530652554153,0.0014534342041514492,0.00011180263108845345,0.0020422613945514367,-0.44788921717936997,-0.448790377677867,-0.3975329294405437,-0.44763813700778626,16,-132.6100000000001,-0.21471131116220338,2684.754006048112,0.03724733276565809,617.6200000000002,2686.0,2683.3,1790816580,2026-10-01T01:03:00+00:00,2685.19,B-ETH_USDT,444
2683.6,,0.0005477716500223995,0.0008458786704426124,0.0010806379490237994,0.0004136234908331815,0.0018184528245641651,-0.15600521284200727,-0.1505573729095006,-0.16034306197627046,-0.14465635981079272,16,-18.546999999999954,-0.04280198744118092,2684.2348722131355,0.03725455472352,433.32099999999997,2684.78,2683.17,1790816640,2026-10-01T01:04:00+00:00,2683.19,B-ETH_USDT,484
2684.71,,0.0005959675346685067,0.0005177467957433457,0.0008194553601692522,0.00010801911565860856,,0.09305471501941633,0.07732549476028557,-0.012464606244304285,0.10090809465564739,13,336.88599999999997,0.4447351676176044,2683.8353350266575,0.0401261821192792,757.4979999999997,2684.71,2683.28,1790816700,2026-10-01T01:05:00+00:00,2683.59,B-ETH_USDT,473
2685.0,,0.0003240223463687464,0.00021229050279325534,0.0008454376163873345,2.6070763500918304e-05,,-0.10321937837953958,-0.08942386257208551,-0.14748260439453093,-0.07929987685715092,13,-42.59900000000006,-0.10154490130128332,2685.1591682653025,0.037241734095719854,419.50899999999996,2685.46,2684.66,1790816760,2026-10-01T01:06:00+00:00,2684.67,B-ETH_USDT,367
2685.07,,0.000383602662128002,0.0005698175466559707,0.0014636489923911533,0.0004618129136297888,,-0.19534561498162775,-0.27411829581041447,-0.10160333726662814,-0.23584510570088613,7,129.93099999999998,0.38660850573823413,2685.5593436942354,0.037236172422601646,336.079,2686.0,2685.0,1790816820,2026-10-01T01:07:00+00:00,2685.01,B-ETH_USDT,325
2686.31,,-0.0002754708131227357,0.0003313094914585424,0.0009194769032614403,-0.00016379345645145538,,0.12269313487698587,0.1759876749130709,0.09638677641317044,0.10482866706357617,12,227.81600000000006,0.5526536671987426,2685.289213271708,0.03723995069509544,412.2219999999999,2686.31,2684.34,1790816880,2026-10-01T01:08:00+00:00,2685.08,B-ETH_USDT,379
2685.87,,0.0002717927524413799,0.00023456086854545255,0.0009717521696881448,8.5633332961077e-05,,-0.45838330540528044,-0.5303459819096599,-0.37642273107610236,-0.49873265520030885,13,108.06900000000005,0.30393940842780853,2686.2446559623977,0.03722665468191776,355.56100000000004,2686.6,2685.87,1790816940,2026-10-01T01:09:00+00:00,2686.31,B-ETH_USDT,332
2686.1,,0.00040951565466662565,0.00030155243661811326,,-0.00019731208815743084,,0.5782745586011431,0.5988777921599796,0.7050185994963782,0.606841901777814,6,109.18200000000006,0.4281915728045684,2685.8596610556274,0.037232068918316964,254.98399999999998,2686.1,2685.58,1790817000,2026-10-01T01:10:00+00:00,2686.02,B-ETH_USDT,226
2685.57,,0.00034629519990159174,0.0006330127310030242,,0.00038353124290169127,,-0.14017971515425295,-0.14445822514221193,-0.11140824078182834,-0.149883712601153,11,-217.11599999999993,-0.35082423885960623,2685.4360958906923,0.037237890157264794,618.8739999999999,2685.91,2684.92,1790817060,2026-10-01T01:11:00+00:00,2685.9,B-ETH_USDT,285
2686.6,,0.0001153874785975173,0.0008933224149483276,,0.00022333060373713742,,0.667667844090793,0.648873289459147,0.6685210236808246,0.6484311197471623,6,50.74599999999998,0.1644884411425311,2686.1065776997807,0.037228650141087144,308.508,2686.6,2685.57,1790817120,2026-10-01T01:12:00+00:00,2685.57,B-ETH_USDT,232
2687.2,,2.6049419470153268e-05,0.0005879726108961592,,-0.0002604941947007555,,0.14619886512212282,-0.003280302865762841,0.24192246873804404,0.019554876430282975,5,86.90799999999999,0.21412556606237398,2686.954983598486,0.03721684981573558,405.874,2687.2,2686.59,1790817180,2026-10-01T01:13:00+00:00,2686.59,B-ETH_USDT,223
2686.5,,0.0009305788200260068,0.0007370184254607004,,0.00015261492648432906,,-0.3704359398009929,-0.4482894184281815,-0.2611260645173142,-0.38714511952247177,8,-22.549000000000007,-0.039506488637219755,2686.999008552908,0.03721620931438229,570.7669999999999,2687.38,2686.5,1790817240,2026-10-01T01:14:00+00:00,2687.2,B-ETH_USDT,227
2686.91,,0.000695966742466414,,,0.00013398290229305054,,-0.13192946340738262,-0.13680121743986487,-0.08221682782171953,-0.13879732169849646,18,-158.234,-0.11751084996598707,2685.68764944537,0.03930382589252049,1346.5480000000005,2686.91,2684.49,1790817300,2026-10-01T01:15:00+00:00,2686.49,B-ETH_USDT,586
2687.27,,0.00045027109296791323,,,0.0006437760254831559,,-0.09000043762023169,-0.15832892213337108,-0.13358309088619785,-0.13730178307283902,9,318.449,0.3542876787158603,2686.9808750220564,0.037216480344938685,898.843,2687.27,2686.78,1790817360,2026-10-01T01:16:00+00:00,2686.93,B-ETH_USDT,269
2689.0,,,,,-8.181480104119121e-05,,-0.2666170001547391,-0.0853155548209929,-0.11777010074217922,-0.19266922996483057,19,627.3440000000002,0.44152601182106,2688.4503628959096,0.03719614501259858,1420.8539999999996,2689.48,2687.25,1790817420,2026-10-01T01:17:00+00:00,2687.25,B-ETH_USDT,569
2688.78,,,,,-0.00011157476625089924,,-0.19900911120737697,-0.2605595312021806,-0.1996295683222117,-0.2071115221902293,18,-252.68699999999993,-0.24198288699382797,2689.1170305356773,0.03718691001668612,1044.235,2689.74,2688.54,1790817480,2026-10-01T01:18:00+00:00,2689.12,B-ETH_USDT,542
2688.48,,,,,,,-0.4367179818686845,-0.3359800424086454,-0.42237821850557256,-0.33525154404895297,5,-20.336,-0.06585620186920732,2688.799320099788,0.03719129845175517,308.7939999999999,2689.06,2688.48,1790817540,2026-10-01T01:19:00+00:00,2688.78,B-ETH_USDT,197
117.97,-0.0002543019411714864,-0.0002543019411714864,-0.0005086038823429728,-0.000847673137238214,-0.0001695346274476206,-0.0005933711960667276,-0.06040727518900143,-0.13317013492471755,0.013946874498938605,0.0004292802928808996,3,-3317.9099999999994,-0.2623531932760483,118.02100081599202,0.8473020747434886,12646.730000000005,118.08,117.97,1790812800,2026-10-01T00:00:00+00:00,118.03,B-SOL_USDT,221
117.95,0.0005934718100890635,-0.00025434506146670977,0.00025434506146670977,0.0,-0.0005934718100890635,-0.0009325985587113061,-0.10902436101375994,-0.21484095775076031,-0.061748465302446674,-0.08066874105284502,2,-1124.47,-0.2462675616780367,117.96392579521124,0.8477090723400226,4566.050000000002,118.0,117.94,1790812860,2026-10-01T00:01:00+00:00,117.97,B-SOL_USDT,178
117.88,0.000593824228028561,0.000254496097726431,0.001357312521208076,0.001357312521208076,0.000508992195453084,-0.000254496097726542,-0.06214891414049546,-0.23632782442801625,0.02759273481818888,-0.018728808182504116,5,-2500.5199999999986,-0.23266494840564592,117.90381836087786,0.8481405081866946,10747.300000000001,117.96,117.88,1790812920,2026-10-01T00:02:00+00:00,117.95,B-SOL_USDT,193
117.94,-8.478887569940419e-05,0.00033915550279806084,0.0002543666270984346,0.0008478887569951521,-0.00016957775139903042,-0.0005087332541970913,-0.023187721360532074,0.3847286163146111,-0.001977675635662304,0.03596222059698574,2,-1090.5100000000002,-0.20376851511012375,117.90692364308158,0.8481404764634252,5351.709999999999,117.95,117.88,1790812980,2026-10-01T00:03:00+00:00,117.88,B-SOL_USDT,224
117.92,-0.00033921302578021617,0.0010176390773406485,-0.0002544097693351066,0.0002544097693351066,-8.480325644510955e-05,0.0,-0.002005392874964306,-0.08580727854749257,0.004371687673310797,-0.02155697933995345,2,-1759.019999999999,-0.19757299110201557,117.92457096360728,0.8479966324051148,8903.140000000001,117.95,117.9,1790813040,2026-10-01T00:04:00+00:00,117.95,B-SOL_USDT,202
117.91,-0.00016962089729455343,0.0005088626918836603,-0.00033924179458899584,-8.481044864716569e-05,0.000593673140530937,0.0009329149351200439,-0.015119566630021987,-0.41982727586849994,0.03153408223178802,0.0009992110372635393,2,-1643.4699999999998,-0.3205701122162167,117.88790086362064,0.8482483808536855,5126.709999999999,117.93,117.87,1790813100,2026-10-01T00:05:00+00:00,117.92,B-SOL_USDT,167
117.98,-8.476012883540385e-05,-0.0007628411595186346,-0.00025428038650621154,-0.0011866418036955428,0.0005085607730124231,0.0006780810306832308,-0.1342970283031375,0.28468515437499253,-0.10451001992440874,-0.012909507058115957,2,2198.9800000000005,0.4110934549737339,117.94142342577189,0.8478888316660491,5349.100000000001,117.98,117.9,1790813160,2026-10-01T00:06:00+00:00,117.91,B-SOL_USDT,150
118.04,-0.0009318874957641166,-0.0014401897661809882,0.0,-0.0016096238563200194,-0.0005930193154863872,0.0,0.03716446085493397,0.322790008884378,-0.01032278190870032,0.2520010293845671,2,-339.3999999999997,-0.10526446378393789,117.98661395004441,0.847565374568108,3224.260000000001,118.04,117.97,1790813220,2026-10-01T00:07:00+00:00,117.98,B-SOL_USDT,142
117.97,-0.0001695346274476206,-0.0001695346274476206,0.0005933711960668386,-0.0007629058235144592,-0.0006781385097905934,0.0005933711960668386,0.0922911784243837,-0.17248557862644998,0.09570729885581689,0.1296159957609522,2,-3257.260000000001,-0.6439538019303231,118.00413757210687,0.8474217741889218,5058.220000000003,118.05,117.97,1790813280,2026-10-01T00:08:00+00:00,118.04,B-SOL_USDT,131
117.89,0.0011875477139706714,0.0012723725506829098,0.0005089490202732083,0.00025447451013649314,-0.00016964967342436577,0.0018661464076681344,-0.12918441322406307,-0.18027518499432754,0.010929174469811405,-0.16091181389863982,4,-2381.12,-0.4695507448146935,117.90909862407503,0.8481045001987442,5071.06,117.94,117.88,1790813340,2026-10-01T00:09:00+00:00,117.92,B-SOL_USDT,125
117.87,0.0016119453635361491,0.0014422669042164493,0.0002545176889794387,0.0012725884448967495,0.0006787138372783552,0.002545176889793721,-0.002307254598402031,-0.23174141852980845,0.029471568443161185,0.04126508266174539,2,-1840.7300000000005,-0.3667530718331776,117.87884129290735,0.8483204005400509,5018.990000000001,117.92,117.84,1790813400,2026-10-01T00:10:00+00:00,117.88,B-SOL_USDT,120
117.95,0.00025434506146670977,0.0,-0.0009325985587113061,0.0009325985587114172,0.0007630351844001293,0.0015260703688002586,0.011511214523362828,0.2992926610403993,-0.006458659354174565,0.08523062069575041,2,967.0400000000009,0.10292608786352596,117.91649646330518,0.8480686215276589,9395.48,117.97,117.85,1790813460,2026-10-01T00:11:00+00:00,117.85,B-SOL_USDT,150
118.04,-0.0001694340901390312,-0.0011860386309725524,-0.0016096238563200194,0.0,0.0,0.0007624534056251964,0.11310676099895836,0.10102955992601483,0.009453366208804187,0.23404069954989165,4,1101.49,0.17677381252337082,118.03550514779961,0.8472063462244066,6231.069999999999,118.06,117.95,1790813520,2026-10-01T00:12:00+00:00,117.95,B-SOL_USDT,144
118.04,8.471704506929356e-05,-0.001694340901389424,-0.0013554727211115836,0.0,-0.0007624534056251964,0.0006777363605556808,0.12855127248235665,-0.03905063650149471,0.012152393165611425,0.25580250361901896,2,-528.4100000000001,-0.21798822621832245,118.03480474681749,0.847206337103835,2424.0299999999997,118.04,118.03,1790813580,2026-10-01T00:13:00+00:00,118.04,B-SOL_USDT,90
117.95,0.001186943620178127,-0.0008478168715557732,-0.00025434506146670977,0.0013565069944891928,-0.0004239084357778866,0.0007630351844001293,-0.08689630511332484,-0.4725220846304879,-0.014847783918080079,-0.0674274704670096,3,-3654.84,-0.8009554907847737,117.98263738957685,0.8475654212534035,4563.099999999999,118.03,117.94,1790813640,2026-10-01T00:14:00+00:00,118.03,B-SOL_USDT,112
117.9,0.0011874469889736616,-0.00016963528413915796,0.0010178117048345037,0.0022900763358777443,-0.0005089058524173629,0.0003392705682780939,0.0765178207680422,0.23018948795845018,0.08060863687636012,0.2431429578644955,2,-3236.4099999999994,-0.4997691408487894,117.91115094743981,0.8481044879976287,6475.810000000001,117.96,117.9,1790813700,2026-10-01T00:15:00+00:00,117.94,B-SOL_USDT,103
117.84,0.0016972165648336812,0.0006788866259335169,0.001866938221317005,0.002460964019008749,8.486082824155083e-05,0.0015274949083501355,0.10421211584734905,-0.15593641747057524,0.0909705822226051,0.1712454997561147,5,-3080.7999999999997,-0.20692897731089044,117.87622031791264,0.8483420192327638,14888.200000000003,117.98,117.83,1790813760,2026-10-01T00:16:00+00:00,117.9,B-SOL_USDT,125
117.85,0.0011879507848959747,0.001442511667373747,0.0016122189223590766,0.0023759015697921715,0.0002545608824777723,0.0008485362749257597,0.04879694486224593,-0.15408028306916066,0.02623029348880069,-0.008301389913881331,2,3691.0399999999995,0.283925280229907,117.87422959858463,0.8483563340732552,13000.039999999999,117.91,117.82,1790813820,2026-10-01T00:17:00+00:00,117.84,B-SOL_USDT,131
117.88,0.001272480488632599,0.00152697658635903,0.001357312521208076,0.002035968781812114,0.00033932813030213005,0.00042416016287760705,-0.07065204935058024,0.27315538303882486,-0.06926901204123989,0.2034016727704923,2,-1418.6899999999998,-0.154699970230923,117.9113657769152,0.8481045001987442,9170.589999999998,117.93,117.82,1790813880,2026-10-01T00:18:00+00:00,117.85,B-SOL_USDT,99
117.92,0.0010176390773406485,0.0010176390773406485,0.0016112618724559713,0.0010176390773406485,0.0008480325644504294,-0.00033921302578021617,0.20401294580860022,0.7042715667999584,0.08174142101899154,0.2818064600528263,2,-1826.2700000000002,-0.43564457993707223,117.883521357834,0.8483203272810651,4192.110000000001,117.92,117.87,1790813940,2026-10-01T00:19:00+00:00,117.88,B-SOL_USDT,89
118.02,-0.0004236570072868595,0.0001694628029147438,0.0012709710218608006,-0.0006778512116589752,0.0003389256058294876,-0.0011015082189459457,-0.0030472531793499847,-0.22339823958391516,-0.05691879351271014,0.11846634734431315,3,2789.5099999999998,0.5267132043194291,117.9972163421354,0.8474696876672794,5296.0700000000015,118.03,117.91,1790814000,2026-10-01T00:20:00+00:00,117.92,B-SOL_USDT,88
118.06,-0.0007623242419109166,0.000423513467728176,0.0005929188548194908,-0.0003388107741826296,-0.0001694053870913148,-0.0007623242419109166,0.11291058841021273,-0.22571297979224195,-0.0606117197883959,-0.038072759319508404,2,296.2500000000001,0.07383563999611195,118.05387143510104,0.8470628097077731,4012.290000000001,118.06,118.0,1790814060,2026-10-01T00:21:00+00:00,118.05,B-SOL_USDT,124
118.04,-0.0005083022704168716,0.0011013215859030367,0.0007624534056251964,-0.0007624534056251964,0.0,-0.0009318874957641166,0.12524761219658068,0.08686788209194857,0.036954312787971406,0.20865508901310376,2,-2147.2299999999996,-0.3094013645631452,118.04043433941047,0.8471704522145421,6939.95,118.07,118.01,1790814120,2026-10-01T00:22:00+00:00,118.05,B-SOL_USDT,116
118.04,-0.000847170450694712,0.0007624534056251964,0.0006777363605556808,-0.0009318874957641166,0.0005930193154861652,-0.0007624534056251964,0.16285669505147585,0.20751905850610045,0.02551387386379221,0.2750876328053099,2,562.5400000000003,0.14885397206771922,118.04603759529252,0.8471345673252493,3779.139999999999,118.06,118.01,1790814180,2026-10-01T00:23:00+00:00,118.05,B-SOL_USDT,116
118.11,-0.0016933367200068217,0.00016933367200056004,-0.0005926678520022932,-0.0019473372280077728,0.0005080010160021242,-0.0006773346880026843,-0.08154409305195444,-0.19515719557893152,-0.09190584694330511,0.07025249167967751,2,1756.8400000000001,0.23937106575469388,118.1090242140221,0.8466683615211497,7339.4,118.12,118.03,1790814240,2026-10-01T00:24:00+00:00,118.04,B-SOL_USDT,121
118.17,-0.001777100787001884,-0.00042311923500037985,-0.0019463484810019471,-0.002369467716002327,-0.0003384953880003483,-0.0009308623170009023,0.018006795107097094,-0.10086327595302164,-0.028104690677149904,0.03984022894589302,2,1319.3399999999992,0.4756503807106597,118.15449568362024,0.8463459076327922,2773.7599999999998,118.17,118.1,1790814300,2026-10-01T00:25:00+00:00,118.1,B-SOL_USDT,124
118.13,-0.001523745026665524,-0.0007618725133327064,-0.0009311775162955671,-0.0013544400237026633,0.0,-0.0012697875222211774,-0.014177237494990199,-0.24095791232397168,-0.041911481676314005,0.09834008718344854,1,243.27000000000004,0.028697280087199524,118.18379521043838,0.8461310657013077,8477.110000000002,118.19,118.13,1790814360,2026-10-01T00:26:00+00:00,118.16,B-SOL_USDT,122
118.13,-0.0016930500296282736,-0.0016083975281468987,-0.001523745026665524,-0.0016930500296282736,-8.465250148137482e-05,-0.0009311775162955671,0.05238399215624727,-0.4664930464236334,0.01194704643357762,-0.03913927521060314,2,-547.66,-0.2748745231881148,118.13766753476789,0.8464533619364482,1992.4,118.16,118.13,1790814420,2026-10-01T00:27:00+00:00,118.13,B-SOL_USDT,101
118.12,-0.0012698950220115801,-0.0008465966813411274,-0.0016085336945479423,-0.0014392143582797612,-0.0006772773450728353,-0.0005926176769387448,0.02568620170612498,-0.475403913052779,-0.02104997780428023,0.033397876847218774,2,4374.34,0.5418051832878353,118.12762298043472,0.8465250163305786,8073.640000000003,118.14,118.11,1790814480,2026-10-01T00:28:00+00:00,118.13,B-SOL_USDT,97
118.04,-0.0009318874957641166,-0.0007624534056251964,-0.0013554727211115836,-8.47170450695156e-05,-0.000847170450694712,0.000423585225347356,0.02458714055036907,-0.44380690864665107,0.029481148295797267,0.06872975247586431,2,-981.24,-0.22107667974928233,118.11278096545676,0.8466325191554939,4438.460000000002,118.15,118.04,1790814540,2026-10-01T00:29:00+00:00,118.13,B-SOL_USDT,95
117.94,0.0002543666270984346,-8.478887569940419e-05,-0.000423944378497465,0.0010174665083941825,0.0006783110055961217,0.0008478887569951521,0.02743840775981617,-0.8455149106174312,0.1431301179638094,-0.10319574604188542,3,-1764.0,-0.35589342565580034,117.94743909211358,0.8478050556391151,4956.539999999998,118.04,117.91,1790814600,2026-10-01T00:30:00+00:00,118.04,B-SOL_USDT,118
118.02,-0.0005083884087443424,-0.0011862396204033177,-0.0004236570072868595,-0.0003389256058294876,-0.0005931198102016033,0.0001694628029147438,0.18446745412638355,-0.06800976180587748,0.10763913333069196,0.192385509954969,2,920.2300000000001,0.21848905097357668,117.91965995119097,0.8480325781717888,4211.789999999998,118.02,117.9,1790814660,2026-10-01T00:31:00+00:00,117.94,B-SOL_USDT,116
117.95,0.0005086901229334195,-0.0005086901229334195,-0.00016956337431106583,0.0005934718100890635,-0.00016956337431106583,0.00033912674862213166,0.05361543105169642,-0.1663114231753546,0.030394110157288476,0.07743388312127301,2,-1218.26,-0.3919528470037129,118.00416844288412,0.8474217194191023,3108.179999999999,118.02,117.95,1790814720,2026-10-01T00:32:00+00:00,118.02,B-SOL_USDT,103
117.93,-8.479606546263341e-05,0.00033918426185008954,0.00016959213092504477,0.0010175527855507127,-0.000423980327312945,0.0008479606546256679,0.10797090590440646,-0.6923719733504663,0.08688098022678703,-0.0074183179750179394,2,-402.71999999999963,-0.24796502678406482,117.92153814013325,0.8479966080140017,1624.1,117.95,117.92,1790814780,2026-10-01T00:33:00+00:00,117.95,B-SOL_USDT,68
117.88,0.000508992195453084,0.00042416016287760705,0.001272480488632599,0.0017814726840856832,8.4832032575477e-05,0.001357312521208076,0.08745858253345346,-0.21921890451821807,0.06396640612283061,0.025543835644376862,2,516.9499999999998,0.10722990281998351,117.9389039054774,0.8478887707100191,4820.950000000003,117.96,117.87,1790814840,2026-10-01T00:34:00+00:00,117.93,B-SOL_USDT,90
117.89,0.0007634235304097015,0.0005089490202732083,0.0014420222241071645,0.0012723725506829098,0.0006785986936974631,0.0006785986936974631,0.16894647995393347,0.1292238461821341,0.15728190769555073,0.18271046719389902,2,475.44,0.17043670282555548,117.8606461192309,0.8484642811812665,2789.54,117.9,117.85,1790814900,2026-10-01T00:35:00+00:00,117.86,B-SOL_USDT,94
117.97,0.000423836568619107,0.0005086038823429728,8.476731372386581e-05,0.0005933711960668386,-0.0003390692548952412,0.0,0.06098238595489446,0.0857076356151864,-0.024963510222642975,0.20640179476399814,2,1430.5900000000004,0.43769141101854375,117.89542853817807,0.8482124167932247,3268.4900000000007,117.97,117.87,1790814960,2026-10-01T00:36:00+00:00,117.89,B-SOL_USDT,99
117.93,0.00042398032731272295,0.0011023488510133461,0.0007631645891630345,0.0005087763927753564,0.00016959213092504477,0.00042398032731272295,0.12433153820085345,-0.6861721718393736,0.09068866917482328,0.08837642231476373,2,1268.2099999999996,0.5031241693676679,117.9415691391408,0.8478528676055883,2520.67,117.99,117.91,1790815020,2026-10-01T00:37:00+00:00,117.99,B-SOL_USDT,94
117.95,0.0005934718100890635,0.00025434506146670977,0.0008478168715557732,0.0006782534972444854,0.0006782534972444854,-8.478168715564394e-05,0.11371415670993232,-0.10224020933515904,0.056243657195758044,0.1463137493330172,2,830.1299999999999,0.41598224084105445,117.89948879895331,0.8481764344250082,1995.5900000000001,117.96,117.88,1790815080,2026-10-01T00:38:00+00:00,117.93,B-SOL_USDT,85
118.03,-0.0004236211132762069,-8.472422265526358e-05,0.0005083453359315815,8.47242226553746e-05,0.0002541726679656797,-0.001016690671863163,-0.05353241608185354,-0.25655360863444987,-0.12700437263081615,0.07004513948051458,2,2715.38,0.4603759125696403,117.99371723195682,0.8474936900386947,5898.1799999999985,118.05,117.94,1790815140,2026-10-01T00:39:00+00:00,117.95,B-SOL_USDT,99
118.06,-0.0005929188548196018,-8.47026935456574e-05,-0.0001694053870913148,-0.0007623242419109166,-0.0006776215483652592,-0.000847026935456574,0.07360427848803107,-0.10579794485890094,0.00042504690341152674,0.14526262610658888,3,9453.160000000003,0.8862908049705699,118.04113767694237,0.8471584986920105,10665.980000000005,118.09,118.01,1790815200,2026-10-01T00:40:00+00:00,118.04,B-SOL_USDT,84
117.98,0.0,0.0009323614171894423,0.0005085607730124231,-8.476012883540385e-05,0.0003390405153416154,-0.00025428038650621154,0.11068483729767925,0.17613068416959346,-0.00852245008227879,0.25082020829628826,3,-803.5100000000001,-0.2373996566833007,118.06588065342083,0.8469910682951456,3384.63,118.08,117.98,1790815260,2026-10-01T00:41:00+00:00,118.06,B-SOL_USDT,81
118.02,-8.473140145726088e-05,0.0001694628029147438,-0.0002541942043721157,-0.0003389256058294876,0.0002541942043721157,-0.0007625826131163471,0.08273828394230699,-0.48506719390240166,0.03531690467353672,0.09236363504560618,2,1028.7800000000007,0.48910335647047654,117.99257466403049,0.8474935622099359,2103.4000000000005,118.03,117.97,1790815320,2026-10-01T00:42:00+00:00,117.99,B-SOL_USDT,93
118.05,-0.0002541296060991627,-8.470986869957287e-05,-0.00016941973739936778,-0.0009318085556967448,0.0003388394747989576,-0.0006776789495975821,0.10005490189186578,0.30167047320141016,0.013902608504246669,0.3188603550018302,2,1054.85,0.4403042079032279,118.01650835236602,0.8473499192310557,2395.7299999999996,118.05,118.0,1790815380,2026-10-01T00:43:00+00:00,118.01,B-SOL_USDT,91
118.09,-0.0007621305783724885,-0.0008468117537472342,-0.00042340587687350606,-0.001524261156744866,-0.00042340587687350606,-0.0013548988059953748,-0.034003530957809974,-0.011211377553797364,-0.05716589349840852,0.13630374917418925,2,893.5100000000001,0.604078072921244,118.07994394311223,0.8468835067972893,1479.1300000000006,118.11,118.05,1790815440,2026-10-01T00:44:00+00:00,118.06,B-SOL_USDT,96
118.04,-0.0002541511352084358,-8.47170450695156e-05,-0.0005930193154863872,-0.0006777363605559028,0.0,-0.0005930193154863872,-0.010693573279701152,-0.6678126379347111,-0.005956733112304106,0.048019578552893266,2,-478.79999999999995,-0.09670148566442889,118.09666093681031,0.8467400523219499,4951.319999999999,118.12,118.04,1790815500,2026-10-01T00:45:00+00:00,118.09,B-SOL_USDT,113
118.04,-0.0001694340901390312,0.0,-0.0005930193154863872,-0.0007624534056251964,-0.000423585225347467,-0.0006777363605559028,0.13796145116892536,-0.03389978754546319,0.0653866112341736,0.14988280747697652,2,810.25,0.2465771350491024,118.03483050106226,0.8472063918313021,3285.9900000000002,118.07,118.0,1790815560,2026-10-01T00:46:00+00:00,118.05,B-SOL_USDT,96
117.99,0.0007627765064837089,-0.00016950589032960206,-8.475294516474552e-05,-0.0005085176709889172,0.00033901178065942617,0.00016950589032971308,0.20961438004084257,0.441292886467748,0.1505434024329479,0.29216495917554086,2,48.699999999999875,0.02008628440858879,117.99720646443234,0.8474935439486877,2424.5400000000004,118.05,117.96,1790815620,2026-10-01T00:47:00+00:00,118.05,B-SOL_USDT,103
118.03,0.0008472422265524138,-0.0005083453359315815,-0.0007625180038973722,-0.0005083453359315815,8.47242226553746e-05,-0.0009319664492077884,0.1466896828660625,0.7483550802918391,0.0640558597425186,0.282649610773859,2,-225.41999999999985,-0.09665468952328675,118.01874177540145,0.8473499131458632,2332.2200000000003,118.05,117.99,1790815680,2026-10-01T00:48:00+00:00,118.0,B-SOL_USDT,77
118.04,0.000423585225347356,-0.0005083022704168716,-0.0011013215859031478,-0.0009318874957641166,-0.0005930193154863872,-0.000847170450694712,0.17240286847665248,0.01592216295025828,0.06481306039192732,0.3386130023207531,2,82.27000000000002,0.07895317703285,118.03507961081475,0.8472063431841292,1042.01,118.06,118.02,1790815740,2026-10-01T00:49:00+00:00,118.03,B-SOL_USDT,80
117.97,,-0.0002543019411714864,-8.476731372386581e-05,0.0,0.0,8.476731372386581e-05,0.11021768155047598,-0.4017249380175537,0.09097101040575944,0.02675324985800302,2,-1137.79,-0.4034959554299374,117.99299137530991,0.8474935622099359,2819.829999999999,118.07,117.97,1790815800,2026-10-01T00:50:00+00:00,118.04,B-SOL_USDT,74
117.97,,-0.0005086038823429728,-0.0001695346274476206,-8.476731372386581e-05,8.476731372386581e-05,0.000423836568619107,0.13098557899985036,-0.11783138996996412,0.06122488349157593,0.07254248617426365,2,-2415.42,-0.4274928321121377,117.96441084305016,0.8477090723400226,5650.2,118.01,117.93,1790815860,2026-10-01T00:51:00+00:00,117.97,B-SOL_USDT,94
117.98,,-0.00016952025767091872,-0.0004238006441769082,0.00025428038650621154,-0.0003390405153416154,0.0,0.2087236001433399,0.35503025097683744,0.10786433120909247,0.3803538312152183,2,-258.36999999999995,-0.16577162691920258,117.95177515125488,0.8478168730790883,1558.59,117.98,117.94,1790815920,2026-10-01T00:52:00+00:00,117.97,B-SOL_USDT,95
117.94,,8.478887569962623e-05,0.0002543666270984346,-0.00016957775139903042,-0.00025436662709854563,0.0006783110055961217,0.05175662092176981,-0.629288620056571,0.06484379834223793,0.0013582407030406293,2,-138.98999999999995,-0.10286031452358922,117.96185355689973,0.8477090723400226,1351.2500000000002,117.98,117.94,1790815980,2026-10-01T00:53:00+00:00,117.98,B-SOL_USDT,59
117.91,,0.00016962089729455343,0.00016962089729455343,0.00025443134594183014,0.0004240522432363836,0.000593673140530937,0.1655076997616631,-0.2505629791312935,0.10368760663842423,0.16141386429446883,3,-1426.2899999999995,-0.41996519649844954,117.91708051843767,0.8480445722894396,3396.2100000000005,117.95,117.9,1790816040,2026-10-01T00:54:00+00:00,117.94,B-SOL_USDT,69
117.96,,8.477449983046448e-05,8.477449983046448e-05,0.00016954899966092896,-8.477449983035346e-05,0.00025432349949139343,0.17230202601929143,0.6232760246099922,0.036400685513742016,0.2607109937769943,2,1391.09,0.5102277353736233,117.95811638012304,0.8477809334060366,2726.4099999999994,117.96,117.9,1790816100,2026-10-01T00:55:00+00:00,117.9,B-SOL_USDT,97
117.95,,-0.00016956337431106583,8.478168715542189e-05,0.0005934718100890635,-0.00016956337431106583,0.00025434506146670977,0.13019127300295458,-0.16065497349609462,0.08929547000340843,0.1574371655110157,2,-318.70000000000005,-0.1765435791759453,117.96919672513252,0.8476731509421549,1805.2200000000005,117.99,117.95,1790816160,2026-10-01T00:56:00+00:00,117.97,B-SOL_USDT,88
117.93,,0.00033918426185008954,0.0006783685237004011,0.00042398032731272295,0.00033918426185008954,0.0006783685237004011,0.25644865073271994,0.07817426744885356,0.1270845114289028,0.3459390420899458,2,-337.18999999999994,-0.36668225366203755,117.93039087133724,0.8479606561497449,919.5700000000002,117.96,117.92,1790816220,2026-10-01T00:57:00+00:00,117.95,B-SOL_USDT,78
117.97,,-8.476731372386581e-05,-0.000423836568619107,0.000423836568619107,-0.0003390692548952412,0.000423836568619107,0.09902473164353309,0.08845689803616136,0.09280015919644172,0.10420647395911185,2,-2127.04,-0.30203511322908794,117.97044228449016,0.8476731387614529,7042.360000000001,117.98,117.92,1790816280,2026-10-01T00:58:00+00:00,117.93,B-SOL_USDT,76
117.93,,0.0006783685237004011,8.479606546241136e-05,0.00042398032731272295,0.00033918426185008954,0.0005935724582379898,0.10389347431184129,-0.7136477362048184,0.07898746903917292,-0.031531262248887706,2,-79.60999999999997,-0.0679701173959445,117.95143176131899,0.8477809577797484,1171.2499999999998,117.99,117.93,1790816340,2026-10-01T00:59:00+00:00,117.97,B-SOL_USDT,64
117.97,,-0.000423836568619107,8.476731372386581e-05,0.00016953462744773162,-8.476731372386581e-05,0.00033906925489546325,0.23102138821604531,0.26462196861626247,0.14572001272593887,0.23253026225388782,1,-327.94,-0.10977732549576212,117.93632310984307,0.8479247042854882,2987.3199999999993,117.98,117.92,1790816400,2026-10-01T01:00:00+00:00,117.92,B-SOL_USDT,139
117.96,,-0.00016954899966081793,0.0005086469989827869,0.00016954899966092896,0.0004238724991523224,0.0005086469989827869,0.08030879460258483,-0.054310679226899305,0.09119570530170469,0.10554865672877851,2,-1151.6300000000003,-0.1829683118451261,117.97472844660388,0.8476372173635851,6294.15,118.0,117.95,1790816460,2026-10-01T01:01:00+00:00,117.99,B-SOL_USDT,137
118.01,,-0.0002542157444284099,-0.0002542157444284099,0.0,-0.0007626472332853407,0.0005931700703329934,0.07452404874472267,0.5524892269472048,0.03348675679763944,0.30510500496610604,2,1063.74,0.175790506975499,118.02276244613473,0.8473141985915296,6051.179999999999,118.08,117.96,1790816520,2026-10-01T01:02:00+00:00,117.96,B-SOL_USDT,184
117.92,,0.0008480325644504294,0.0008480325644504294,0.0008480325644504294,0.00016960651288999706,0.0017808683853459684,0.12060558199287368,-0.03175930105654682,0.12843359136103716,0.19212245854521007,3,-2534.38,-0.2755509649361239,118.00150787016139,0.8474456832453733,9197.500000000002,118.08,117.92,1790816580,2026-10-01T01:03:00+00:00,118.03,B-SOL_USDT,194
117.94,,0.00033915550279806084,0.00033915550279806084,0.0005087332541970913,0.00033915550279806084,0.0012718331354926171,0.04965121747907293,0.0657374007827963,0.09348163932168872,0.14902010692010204,2,-2156.1300000000006,-0.32109206417284325,117.94532868700392,0.8478528676055883,6714.99,117.99,117.91,1790816640,2026-10-01T01:04:00+00:00,117.91,B-SOL_USDT,180
117.98,,0.0003390405153416154,8.476012883540385e-05,0.00025428038650621154,0.0003390405153416154,,0.12497412346410856,-0.17428352903751318,0.12878511384030886,0.10297657111570742,3,4070.3199999999993,0.609254552584862,117.93746191568813,0.8479007485685087,6680.8200000000015,117.99,117.91,1790816700,2026-10-01T01:05:00+00:00,117.94,B-SOL_USDT,185
118.02,,-0.0003389256058294876,-0.0003389256058294876,0.0,-0.0003389256058294876,,0.01268476093633732,0.30203903641800506,-0.14166384395088494,0.09131402485290002,2,566.82,0.21291413116970925,118.0215101951821,0.8473140282614686,2662.2000000000003,118.04,117.99,1790816760,2026-10-01T01:06:00+00:00,117.99,B-SOL_USDT,183
117.98,,8.476012883540385e-05,0.00025428038650621154,0.0008476012883538164,0.0003390405153416154,,-0.12175041075540965,-0.19566544204313202,-0.06472125074676033,-0.144156784407652,2,3932.9300000000003,0.4854348440545208,118.00402167278978,0.8474217255040353,8101.87,118.05,117.98,1790816820,2026-10-01T01:07:00+00:00,118.01,B-SOL_USDT,151
118.02,,-0.0003389256058294876,0.0,0.0009320454160310909,-0.0003389256058294876,,0.1287388180420365,0.2544510715276172,0.09230077817424882,0.19756428591056663,3,3881.2999999999997,0.5052565531174823,117.97960558869097,0.8476132636754302,7681.839999999998,118.03,117.92,1790816880,2026-10-01T01:08:00+00:00,117.98,B-SOL_USDT,163
117.98,,0.00025428038650621154,0.0001695202576708077,0.0009323614171894423,8.476012883540385e-05,,0.10690301115666241,0.24581393655316716,0.051137631999749786,0.22337186063481024,2,-2357.5399999999995,-0.6170827596676839,118.01622906968277,0.8473499679017612,3820.4599999999996,118.05,117.98,1790816940,2026-10-01T01:09:00+00:00,118.02,B-SOL_USDT,138
117.99,,0.0002542588354945696,0.00016950589032971308,,-8.475294516474552e-05,,0.16581854933601156,-0.026172896160289894,0.06729046510892198,0.11318921659035601,2,490.76,0.3815936800199054,117.97986913551921,0.8476012898761409,1286.0800000000002,117.99,117.97,1790817000,2026-10-01T01:10:00+00:00,117.98,B-SOL_USDT,143
117.98,,0.0001695202576708077,0.0003390405153416154,,0.00025428038650621154,,0.17853945123397233,0.320571620236493,0.0719987081513414,0.12857116592241374,2,-2609.4999999999995,-0.5052881468830718,117.98160285810118,0.8476012898761409,5164.380000000003,118.0,117.95,1790817060,2026-10-01T01:11:00+00:00,117.98,B-SOL_USDT,172
118.01,,0.0,0.0005931700703329934,,8.473858147617364e-05,,-0.014003350987072838,-0.06615746487066937,-0.019418333017901905,-0.029714140985310687,2,199.65999999999948,0.053577562148469225,117.97966921267565,0.8476013020555523,3726.5600000000004,118.01,117.95,1790817120,2026-10-01T01:12:00+00:00,117.98,B-SOL_USDT,160
118.02,,0.0,0.0009320454160310909,,-0.0001694628029147438,,0.11141595784499847,0.7000077055451623,-0.019668228017659495,0.27374611544148386,2,-1080.83,-0.522122440303951,118.01850003852772,0.8473499131458632,2070.07,118.02,118.01,1790817180,2026-10-01T01:13:00+00:00,118.01,B-SOL_USDT,141
118.0,,0.0006779661016949046,0.0007627118644069064,,8.474576271200185e-05,,0.02728609632108487,0.5225702143212915,-0.013716050492118728,0.22611385715351276,2,-136.55999999999975,-0.04316765081492526,118.0326128510716,0.8472422280734221,3163.4799999999996,118.04,118.0,1790817240,2026-10-01T01:14:00+00:00,118.01,B-SOL_USDT,126
118.01,,0.0010168629777136395,,,8.473858147617364e-05,,0.08498858339472462,-0.34918686435484114,0.06453320457301864,0.06678134204660194,4,2276.7,0.25607311811508954,117.95075406567824,0.8477989672269289,8890.819999999998,118.01,117.9,1790817300,2026-10-01T01:15:00+00:00,117.99,B-SOL_USDT,156
118.02,,0.0005931198102018254,,,0.0005083884087442314,,-0.04210836889046932,-0.3941126548307029,-0.0990087882432338,-0.09387871995242958,2,584.81,0.1548332949433814,118.01802943672585,0.8473140160944361,3777.03,118.05,117.98,1790817360,2026-10-01T01:16:00+00:00,118.01,B-SOL_USDT,107
118.08,,,,,0.00042344173441732913,,-0.12082172272677838,-0.569898073244318,-0.10918981559732947,-0.2374808035901895,2,2725.609999999999,0.3430757631255325,118.05715050963377,0.8470269734384448,7944.629999999999,118.12,118.01,1790817420,2026-10-01T01:17:00+00:00,118.02,B-SOL_USDT,146
118.13,,,,,-0.0003386100059256103,,-0.09953300439882704,-0.25793425935120584,-0.07104427899949485,-0.24941074550771114,2,2561.01,0.28074939295443463,118.11871032870326,0.8465966828577853,9122.05,118.13,118.06,1790817480,2026-10-01T01:18:00+00:00,118.08,B-SOL_USDT,129
118.09,,,,,,,0.030896113976517772,0.08350401327580442,0.01325941362325447,0.13915117316006714,2,-324.59000000000026,-0.05171010226043517,118.11541752006639,0.8466325434290876,6277.1100000000015,118.15,118.09,1790817540,2026-10-01T01:19:00+00:00,118.13,B-SOL_USDT,95
1.1613,-0.0005166623611468912,-0.002755532592784049,-0.0026694221992595857,-0.0037888573150779425,-0.002324980625161399,-0.004305519676224834,0.13524012835623422,-0.5501568615422945,0.19035795299298625,-0.07413519123518206,5,-20257.40000000001,-0.11765423336628396,1.161542492156923,0.8609041628979333,172177.3999999999,1.1636,1.1609,1790812800,2026-10-01T00:00:00+00:00,1.1632,B-SUI_USDT,214
1.1586,0.00379768686345594,-0.0010357327809425998,0.0002589331952356222,-0.0008631106507854813,-0.0006904885206284739,-0.0027619540825134514,0.19597724850229004,0.5323699129723942,0.12356188415136032,0.09134648532744946,4,-80020.39999999998,-0.17550480957976874,1.1593016184956486,0.8626082283968313,455944.1999999999,1.1611,1.1586,1790812860,2026-10-01T00:01:00+00:00,1.1611,B-SUI_USDT,186
1.1578,0.0031957160131284024,0.00034548281223001354,0.0012091898428052694,0.0009500777336328703,0.0002591121091726212,-0.0023320089825530355,0.4870348022566521,-0.07711288078511452,0.284628127637347,0.3849818660914377,2,-13278.699999999995,-0.07026373173982726,1.1577961443559608,0.8637070321859255,188983.7,1.1585,1.1575,1790812920,2026-10-01T00:02:00+00:00,1.1584,B-SUI_USDT,131
1.1581,0.0031085398497538996,0.0006907866332788171,0.00034539331663951955,0.0004317416457992884,-0.0006044383041187151,-0.0023314048873153137,0.12411653956477045,-0.4272450972834325,0.08633640010204074,0.18674748641790623,2,-9126.799999999988,-0.058409650891171394,1.1579286377451359,0.8635951530358443,156255.00000000003,1.1584,1.1576,1790812980,2026-10-01T00:03:00+00:00,1.1577,B-SUI_USDT,101
1.1574,0.0035424226715050633,0.0015552099533437946,-0.00025920165889059543,0.0002592016588904844,0.0006912044237081805,-0.0006048038707446857,0.27675050578011856,0.7095424796865774,0.2239453604819251,0.2703116371068604,2,-64764.0,-0.43518987647982954,1.1574854771239842,0.8639682124189385,148817.80000000005,1.1581,1.1572,1790813040,2026-10-01T00:04:00+00:00,1.1581,B-SUI_USDT,89
1.1582,0.003712657572094713,0.0002590226213090574,-0.0011224313590052493,-0.001640476601623031,0.0006043861163875786,0.0015541357278536783,0.12906919232325223,-0.5850308429833732,0.22591591745649284,0.11738949232290427,2,53088.399999999994,0.5333984402473259,1.1572707484578508,0.8640802011571485,99528.6,1.1582,1.1571,1790813100,2026-10-01T00:05:00+00:00,1.1574,B-SUI_USDT,100
1.1589,0.005091034601777622,-0.0015531969971525061,-0.0011217533868324026,-0.003020105272240947,0.00025886616619197333,0.0017257744412806364,-0.27909576985061063,0.29234418957171554,-0.09863280751631821,-0.09786820572565977,2,11787.399999999992,0.1315299673278462,1.1587146172094784,0.86303617567843,89617.60000000002,1.1589,1.1577,1790813160,2026-10-01T00:06:00+00:00,1.1583,B-SUI_USDT,118
1.1592,0.003968253968253954,-0.001984126984126977,-0.00025879917184257195,-0.003536922015182853,-0.0006038647342994086,0.00017253278122830729,-0.17983254781116287,0.06804105379841435,-0.1426159768260438,-0.01996226072925756,2,44861.7,0.5367406980236104,1.15895340205269,0.8628499999525354,83581.70000000001,1.1592,1.1587,1790813220,2026-10-01T00:07:00+00:00,1.1589,B-SUI_USDT,131
1.1585,0.006214933103150466,-0.0007768666378938915,8.631851532148183e-05,-0.002675873974967713,-0.0012084592145015227,0.0011221406991799299,-0.13196277667197528,0.30028841248540616,0.011458089161421527,-0.08641029387351334,2,-19036.500000000015,-0.13908300851528635,1.1591650144206243,0.8627013483424233,136871.5,1.1602,1.1585,1790813280,2026-10-01T00:08:00+00:00,1.1593,B-SUI_USDT,170
1.1571,0.010802869242070745,0.0015556131708582832,0.0005185377236194277,-0.00034569181574617414,-0.00017284590787314258,0.003889032927145486,0.18368207673291323,-0.21373328372106473,0.18131181179959896,0.0589382481965754,4,-21497.399999999994,-0.2775462460880611,1.1576643133358138,0.8638003711523441,77455.20000000001,1.1578,1.1571,1790813340,2026-10-01T00:09:00+00:00,1.1578,B-SUI_USDT,85
1.1569,0.011841991529086382,0.0014694442043392542,-0.000518627366237312,0.002679574725559686,0.0006050652606102158,0.00579133892298378,0.1363337534526495,-0.30538379371870683,0.2350703999300681,0.20391787420415516,3,7843.800000000003,0.05369905853100167,1.1573680641436475,0.8640181191724463,146069.60000000003,1.1581,1.1569,1790813400,2026-10-01T00:10:00+00:00,1.157,B-SUI_USDT,110
1.1576,0.011575673807878495,8.638562543183959e-05,-0.0019004837595023583,0.002850725639253593,0.0011230131306150248,0.005615065653075346,-0.008908333868616947,-0.04298461312560875,0.09788271952707306,0.1940843694605281,2,29860.59999999999,0.21025156453311844,1.1576478507693437,0.863818943549337,142023.2,1.1578,1.1567,1790813460,2026-10-01T00:11:00+00:00,1.1568,B-SUI_USDT,96
1.1589,0.01251186469928367,-0.002243506773664583,-0.0032789714384330315,0.0004314436103201036,-0.00025886616619208436,0.005349900767969595,0.15878749894744176,0.6987882796933551,0.030230319062592333,0.05200036502792095,2,79369.59999999999,0.5845309515006989,1.1588849394139844,0.8629250935315637,135783.4,1.1598,1.1579,1790813520,2026-10-01T00:12:00+00:00,1.1579,B-SUI_USDT,82
1.1586,0.01415501467288105,-0.0027619540825134514,-0.0027619540825134514,0.0010357327809424888,-0.0007767995857069776,0.005351286034869673,0.2259433712048021,0.04301635299003009,0.305051508767812,0.2178102052130331,2,19002.6,0.34218942455215323,1.1587021508176496,0.863036162822101,55532.40000000001,1.1592,1.1585,1790813580,2026-10-01T00:13:00+00:00,1.1586,B-SUI_USDT,68
1.1577,0.016584607411246566,-0.0022458322536061948,-0.0008637816360023143,0.0033687483804094587,-0.0012092942904032844,0.0043189081800121265,0.28043674847481553,-0.3014344229882648,0.2543180453960416,0.07393351608180693,4,-14176.5,-0.2657298221344984,1.1581599282788506,0.8634273793913188,53349.30000000001,1.1587,1.1577,1790813640,2026-10-01T00:14:00+00:00,1.1587,B-SUI_USDT,63
1.1563,0.018939721525555564,-0.0007783447202284188,0.003199861627605216,0.006313240508518447,-0.0007783447202284188,0.003805240854449554,0.29222217398925304,-0.7790967518330464,0.2368278752595205,0.09026257540268905,3,-80533.59999999998,-0.629116651277316,1.157177711829075,0.8641425196425198,128010.59999999999,1.1582,1.1563,1790813700,2026-10-01T00:15:00+00:00,1.1578,B-SUI_USDT,93
1.1554,0.020079626103514103,0.0011251514626968717,0.00476025618833309,0.0075298597888175944,-0.0002596503375453807,0.0065778085511511986,0.3350400285710524,0.012506462799920945,0.19984798625313988,0.2757174684825533,4,-42810.40000000001,-0.20184387679953378,1.15655062532314,0.8646408197844412,212096.60000000006,1.1575,1.1554,1790813760,2026-10-01T00:16:00+00:00,1.1563,B-SUI_USDT,146
1.1551,0.019998268548177656,0.004242056964764762,0.0037226214180590134,0.008657259111765292,0.0002597177733529854,0.005540645831529689,0.13848929329423573,-0.15097458075439743,0.10076334774834252,-0.0024865522089338537,3,-19610.699999999993,-0.14894968019875449,1.1556091179376289,0.8653390264503321,131659.9,1.1566,1.155,1790813820,2026-10-01T00:17:00+00:00,1.1555,B-SUI_USDT,86
1.1554,0.020339276441059484,0.00476025618833309,0.0038082049506664717,0.008135710576423705,0.0011251514626968717,0.005452657088454105,0.1388816093408215,-0.010321907810868669,0.08512444733111887,-0.05417392835003142,2,54428.00000000002,0.3624015394141971,1.1552994839046096,0.8655760813868776,150187.0,1.1559,1.1547,1790813880,2026-10-01T00:18:00+00:00,1.1551,B-SUI_USDT,94
1.1567,0.018328002074867955,0.0023342266793462407,0.004236189158813852,0.005187170398547547,0.0028529437192010842,0.004149736318838082,0.05084539096538607,0.09643959876597515,-0.130413443542266,-0.05570777279247039,3,25036.499999999993,0.2332146293707074,1.1562214886466051,0.8648899078810531,107353.90000000004,1.1567,1.1552,1790813940,2026-10-01T00:19:00+00:00,1.1554,B-SUI_USDT,70
1.16,0.014396551724138007,-0.00017241379310339866,0.003103448275862064,0.0006034482758621174,0.000775862068965516,0.0021551724137931494,-0.16898522122188675,0.18551970999658385,-0.10870797918868222,-0.13320280480225613,5,66101.0,0.514131799309627,1.1582392759854998,0.8633867945737388,128568.20000000001,1.16,1.1567,1790814000,2026-10-01T00:20:00+00:00,1.1568,B-SUI_USDT,115
1.1609,0.013523990007752618,0.0006029804462055477,0.002756482039796504,0.001808941338616643,-0.0012921009561547292,0.0033594624860022737,-0.23412639588183248,0.43537157551330763,-0.23569355192035202,-0.2743709061955287,3,-6036.2,-0.06453247577974155,1.160605101912109,0.8616357328534733,93537.40000000004,1.161,1.1595,1790814060,2026-10-01T00:21:00+00:00,1.1605,B-SUI_USDT,110
1.1594,0.014662756598240456,0.003622563394859446,0.004916336035880597,0.001811281697429612,0.00034500603760556636,0.003795066413662118,0.07593283059999709,-0.3961339721459646,0.03275447923473124,-0.18780715259049324,5,-2869.2999999999975,-0.02757969062840323,1.1592901933013926,0.8625821291060707,104036.69999999997,1.1604,1.1586,1790814120,2026-10-01T00:22:00+00:00,1.1604,B-SUI_USDT,131
1.1598,0.011553716157958416,0.0037075357820313126,0.004311088118641226,0.0016382134850836394,0.0015519917227109215,0.005087083979996576,0.05329708340955551,0.10130456358037265,-0.28766022662960616,-0.07340600452908021,4,18789.4,0.2854872430684706,1.1596800652281791,0.8623105815853449,65815.19999999998,1.1601,1.1591,1790814180,2026-10-01T00:23:00+00:00,1.1594,B-SUI_USDT,94
1.1616,0.009039256198347001,0.0030130853994490003,0.0009469696969697239,-8.608815426991434e-05,0.001721763085399397,0.00688705234159781,-0.047898404265854275,0.26662701735321265,-0.060829352560321855,-0.12262480018291246,4,-41073.1,-0.1738604996492998,1.1613383313508678,0.8610855302815118,236241.70000000004,1.1623,1.1597,1790814240,2026-10-01T00:24:00+00:00,1.1599,B-SUI_USDT,141
1.1636,0.009625300790649716,0.001031282227569763,-0.0024922653832931685,-0.0009453420419387459,0.0004297009281539754,0.0060158129941561,-0.1834620220503868,0.6656631569763838,-0.18209621824535988,-0.0696925650548848,5,74659.2,0.4300853267093569,1.1628232831578489,0.8600007795903899,173591.6,1.1637,1.161,1790814300,2026-10-01T00:25:00+00:00,1.1614,B-SUI_USDT,123
1.1641,0.00876213383729918,-0.0012026458208056479,-0.0009449360020615805,0.000601322910402935,0.0008590327291471134,0.005927325831114327,-0.09257548284841077,0.23540984100274875,-0.06681190746068813,-0.0028673804704087286,4,38029.200000000004,0.2186910921903268,1.1644117704920502,0.8588114509291774,173894.6,1.165,1.1637,1790814360,2026-10-01T00:26:00+00:00,1.1637,B-SUI_USDT,130
1.1651,0.0069521929448115305,-0.003776499871255612,-0.0030898635310274702,-0.0011157840528710494,-0.000257488627585567,0.007123852029868649,-0.17292750366603682,0.22087880619809733,0.09473001408987747,-0.14294899855236465,1,8789.400000000001,0.13558950752503718,1.16446104394031,0.8587745287473828,64823.60000000001,1.1651,1.1639,1790814420,2026-10-01T00:27:00+00:00,1.1639,B-SUI_USDT,83
1.1648,0.007554945054945028,-0.0015453296703297204,-0.0026614010989012282,0.0007726648351646936,-0.0018028846153845812,0.008756868131868156,-0.11532302786940525,0.22296622691452947,-0.11269849229606584,0.10592872488589977,3,-151399.19999999998,-0.5576562108644084,1.164894481644679,0.858455102182317,271492.0,1.1653,1.164,1790814480,2026-10-01T00:28:00+00:00,1.1651,B-SUI_USDT,98
1.1627,0.009632751354605507,-0.001032080502279209,-0.001032080502279209,0.005934462888105285,-0.0017201341704653483,0.01221295261030364,-0.20062467754578173,0.23736609611629195,-0.11832513705385876,-0.11961541573141446,4,-61310.50000000001,-0.652210914204806,1.163936868304806,0.8591622884269279,94004.1,1.1653,1.1625,1790814540,2026-10-01T00:29:00+00:00,1.1647,B-SUI_USDT,76
1.1607,0.012061686913069636,0.0008615490652190694,0.0015507883173946357,0.00852933574567083,0.0019815628500041704,0.015077108641337045,0.0195897891881103,-0.7227860765455763,0.06723535417457197,-0.09472016668873605,5,-115043.90000000001,-0.4346115734075391,1.1606938606961728,0.8615271390871563,264705.1000000001,1.1622,1.1595,1790814600,2026-10-01T00:30:00+00:00,1.1622,B-SUI_USDT,167
1.163,0.00885640584694758,-0.0012897678417885805,0.0015477214101462522,0.006878761822871837,-0.0012897678417885805,0.01341358555460026,0.04781242320417872,-0.03839556255941462,-0.03991490627648683,0.006163511524851957,4,54334.40000000001,0.785170113640305,1.161648080221872,0.8608451677784227,69200.79999999999,1.1633,1.1601,1790814660,2026-10-01T00:31:00+00:00,1.1603,B-SUI_USDT,123
1.1615,0.01162290142057687,0.0008609556607834801,0.001980198019801982,0.010245372363323346,0.0001721911321566072,0.014377959535083917,0.08159134111800376,-0.3464231609188898,-0.026505605633169213,-0.22104701655261116,4,-17062.699999999997,-0.2477684762326564,1.162082678841954,0.8605112280573589,68865.49999999999,1.1626,1.1615,1790814720,2026-10-01T00:32:00+00:00,1.1626,B-SUI_USDT,92
1.1617,0.009899285529826996,0.0026685030558664113,0.0034432297495050612,0.011448738917104295,-0.00017216148747523086,0.014805887922871852,0.25097949575019946,0.06468484238997764,0.14340816515818408,0.2616464054990908,4,17529.4,0.25274161223813035,1.1608782342421198,0.8614192084858526,69356.99999999999,1.1617,1.1605,1790814780,2026-10-01T00:33:00+00:00,1.1611,B-SUI_USDT,80
1.1615,0.011536805854498455,0.001980198019801982,0.006973740852346033,0.013258717176065415,0.0008609556607834801,0.014119672836848896,-0.0878059303172838,0.31519982289646686,-0.07964025636672192,-0.08497745590971147,5,298.69999999999845,0.0013509669114870108,1.1626657599911447,0.8601042915030513,221100.90000000002,1.1634,1.1612,1790814840,2026-10-01T00:34:00+00:00,1.1612,B-SUI_USDT,238
1.1625,0.011870967741935301,0.002752688172042994,0.006967741935483884,0.013505376344085773,0.0019784946236558465,0.012215053763440897,0.25688952815326255,-0.10333157249713658,0.11145861631529863,0.20789748791105767,3,33708.8,0.41554445534741297,1.1608781667547086,0.8614130271892669,81119.6,1.1625,1.1604,1790814900,2026-10-01T00:35:00+00:00,1.1614,B-SUI_USDT,89
1.1648,0.010216346153846256,0.004120879120879106,0.005322802197802234,0.011847527472527597,-0.000858516483516536,0.010130494505494525,-0.15934017285349397,0.07203340421412903,-0.12294354015366418,-0.1605651536868528,4,52989.59999999999,0.8334397619354696,1.1638536016702108,0.859217456065106,63579.399999999994,1.1648,1.1625,1790814960,2026-10-01T00:36:00+00:00,1.1625,B-SUI_USDT,96
1.1638,0.011084378759237179,0.0058429283382026576,0.008248840006874092,0.012373260010311027,0.0016325829180272589,0.010826602509022232,0.06985251683008302,0.6452044369189174,0.011896268313221721,0.38478506302762777,2,-26688.6,-0.34347997312762074,1.1637822602218457,0.8592911863724089,77700.59999999998,1.1649,1.163,1790815020,2026-10-01T00:37:00+00:00,1.1649,B-SUI_USDT,91
1.1657,0.012782019387492571,0.004546624345886707,0.007978038946555799,0.011323668182208202,0.003345629235652403,0.006433902376254741,0.037117112299162626,-0.05397735600864878,-0.09007160376753948,0.04947517960236835,4,-48825.500000000015,-0.31041923492376144,1.1643223011321995,0.8588672521445293,157288.89999999997,1.1658,1.1627,1790815080,2026-10-01T00:38:00+00:00,1.1637,B-SUI_USDT,90
1.1696,0.0069254445964432865,0.0032489740082080054,0.006241450068399601,0.007096443228454152,0.0008549931600547733,0.0021374829001368223,-0.262928005130796,-0.007511018499659272,-0.19687038086928188,0.0690919109292035,5,176239.8,0.6472831631997213,1.167929624449075,0.856216444624707,272276.2,1.1697,1.1652,1790815140,2026-10-01T00:39:00+00:00,1.1655,B-SUI_USDT,167
1.1706,0.007517512386810088,0.003758756193405155,0.006492397061335975,0.005211002904493389,0.000341705108491297,0.0035879036391592845,-0.1865788790921581,0.07219890227282055,-0.22108824949750547,0.008027543128677275,4,40294.9,0.17297890635161922,1.1703786099451137,0.8544271414120272,232946.89999999997,1.1711,1.1694,1790815200,2026-10-01T00:40:00+00:00,1.1696,B-SUI_USDT,132
1.171,0.006319385140905132,0.005038428693424413,0.006490179333902724,0.004782237403928358,0.002049530315969328,0.002818104184457715,-0.2111216195580485,0.17496586423769506,-0.1320343919215393,-0.07934772003231104,4,81656.59999999995,0.3332052035386673,1.1715337482932118,0.8535883536865903,245063.99999999997,1.1724,1.1708,1790815260,2026-10-01T00:41:00+00:00,1.1708,B-SUI_USDT,151
1.1734,0.007499573887847166,0.004090676666098414,0.004090676666098414,0.0025566729163115642,0.0013635588886995453,-0.0001704448610874154,-0.3885364357461473,-0.6482604273001782,-0.25895389294030113,-0.3848058402187339,4,17932.200000000004,0.09768195867247279,1.172767586978635,0.8526606612574384,183577.4,1.1736,1.1703,1790815320,2026-10-01T00:42:00+00:00,1.171,B-SUI_USDT,159
1.175,0.005021276595744695,0.0030638297872340736,0.0033191489361701354,-0.0015319148936170368,0.001617021276595798,-0.0011914893617022138,-0.33005496359783276,0.3465963111386871,-0.2154164088259331,-0.086750252636972,7,-9161.599999999999,-0.02244258054401505,1.1739387583869856,0.8518461553651954,408224.0,1.175,1.1725,1790815380,2026-10-01T00:43:00+00:00,1.1732,B-SUI_USDT,234
1.1769,0.0034837284391198153,0.001104596822159687,0.0008496898631997762,-0.004078511343359792,0.001104596822159687,-0.002549069589599884,-0.29401969374429204,0.25794192242638436,-0.2299065952795272,-0.1283676586917507,4,4250.7999999999965,0.018650829169496657,1.1765628970961213,0.8499428500130175,227914.8,1.1775,1.1748,1790815440,2026-10-01T00:44:00+00:00,1.1749,B-SUI_USDT,165
1.1782,0.00381938550331018,0.0005941266338482798,-0.0012731285011032822,-0.0028857579358342322,0.0003395009336277788,-0.002970633169241066,-0.1637804820604504,0.35770868843608095,-0.194391551924717,0.1156715670364736,2,62187.5,0.27274035030935057,1.1782178854344219,0.8487523722838097,228009.90000000005,1.1785,1.1767,1790815500,2026-10-01T00:45:00+00:00,1.177,B-SUI_USDT,145
1.1786,0.00254539283896138,-0.000593924995757833,-0.0016969285593076977,-0.003648396402511578,-0.00033938571186165056,-0.004496860682165371,-0.058297421494429943,-0.12063046466255951,-0.07991447684644001,-0.09636317801782628,5,-81025.0,-0.24641515745936168,1.1776039684767667,0.8491777640915487,328814.99999999994,1.1792,1.1767,1790815560,2026-10-01T00:46:00+00:00,1.1785,B-SUI_USDT,233
1.1782,0.0041588864369377365,-0.0012731285011032822,-0.0015277542013241163,-0.004243761670344459,0.0005941266338482798,-0.002716007469020454,0.059921212878166444,0.11518229634987658,-0.056831909013691395,0.14208616397696874,5,-60663.600000000006,-0.27343805638818147,1.1778357591148174,0.8490189816021729,221855.00000000003,1.1788,1.1772,1790815620,2026-10-01T00:47:00+00:00,1.1787,B-SUI_USDT,173
1.1789,0.0038171176520485073,-0.0019509712443803728,-0.004835015692594813,-0.004495716345746081,-0.0008482483671219399,-0.004835015692594813,-0.09085625880066951,-0.2660991679892271,-0.07990491421827468,-0.092412155167164,1,-42690.6,-0.2421356643975393,1.1786366950416005,0.8484282865989816,176308.6,1.1792,1.1781,1790815680,2026-10-01T00:48:00+00:00,1.1783,B-SUI_USDT,141
1.1779,0.004159945666015963,-0.0012734527549028707,-0.00492401731895753,-0.0033958740130740628,-0.0010187622039221633,-0.0025469055098055193,-0.06921535069800915,-0.17747790215441,-0.10247408790604909,-0.08724151070172623,5,-23611.9,-0.059218969412013746,1.1788411261048921,0.8482846622903824,398721.89999999997,1.1799,1.1779,1790815740,2026-10-01T00:49:00+00:00,1.1789,B-SUI_USDT,313
1.1767,,-0.002974419988102328,-0.0016146851363983972,-0.001699668564629886,-8.498342823148874e-05,-0.000339933712926177,-0.0027144884282776457,0.1895713137227636,-0.00649257653991114,0.00838820541028898,9,-100570.49999999999,-0.22269754316473397,1.1780039230101302,0.8489008843268835,451601.30000000005,1.1793,1.1765,1790815800,2026-10-01T00:50:00+00:00,1.1784,B-SUI_USDT,336
1.1766,,-0.0038245792962775527,-0.00195478497365309,-0.0028046914839368053,-0.00016998130205692075,8.499065102829384e-05,0.0817874256843278,0.002349632841055227,0.04048632168764885,0.13812863596443395,5,-75199.8,-0.4027246106092512,1.1758101174816422,0.8504779926049595,186727.59999999998,1.1776,1.1747,1790815860,2026-10-01T00:51:00+00:00,1.1765,B-SUI_USDT,205
1.1764,,-0.0013600816048960906,-0.0027201632097925144,-0.0011900714042841765,-0.0027201632097925144,0.00025501530091820435,-0.1370081299239959,0.05542188984442338,-0.020298932577358243,0.025693190965320495,4,4685.9999999999945,0.035332918125048025,1.1759777710944923,0.8503584635798807,132624.2,1.1767,1.1752,1790815920,2026-10-01T00:52:00+00:00,1.1766,B-SUI_USDT,135
1.1732,,0.000937606546198344,0.00034094783498117565,0.0,-0.0009376065461985661,0.006307534947153082,-0.0508801602340828,0.062309622416376886,-0.005443788931467582,0.008750579362604708,5,-80593.4,-0.6773146560707828,1.1746531154811208,0.8513176777956664,118989.59999999998,1.1763,1.1732,1790815980,2026-10-01T00:53:00+00:00,1.1763,B-SUI_USDT,126
1.1721,,0.000938486477263023,0.0015357051446123204,0.0023888746693969676,0.0023035577169183696,0.004777749338793713,-0.011016334186602411,0.0844303904315213,-0.029569919459306704,0.030913949483900173,5,-23517.500000000007,-0.29178510323367507,1.1731342215195215,0.8524205256393588,80598.7,1.1738,1.1721,1790816040,2026-10-01T00:54:00+00:00,1.1733,B-SUI_USDT,134
1.1748,,-0.0010214504596527396,-8.512087163770055e-05,0.0012768130745657302,-0.0004256043581887248,0.003915560095335335,-0.320499064712714,-0.17383025819376208,-0.12030626088991121,-0.22620821324531595,3,9865.7,0.10255586637185897,1.1737079751537571,0.851994963436494,96198.3,1.1753,1.1722,1790816100,2026-10-01T00:55:00+00:00,1.1722,B-SUI_USDT,156
1.1743,,-0.00034062845950777465,-0.0008515711487694366,0.00204377075704687,-0.0009367282636463248,0.0034914417099549677,-0.22216483262851774,-0.2066062850419772,-0.06085372281901458,-0.19192808530258576,3,-33545.79999999999,-0.4110763092367114,1.174873003019081,0.8511485109302268,81604.8,1.1755,1.1742,1790816160,2026-10-01T00:56:00+00:00,1.1752,B-SUI_USDT,139
1.1732,,0.0012785543811797417,0.0015342652574157345,0.002983293556086064,0.00034094783498117565,0.007671326287078006,-0.2683985485913878,0.48217309298061933,0.0985003767123194,-0.27614950674822747,4,-44577.00000000001,-0.455098611335148,1.173249108654649,0.8523514442300204,97950.19999999998,1.1741,1.1729,1790816220,2026-10-01T00:57:00+00:00,1.1741,B-SUI_USDT,104
1.1736,,-0.0002556237218813706,-0.0003408316291751978,0.0059645535105659064,0.0002556237218813706,0.006220177232447277,-0.36309316029655775,0.6925557885216597,-0.13880647579773278,-0.2056264760437222,3,142268.89999999997,0.6756162249823695,1.1739846277894261,0.8518251464222093,210576.50000000006,1.1745,1.1729,1790816280,2026-10-01T00:58:00+00:00,1.1732,B-SUI_USDT,186
1.1739,,0.0009370474486753988,0.0008518613169776756,0.003237073004514812,0.0006814890535822293,0.0060482153505410086,-0.3055945788579685,-0.08809932726315156,-0.17792303444344815,-0.6150701527954341,2,-4215.199999999995,-0.04890227434092368,1.1745455950336368,0.8513898940018644,86196.40000000002,1.1747,1.1739,1790816340,2026-10-01T00:59:00+00:00,1.174,B-SUI_USDT,77
1.1747,,-0.0012769217672597977,0.0013620498850768215,0.004001021537413774,-0.0011917936494424408,0.0068102494253852175,-0.23106376177437374,-0.21400128157589016,-0.13091124517516825,-0.2698896645046535,6,10288.7,0.10874245497292723,1.1747392999359214,0.8512451349206035,94615.29999999999,1.1758,1.1737,1790816400,2026-10-01T01:00:00+00:00,1.1737,B-SUI_USDT,151
1.1733,,0.001363675104406381,0.0028978095968636985,0.004346714395295326,0.0014489047984318493,0.007074064604108088,0.12290888484276263,0.33276373247892665,0.09152713495622052,0.1740774232358165,5,-20849.199999999983,-0.10646711699474426,1.174446638186624,0.8514773543861983,195827.6,1.1756,1.1732,1790816460,2026-10-01T01:01:00+00:00,1.1756,B-SUI_USDT,141
1.175,,0.0011063829787232304,0.0014468085106382755,0.006127659574467925,-0.0015319148936170368,0.006893617021276555,-0.1688658811563933,0.1849278948135086,-0.07042630635592244,-0.057256403101145936,6,1223.4999999999918,0.008088277583604708,1.1760092463947407,0.8503402113603663,151268.3,1.177,1.1736,1790816520,2026-10-01T01:02:00+00:00,1.1737,B-SUI_USDT,156
1.1732,,0.002983293556086064,0.006307534947153082,0.0065632458233890745,0.0014490282986703296,0.008694169792021755,-0.027189752428211297,-0.3570276336427323,0.07180828424289189,-0.09506761223273504,6,-139089.9,-0.5795453551129318,1.1747821486183179,0.8512095030058373,239998.30000000008,1.177,1.1732,1790816580,2026-10-01T01:03:00+00:00,1.1758,B-SUI_USDT,154
1.1749,,0.0015320452804494789,0.0023831815473656093,0.005191931228189617,0.0011915907736828046,0.006723976508639096,-0.07276970804144818,-0.19381413556809024,-0.08723168874995318,-0.2527203498989191,6,116626.79999999999,0.450538319793248,1.1757403092932215,0.8505212721697643,258861.00000000006,1.177,1.1727,1790816640,2026-10-01T01:04:00+00:00,1.1729,B-SUI_USDT,175
1.1763,,0.0036555300518577027,0.0026353821304090363,0.005440788914392813,0.0003400493071497035,,0.10887220895166995,0.439849989021834,0.021110881872998224,0.2522239629902114,6,49818.90000000004,0.237403448477978,1.1744886591661177,0.8514504815021461,209849.09999999992,1.1763,1.1734,1790816700,2026-10-01T01:05:00+00:00,1.1749,B-SUI_USDT,173
1.1767,,0.0008498342823148874,0.0014447182799353087,0.0041641879833431705,0.0,,-0.151964441478399,-0.09285718284245695,-0.10392140277445457,-0.11142782168061119,5,-25556.300000000003,-0.19792688810942385,1.177125357140858,0.8495238943572655,129119.90000000002,1.1779,1.1761,1790816760,2026-10-01T01:06:00+00:00,1.1761,B-SUI_USDT,157
1.1767,,0.002294552562250196,0.004674088552732103,0.005438939406815724,0.003314353701028283,,-0.13039928375523643,0.29907363157208383,-0.11816289624901831,-0.13547263137366705,2,16472.000000000004,0.13638538973996361,1.1768649536815785,0.8497263560368777,120775.40000000001,1.1777,1.176,1790816820,2026-10-01T01:07:00+00:00,1.1767,B-SUI_USDT,123
1.1806,,-0.001863459258004574,0.0002541080806368612,0.0023716754192781853,-0.0024563781128240647,,-0.0011538522826216452,-0.1510494123475579,-0.11771513517210593,0.016007964775567613,5,122966.6,0.5235361487076214,1.1785624475293826,0.848486948520956,234877.0,1.1806,1.1759,1790816880,2026-10-01T01:08:00+00:00,1.1768,B-SUI_USDT,168
1.1777,,0.0038210070476352165,0.00280207183493264,0.004330474653986727,0.0014434915513288349,,-0.14925772330033457,-0.005077501892282843,-0.08136268119151066,-0.3548831599739219,7,-83196.7,-0.5642784037612818,1.178426806511776,0.9695616558167977,147439.09999999998,1.1809,1.1763,1790816940,2026-10-01T01:09:00+00:00,1.1807,B-SUI_USDT,168
1.1794,,0.0012718331354926171,0.002798032898083891,,-0.0008478887569951521,,-0.08033981410460213,0.3428970304215991,-0.019679125074656273,0.13984212766169768,4,-2616.400000000002,-0.03182325710379658,1.178692144851521,0.8484105793907438,82216.59999999999,1.1794,1.1773,1790817000,2026-10-01T01:10:00+00:00,1.1773,B-SUI_USDT,118
1.1784,,0.0022063815342838744,0.0027155465037338455,,0.0032247114731840387,,0.032734637730609244,-0.2064531254466014,-0.0035393735130942188,-0.29048472128285524,3,-31533.000000000007,-0.22049692046922997,1.1793063440103946,0.8479487534906562,143008.79999999996,1.1797,1.1784,1790817060,2026-10-01T01:11:00+00:00,1.1787,B-SUI_USDT,124
1.1822,,0.00042294028083245117,0.0007612925054982789,,-0.0010996447301639956,,-0.12752713011624264,0.6759961937626645,-0.1202066873160577,-0.07228330824917323,6,48110.09999999997,0.21689359071980466,1.1803671331430214,0.8472189818061028,221814.30000000002,1.1822,1.1778,1790817120,2026-10-01T01:12:00+00:00,1.1779,B-SUI_USDT,144
1.1809,,0.0005927682276229973,0.0021170293843677523,,8.468117537474562e-05,,-0.11938214867983868,-0.0769774188527437,-0.09193920759374564,-0.02664039786125813,5,-87049.00000000001,-0.5923917111844568,1.1808261511290572,0.8468623108936612,146945.00000000003,1.1821,1.1798,1790817180,2026-10-01T01:13:00+00:00,1.1821,B-SUI_USDT,154
1.181,,0.0017781541066892448,0.0015241320914478607,,0.0014394580863674733,,-0.13400675305325335,0.19075502582619944,-0.05973210498824157,0.031699535534406804,6,-4930.699999999991,-0.016076082218301736,1.1819595377512913,0.8460597041094386,306710.3,1.1831,1.1809,1790817240,2026-10-01T01:14:00+00:00,1.1809,B-SUI_USDT,232
1.1827,,0.0005918660691637267,,,-0.0009300752515432054,,0.11486899894784308,-0.029195996329164264,0.04810972750945121,0.12004343392003784,10,-23518.19999999997,-0.07439130162477717,1.1808485402001836,0.8468483263902955,316141.79999999993,1.1827,1.1789,1790817300,2026-10-01T01:15:00+00:00,1.1809,B-SUI_USDT,287
1.1816,,0.0010155721056195333,,,0.0012694651320244166,,0.021345652297537557,-0.2801075589141117,-0.04612858364086766,-0.05377022150308521,6,121014.70000000001,0.4418373527737625,1.1836693279553876,0.8448209031510915,273889.70000000007,1.1852,1.1816,1790817360,2026-10-01T01:16:00+00:00,1.1825,B-SUI_USDT,262
1.1831,,,,,0.00025357112670110205,,0.07362236291363666,0.2802381144378166,0.03241468661926748,0.29550792892186817,5,-14442.599999999999,-0.09958325978553463,1.1822840119057219,0.8458311404471199,145030.39999999997,1.1838,1.181,1790817420,2026-10-01T01:17:00+00:00,1.1816,B-SUI_USDT,162
1.1834,,,,,-0.000507013689369562,,-0.40659035532679183,-0.3513724187399895,-0.23599283860090986,-0.36549166565400665,4,-43032.5,-0.2609433070990284,1.183682431379063,0.8448087427890646,164911.3,1.1843,1.1827,1790817480,2026-10-01T01:18:00+00:00,1.1836,B-SUI_USDT,165
1.1828,,,,,,,0.11583674047403347,0.2754212109323223,-0.016893029560413615,0.15640813804391807,5,-71163.99999999997,-0.36996525142290304,1.1826037710605468,0.8456017812792179,192353.20000000004,1.1835,1.1816,1790817540,2026-10-01T01:19:00+00:00,1.1827,B-SUI_USDT,121
1.4882,-0.001612686466872737,0.0,0.000403171616718101,0.00026878107781214133,0.0,0.00026878107781214133,-0.2086557415825754,-0.6187885074642602,0.008666399209678571,-0.3720108821490655,3,-86090.60000000002,-0.3466296351173758,1.4891857272412936,0.6714940031948547,248364.8,1.4896,1.4882,1790812800,2026-10-01T00:00:00+00:00,1.4891,B-XRP_USDT,165
1.4882,-0.0006719526945302423,0.0002015858083590505,0.0018814675446849893,0.0019486628141378581,-0.0006047574250772625,-0.00013439053890607067,0.12293297055778565,-0.171519335508878,0.06962383942272278,-0.10930589952383249,2,-6611.399999999997,-0.031367305962416527,1.4879914240332246,0.6720430175818755,210773.6,1.4883,1.4876,1790812860,2026-10-01T00:01:00+00:00,1.4883,B-XRP_USDT,136
1.4873,-0.0007395952396961336,0.0010085389632217279,0.0025549653734955324,0.0027566731661399224,0.00060512337793317,0.0002689437235259273,0.13557450627692524,-0.2834541523218427,0.0778866525456764,-0.06694556692133176,2,-8562.299999999997,-0.047252189931475126,1.4880858272923838,0.6719978503654611,181204.3,1.4883,1.4873,1790812920,2026-10-01T00:02:00+00:00,1.4883,B-XRP_USDT,113
1.4882,-0.0016798817363257168,0.0018814675446849893,0.0014782959279666663,0.0014111006585135755,0.0002015858083590505,-0.00033597634726512116,0.27518446539808433,0.7014927629616631,0.162449707104808,0.5099344490066026,3,-4057.299999999985,-0.01840239807653138,1.487851741304815,0.6721258408454277,220476.69999999995,1.4882,1.4873,1790812980,2026-10-01T00:03:00+00:00,1.4873,B-XRP_USDT,101
1.4885,-0.002082633523681432,0.0017467248908298316,-6.718172657038668e-05,0.0007389989922741425,0.00020154517971104902,-0.0002687269062814357,0.2754924545139554,0.5052700006105537,0.007993281106137423,-0.10059751592695979,2,19772.799999999985,0.08344467561625096,1.4881252635000304,0.6719978503654611,236957.00000000006,1.4885,1.4878,1790813040,2026-10-01T00:04:00+00:00,1.4885,B-XRP_USDT,85
1.4888,-0.002418054809242176,0.0010746910263299547,-0.00013433637829118883,-0.00013433637829118883,0.0014777001612038543,0.0007388500806018161,0.03607257183145396,-0.42082679016820557,0.008871291487274668,-0.045949636601736274,4,238676.30000000013,0.4887099254413008,1.4889039586604915,0.6716255355095488,488380.3,1.4894,1.4884,1790813100,2026-10-01T00:05:00+00:00,1.4885,B-XRP_USDT,125
1.491,-0.002146210596914888,-0.001743796109993423,6.706908115350352e-05,-0.00201207243460777,6.706908115350352e-05,-0.000871898054996656,0.008645411972255749,0.6023825015090365,-0.04953717058891142,0.334942013004966,3,115447.69999999998,0.21535756690534616,1.490246785791742,0.6710435103031064,536074.5,1.491,1.4886,1790813160,2026-10-01T00:06:00+00:00,1.4886,B-XRP_USDT,164
1.4911,-0.002481389578163795,-0.0016766145798404741,0.00020119374958071923,-0.002280195828582965,-0.0004694520823553816,-0.0014083562470659228,0.05419064678740038,0.7000020925287096,-0.09035734674549005,0.1235755451919838,2,-92572.90000000002,-0.3403183974619374,1.4911350001046264,0.6706458326901645,272018.5,1.4912,1.4907,1790813220,2026-10-01T00:07:00+00:00,1.4911,B-XRP_USDT,138
1.4904,-0.0017444981213097233,0.0004696725711219596,-6.709608158883551e-05,-0.0018115942028984477,-0.0013419216317767102,-0.0012077294685990392,-0.05488951540536223,-0.6352416542458417,-0.08488690573081556,-0.2069308112539581,2,-117393.09999999995,-0.37653183532852386,1.4910182379172878,0.670668348131539,311774.70000000007,1.4914,1.4904,1790813280,2026-10-01T00:08:00+00:00,1.491,B-XRP_USDT,113
1.4884,0.0004703036818061168,0.002015587207739866,0.0008062348830959465,-0.00020155872077398662,0.0001343724805160651,0.0006046761623219599,0.06273811191937828,-0.3942619003124353,0.0780636675881263,0.06920135033877507,4,-238915.09999999992,-0.5008176290079384,1.4889052869049846,0.671625602163779,477050.1000000001,1.4898,1.4883,1790813340,2026-10-01T00:09:00+00:00,1.4894,B-XRP_USDT,141
1.4886,0.0008061265618701796,0.0011420126293162358,0.0,0.0008733037753594353,0.0016794303372296149,0.0005374177079136011,0.059571265392468535,-0.10398516911905431,0.10593506179263128,0.04391756660117432,3,-77032.89999999998,-0.27749813669339707,1.4888781340748773,0.6716443261357515,277597.9,1.4892,1.4882,1790813400,2026-10-01T00:10:00+00:00,1.4885,B-XRP_USDT,111
1.4911,-0.0014754208302596439,-0.0010059687479042623,-0.0020790020790021346,-0.0009389041647106522,0.00020119374958071923,-0.0018107437462276943,0.16854329664404566,0.6397049791688454,0.01943274645399491,0.40036858859503355,5,-27392.30000000002,-0.043401064892532384,1.4901419852489586,0.6710915356904996,631143.5000000002,1.4912,1.4885,1790813460,2026-10-01T00:11:00+00:00,1.4886,B-XRP_USDT,181
1.4914,-0.0012069196727906295,-0.001877430602118868,-0.0024808904385141828,-0.001609226230387506,-0.0007375620222610513,-0.002145634973850119,-0.03228706305363864,-0.09845910551905793,-0.10508304907331165,0.16117837902048665,5,19171.200000000015,0.03370369328570227,1.4913850770447241,0.6705154512537984,568815.9999999999,1.4918,1.491,1790813520,2026-10-01T00:12:00+00:00,1.4911,B-XRP_USDT,164
1.4903,-0.00020130175132526684,-0.0015433134268267867,-0.0017446151781520536,-0.001140709924176364,-0.0004697040864255486,-0.001342011675501631,0.030218607453866463,-0.13488653155947342,0.0064992708977322615,0.13044388586266673,2,-70877.89999999998,-0.5003229465715777,1.4910432556734219,0.670668348131539,141664.30000000005,1.4914,1.4903,1790813580,2026-10-01T00:13:00+00:00,1.4913,B-XRP_USDT,106
1.4896,0.00046992481203012026,-0.0012755102040816757,-0.0010069817400645276,-0.0002013963480128611,-0.0006713211600430924,-0.0016111707841031109,0.09630902452534043,-0.5892609705768487,0.07448171287588241,0.21872873874566667,2,-13916.59999999999,-0.07803846800874777,1.4901705369514713,0.6710508664109939,178330.0,1.4903,1.4896,1790813640,2026-10-01T00:14:00+00:00,1.4903,B-XRP_USDT,75
1.4886,0.00040306328093531185,-0.0006045949214026347,0.0008733037753594353,0.0005374177079136011,-0.0004030632809350898,-0.0018809619776971598,0.07509555524537524,-0.8100534835177847,0.20330779937058976,0.061109698430056224,3,-59083.0,-0.27579726476033284,1.489109497325824,0.6715240318475758,214226.19999999995,1.49,1.4886,1790813700,2026-10-01T00:15:00+00:00,1.4895,B-XRP_USDT,111
1.488,0.0006048387096773133,6.72043010752077e-05,0.001142473118279641,0.0002688172043010528,-0.0002016129032257341,-0.0005376344086021057,0.2163301576846878,-0.5309399909028676,0.16789501414124203,0.10270864144764665,5,51665.3,0.0906644976805361,1.4888034530004548,0.6716684847635098,569851.4999999999,1.4897,1.488,1790813760,2026-10-01T00:16:00+00:00,1.4886,B-XRP_USDT,123
1.4877,0.000604960677555999,0.0014787927673589607,0.0008738320898031837,0.00033608926530881433,0.0,-0.001008267795926665,0.19141579187379057,-0.2553211146610539,0.17379980145582022,0.31344888590633624,3,108436.3,0.2527038298148026,1.4878705672776003,0.6720957961348737,429104.3,1.4887,1.4875,1790813820,2026-10-01T00:17:00+00:00,1.488,B-XRP_USDT,124
1.4877,0.0011427035020501464,0.0013443570612354794,0.000604960677555999,0.000403307118370666,0.00026887141224696265,-0.0013443570612354794,0.10431136580705004,0.07186358963720536,0.06715826293188788,0.13999714646054218,3,-246173.29999999993,-0.6021926888031136,1.4877869265128154,0.6721409664239572,408794.89999999997,1.4885,1.4872,1790813880,2026-10-01T00:18:00+00:00,1.4875,B-XRP_USDT,112
1.4881,0.001075196559370939,0.0006047980646461948,0.0008063974195282597,-0.0006047980646460838,0.0012095961292923896,-0.0018143941939384733,-0.01609649591842685,-0.5623812195375254,0.07238296297916778,-0.2800769951387162,2,-7385.300000000003,-0.04630958629066191,1.4876718809390233,0.672178531376924,159476.7,1.4881,1.4876,1790813940,2026-10-01T00:19:00+00:00,1.4877,B-XRP_USDT,82
1.4899,-0.0007383045842003222,-0.0008725417813276737,-0.0003355929928182677,-0.0027518625411101505,-0.0001342371971273515,-0.003154574132492094,0.01897866335816469,0.3842049246584228,-0.04979066665912946,0.1495443540626588,5,33878.2,0.2552080116070069,1.489209210246233,0.6715060792676362,132747.40000000002,1.4899,1.488,1790814000,2026-10-01T00:20:00+00:00,1.4881,B-XRP_USDT,99
1.4897,-0.00020138282875747926,-0.0002685104383433057,-0.0008726589246157435,-0.0016781902396455495,-0.0004698932671006739,-0.001275424582130591,-0.03563041481748634,-0.17824551307207026,-0.05806964211268684,-0.065393220707233,4,18892.60000000001,0.0914863985371939,1.4898160877243465,0.671219817043901,206507.2,1.4903,1.489,1790814060,2026-10-01T00:21:00+00:00,1.4902,B-XRP_USDT,117
1.489,6.71591672263272e-05,0.0002686366689053088,-0.0005372733378107286,-0.0018804566823372726,-0.0002686366689054198,-0.0010745466756212352,0.1476240292060298,0.263277204650125,0.10042860307165746,0.28691572117381037,2,-70869.80000000002,-0.3539030821165332,1.4891131638602324,0.6715465906828391,200252.00000000003,1.4897,1.4886,1790814120,2026-10-01T00:22:00+00:00,1.4897,B-XRP_USDT,106
1.4886,-0.00026870885395668953,-0.00013435442697840028,-0.0002015316404675449,-0.0019481391911863044,0.00047024049442434546,-0.0005374177079133791,-0.02243084763723513,-0.1597706257783589,0.04553108990165875,-0.09929619651382715,3,-87430.29999999996,-0.38730547856183145,1.4888753448020442,0.6716443220912319,225739.89999999997,1.4894,1.4885,1790814180,2026-10-01T00:23:00+00:00,1.489,B-XRP_USDT,108
1.4893,-0.0010071845833613535,-0.0007386020277984073,-0.0014100584167058283,-0.0026186799167393637,6.71456388907643e-05,-0.0001342912777815286,0.11597155086408145,0.5037799204851275,-0.031086140012114762,0.265986713447729,3,7610.300000000003,0.04974081546884919,1.4895751889960245,0.6713437024729748,152999.09999999998,1.4901,1.4886,1790814240,2026-10-01T00:24:00+00:00,1.4886,B-XRP_USDT,106
1.4894,-0.00020142339196993486,-0.0007385524372230945,-0.0024170807036391073,-0.002819927487578866,-0.0006714113065664495,0.0002685645226265798,0.014351158503992177,-0.571353147002799,-0.00014759258167758305,-0.10162376452715911,2,-34544.200000000004,-0.22507150722239233,1.48952143234265,0.6713436974300382,153481.00000000003,1.4897,1.4892,1790814300,2026-10-01T00:25:00+00:00,1.4894,B-XRP_USDT,91
1.4884,0.0006046761623219599,-0.0008062348830958355,-0.0008062348830958355,-0.00040311744154797324,-0.00013437248051595407,0.00033593120128982967,0.008223653488217218,-0.4500395905480531,0.07343537924809371,-0.15519483680846807,2,-52756.799999999996,-0.49602385872804866,1.4890774980204726,0.6715466330819253,106359.39999999995,1.4899,1.4884,1790814360,2026-10-01T00:26:00+00:00,1.4896,B-XRP_USDT,93
1.4882,0.0004703668861711918,-0.001612686466872737,-0.0013439053890605956,-0.0005375621556241716,6.719526945309084e-05,0.0009407337723423836,0.08953724518072609,-0.08312227050811172,0.1979612748697225,-0.08999039775449873,3,-57994.80000000002,-0.34692275849857523,1.4884125105531412,0.6718548921510544,167169.19999999998,1.4886,1.4881,1790814420,2026-10-01T00:27:00+00:00,1.4883,B-XRP_USDT,73
1.4883,0.000806289054626097,-0.0007390983000737927,-0.0017469596183564695,-0.00033595377276085525,-0.0007390983000737927,0.0011422428273870633,0.19985624142920036,-0.14601324340682678,0.16843446324001657,0.18205061863307903,3,-6543.699999999993,-0.04458250696803929,1.4879426993378295,0.67206559967252,146777.30000000002,1.4884,1.4878,1790814480,2026-10-01T00:28:00+00:00,1.4881,B-XRP_USDT,82
1.4872,0.0018154922001074603,-0.0006724045185584338,-0.0012103281334050475,0.0012775685852608465,-0.0009413663259817406,0.002084454007530878,0.17788861256561658,-0.12198319100988586,0.19856078741334202,-0.031932547367991525,3,-39328.0,-0.3819602267208994,1.487777234173783,0.6721409562953055,102963.6,1.4886,1.4872,1790814540,2026-10-01T00:29:00+00:00,1.4883,B-XRP_USDT,80
1.4858,0.0032978866603849966,-6.730380939556913e-05,-0.0004038228563736368,0.0026921523758245414,0.0009422533315386339,0.0022883295194509046,0.10250003937286593,-0.21658650909254504,0.1666359334760071,-0.05440526954203585,5,-197614.0,-0.3560597215435465,1.4860791706745453,0.6729067852926789,555002.4,1.4872,1.4856,1790814600,2026-10-01T00:30:00+00:00,1.4872,B-XRP_USDT,137
1.4872,0.002689618074233513,-0.0012103281334050475,0.00040344271113501584,0.0011430876815490265,-0.0006724045185584338,0.0011430876815490265,0.16487644341758817,0.6121491003141991,0.08048822336260837,0.3534016189565976,5,93336.90000000001,0.3216915318974261,1.4868206074550154,0.6725901083961429,290144.10000000003,1.4875,1.4855,1790814660,2026-10-01T00:31:00+00:00,1.4858,B-XRP_USDT,144
1.4862,0.0036334275333065325,-0.000672856950612255,0.0008074283407348837,0.0022877136320818003,-0.0003364284753061275,0.0016148566814695453,0.10703776358539167,-0.33861090596615845,0.17274122023769534,0.021711338600837866,3,-94079.2,-0.41885094602885137,1.4862997361213683,0.6728041402403554,224612.60000000003,1.4869,1.4861,1790814720,2026-10-01T00:32:00+00:00,1.4869,B-XRP_USDT,107
1.4857,0.0034327253146664294,0.0014134751295684644,0.0014134751295684644,0.0028942585986404534,-0.0002019250185097965,0.0024904085616208604,0.08751211081212865,-0.38282911585760304,0.1523135075329214,-0.1065260314674089,2,-1450.8000000000175,-0.013014740709908148,1.4856808585442072,0.6730833957949067,111473.60000000003,1.4861,1.4856,1790814780,2026-10-01T00:33:00+00:00,1.4861,B-XRP_USDT,99
1.4854,0.003635384408240183,0.0013464386697186193,0.0024909115389795122,0.0032987747408104173,-0.00013464386697181752,0.0028948431398949648,0.04428937220667096,-0.814220744059366,0.13657094107757814,-0.2205968335472857,2,140015.90000000002,0.5001466334845153,1.485859288962797,0.6729928180276918,279949.7,1.4866,1.4854,1790814840,2026-10-01T00:34:00+00:00,1.4858,B-XRP_USDT,119
1.4852,0.004443845946673797,0.0017506059789926809,0.003097225962833239,0.002693239967681116,0.0017506059789926809,0.00242391597091296,0.11301374881286744,-0.0666306398292052,0.1633724586230088,0.10520022308316859,2,-153349.40000000002,-0.5789120412665673,1.4851466684680088,0.6733326630533336,264892.39999999997,1.4853,1.4849,1790814900,2026-10-01T00:35:00+00:00,1.4852,B-XRP_USDT,99
1.4878,0.0030246000806559703,0.0008737733566339667,0.000739346686382536,0.000739346686382536,-0.00026885334050275045,0.0010754133620110018,-0.019519547404424232,0.36351553588579594,-0.040444088212554276,-0.0005236343152727821,4,55622.70000000002,0.26594683138441044,1.4867931757767945,0.6725970037487001,209149.69999999998,1.4878,1.4852,1790814960,2026-10-01T00:36:00+00:00,1.4852,B-XRP_USDT,123
1.4874,0.0031598762942046665,0.0016135538523598392,0.0014790910313298156,0.0008067769261799196,0.0002689256420600472,0.0011429339787549786,0.03286429563326361,0.18957668604019648,0.06377171261786034,0.07660326194691085,3,37982.6,0.2188626146241848,1.486792812167635,0.6725930194794487,173545.4,1.4878,1.4865,1790815020,2026-10-01T00:37:00+00:00,1.4878,B-XRP_USDT,111
1.4878,0.0034278800914100405,0.000739346686382536,0.001478693372765072,0.0010754133620110018,0.0008737733566339667,0.0002688533405026394,-0.04432429946885963,-0.1985589657585093,-0.0747906314384961,-0.17668762702811247,4,-8755.5,-0.0756931950905543,1.4873900720517121,0.6723142123018199,115670.90000000002,1.488,1.4864,1790815080,2026-10-01T00:38:00+00:00,1.4874,B-XRP_USDT,85
1.4891,0.0023504130011415825,0.0003357732858773055,0.0008058558861057108,0.0004029279430528554,0.00047008260022818327,-0.0008730105432812607,-0.026029341440759635,-0.1508843755933075,-0.10701445651696846,3.5935642236223364e-06,6,159351.59999999995,0.5651703899796133,1.48884245578122,0.6716593747869687,281953.20000000007,1.4894,1.4877,1790815140,2026-10-01T00:39:00+00:00,1.4878,B-XRP_USDT,117
1.4898,0.0021479393207142206,0.00013424620754465266,-0.00040273862263384697,-0.0006712310377232633,-0.000604107933950937,-0.0004698617264061733,-0.03237732499708637,0.41030210693377933,-0.10208607961323653,0.30462306603257977,3,-17394.799999999996,-0.13444778002096155,1.4896371817720135,0.6713136516143495,129379.59999999998,1.4899,1.4889,1790815200,2026-10-01T00:40:00+00:00,1.4891,B-XRP_USDT,104
1.4889,0.0028208744710862543,0.0009402914903620108,0.0,0.000335818389415099,0.0004701457451810054,0.0002686547115320348,-0.008874148194351958,-0.21180492355827074,-0.03917867506986381,-0.0839809416370977,6,-60768.00000000001,-0.2424859599320363,1.4898727430871554,0.6711935661519263,250604.19999999998,1.4905,1.4888,1790815260,2026-10-01T00:41:00+00:00,1.4899,B-XRP_USDT,155
1.4896,0.0023496240601503793,-0.00026852846401714814,-0.0006713211600430924,-0.0003356605800214352,0.00026852846401714814,-0.00046992481203012026,0.20609404704902382,0.4398260634327424,0.0270659777976009,0.41252312419165066,1,2483.7000000000025,0.017228522614473593,1.4893719913031718,0.6714338469801523,144162.09999999995,1.4897,1.4887,1790815320,2026-10-01T00:42:00+00:00,1.489,B-XRP_USDT,85
1.49,0.002214765100671201,-0.000738255033557067,-0.0004026845637583598,-0.0012080536912751905,0.0002013422818791799,-0.00033557046979859617,0.1028562569259078,-0.20088689081019806,-0.06626484226947156,-0.03198019727463072,2,69266.30000000002,0.6994243350468985,1.4896399556554596,0.6712986271942334,99033.3,1.49,1.4891,1790815380,2026-10-01T00:43:00+00:00,1.4894,B-XRP_USDT,79
1.4903,0.0017446151781519426,-0.001140709924176364,-0.00040260350265042266,-0.0016775145943769276,-0.0007381064215258304,-0.0002684023351002818,0.053965314950776166,0.4394820951659879,-0.0616268440909627,0.40185388252914767,2,15108.89999999999,0.12651021575288265,1.4901719741047583,0.671073393962668,119428.29999999997,1.4905,1.4899,1790815440,2026-10-01T00:44:00+00:00,1.49,B-XRP_USDT,94
1.4892,0.0027531560569433733,0.00013430029546057654,-0.0002686005909213751,-6.715014773028827e-05,-0.00020145044319108685,0.001007252215954768,-0.0024295739400707838,-0.2888713058555333,-0.019691197864552507,-0.02519346063743984,8,-61129.600000000006,-0.17915504383509775,1.4902105564347072,0.6710396895323575,341210.6,1.4908,1.4891,1790815500,2026-10-01T00:45:00+00:00,1.4904,B-XRP_USDT,138
1.4889,0.0028880381489690965,0.0005373094230640696,0.000335818389415099,0.0002686547115320348,-0.00020149103364897059,0.0015447645913091446,0.07159978045043687,-0.3019552585016244,0.07211614089165692,0.048175595851252244,3,-13411.599999999997,-0.1053410411888529,1.4891682355704081,0.6715090215626344,127316.0,1.4895,1.4887,1790815560,2026-10-01T00:46:00+00:00,1.4893,B-XRP_USDT,107
1.4886,0.003493215101437741,0.00013435442697828925,0.0003358860674460562,0.0002015316404675449,0.0005374177079136011,0.002015316404675671,0.09415372010853644,-0.38432403912475616,0.07381369963877674,-0.023548503461451306,3,-50791.6,-0.514247414163177,1.488564117131377,0.6717797236278226,98768.8,1.4893,1.4882,1790815620,2026-10-01T00:47:00+00:00,1.4889,B-XRP_USDT,82
1.4894,0.002887068618235622,0.0,-0.0008056935678797394,6.714113065653393e-05,0.00020142339196982384,0.0009399758291928073,0.07952445585713741,0.32938006666282404,0.03552748913526965,0.2521270685696544,2,-23770.200000000004,-0.3183904073809162,1.4889164690033332,0.6716367856468192,74657.39999999998,1.4895,1.4886,1790815680,2026-10-01T00:48:00+00:00,1.4886,B-XRP_USDT,63
1.4897,0.0026851043834328348,-0.0004027656575148475,-0.001275424582130591,0.00013425521917165284,-0.0006041484862724378,0.0007384037054438686,0.12808778362208026,0.7409408514380159,0.043270740949860186,0.40062506159427674,3,3959.1,0.031511737208778486,1.489587047042572,0.67134370852328,125638.90000000001,1.49,1.4893,1790815740,2026-10-01T00:49:00+00:00,1.4894,B-XRP_USDT,71
1.4888,,-0.0004030091348736775,0.0002015045674370608,0.0012761955937667935,0.00040300913487389955,0.0020150456743686096,0.05469483376141481,-0.18411092859416903,0.002070047436991966,-0.08614254546792811,3,-60624.100000000006,-0.49044537550673367,1.4893741277869037,0.6714188528303456,123610.3,1.49,1.4888,1790815800,2026-10-01T00:50:00+00:00,1.4897,B-XRP_USDT,89
1.4894,,-0.0010742580905063193,-6.714113065664495e-05,0.0012085403518196092,-0.00020142339196993486,0.0019470927890425926,0.08755740829204828,-0.24169738278536598,0.060384120686812294,-0.10512158372955349,2,-1240.800000000003,-0.009505554866081095,1.4892379151308608,0.6714789353760144,130534.2,1.4895,1.4887,1790815860,2026-10-01T00:51:00+00:00,1.4888,B-XRP_USDT,76
1.4891,,0.0,-0.00013430931435109983,0.0016788664293867495,-0.0006043919145793941,0.002014639715264277,0.12093592648808005,0.31114080148866596,0.12652327124660162,0.3599524284339893,2,-11516.7,-0.1711886602581349,1.4893155570400745,0.6714563957188597,67274.90000000001,1.4896,1.4886,1790815920,2026-10-01T00:52:00+00:00,1.4895,B-XRP_USDT,65
1.4882,,0.0007391479639833332,0.0008735385028895148,0.0017470770057788076,-0.00026878107781214133,0.003158177664292383,0.003031372647299725,-0.5501709926197937,0.03553435803214447,-0.07119281271527278,2,-42543.000000000015,-0.41333418831320273,1.4889724914503688,0.6715916790787011,102926.39999999997,1.4892,1.488,1790815980,2026-10-01T00:53:00+00:00,1.4891,B-XRP_USDT,65
1.4878,,0.000739346686382536,0.0014114800376394676,0.002016400053770573,0.0008737733566339667,0.0032262400860330054,0.22266328634217816,-0.40276750594159233,0.16025149870027944,0.44836622391064407,2,-176907.0,-0.8245682723904076,1.4883298616247027,0.6718849732924983,214545.0,1.4884,1.4878,1790816040,2026-10-01T00:54:00+00:00,1.4884,B-XRP_USDT,67
1.4891,,0.0002686186287019776,0.0010744745148074664,0.0018131757437378493,0.00013430931435087778,0.00261903162984356,0.13442512501130052,0.04967861895616828,0.1005447423414521,0.3128137101557848,4,137045.50000000003,0.6233083592466206,1.4884524839309476,0.6718398879682086,219867.89999999994,1.4891,1.4877,1790816100,2026-10-01T00:55:00+00:00,1.4878,B-XRP_USDT,85
1.4893,,0.0004028738333445858,0.0012757671389242997,0.002014369166722485,-0.00026858255556316823,0.0025515342778485994,-0.0007331235843048428,0.421667989951012,0.020593280624748658,0.300887861981473,2,20839.8,0.5754752410723162,1.4891210833994977,0.6715465725118036,36213.2,1.4893,1.489,1790816160,2026-10-01T00:56:00+00:00,1.4891,B-XRP_USDT,76
1.4889,,0.0012089462018940456,0.0018134193028411794,0.0021492376922560563,0.0004029820672981632,0.0028208744710862543,0.15812007614804932,0.0018999273563209407,0.033759802610719855,0.18028965013496734,2,5764.200000000003,0.08277496158651296,1.4890000949963678,0.6715916730212146,69637.0,1.4893,1.4887,1790816220,2026-10-01T00:57:00+00:00,1.4893,B-XRP_USDT,64
1.4895,,0.0011413225914735925,0.0008727760993620937,0.002282645182947185,0.00026854649211149884,0.002551191675058684,0.052063287893700454,-0.08963785512478734,0.060311540411324006,0.2148969614713137,2,66684.80000000005,0.4774795932980099,1.4892455181072437,0.6714789807898796,139659.99999999997,1.4897,1.4888,1790816280,2026-10-01T00:58:00+00:00,1.4889,B-XRP_USDT,83
1.4899,,0.0011410161755822656,0.0006040673870728597,0.001812202161218801,0.0005369487885091839,0.0020135579569098283,-0.04725298643967135,0.04930739340381852,0.007900471418901496,0.04415454030608929,3,179077.10000000003,0.6427336506376656,1.4899524653696705,0.671163475971133,278617.89999999997,1.4901,1.4894,1790816340,2026-10-01T00:59:00+00:00,1.4895,B-XRP_USDT,128
1.4907,,6.708257865439826e-05,0.0007379083651977147,0.0015428993090496057,0.00033541289327176926,0.0017441470450125784,-0.09055826707809322,-0.3574409895668569,-0.08618153766264411,-0.08744575533574608,2,7585.600000000002,0.04093067426400761,1.4906321279505215,0.6708482997359455,185328.0,1.491,1.4898,1790816400,2026-10-01T01:00:00+00:00,1.4898,B-XRP_USDT,199
1.4912,,-0.0002682403433477143,0.00073766094420602,0.0012741416309012266,0.00026824034334760327,0.0013412017167382384,-0.011026464721449728,-0.06193796453402776,-0.007874454523120317,0.1693409589916326,3,126038.39999999998,0.35733495729447173,1.4910469031017735,0.6706683209817846,352717.7999999999,1.4912,1.4903,1790816460,2026-10-01T01:01:00+00:00,1.4911,B-XRP_USDT,216
1.4916,,0.00013408420488070227,0.00033521051220164466,0.001005631536604934,-0.0005363368195226981,0.001474926253687281,-0.13312222057729434,-0.32568753220545704,-0.15221545202335787,0.054967868436825405,3,110664.30000000005,0.2909111031138057,1.49193371562339,0.670263780904364,380405.89999999997,1.4924,1.4911,1790816520,2026-10-01T01:02:00+00:00,1.4911,B-XRP_USDT,234
1.4908,,0.0010061711832574094,0.00140863965656024,0.0016769519720956083,0.0,0.0019452642876309767,-0.03087349183377839,0.04690607285209658,-0.08691469757074077,-0.026849846336325325,4,-147560.8999999999,-0.347012771149107,1.4916523453036428,0.6703986076832058,425231.89999999985,1.4926,1.4908,1790816580,2026-10-01T01:03:00+00:00,1.4919,B-XRP_USDT,185
1.4908,,0.0008720150254897252,0.0012074054199087136,0.00140863965656024,0.0006707807888381989,0.0019452642876309767,0.10887455194606711,0.7579093696986262,-0.17899352060287183,0.30150180423705114,2,8883.099999999993,0.05272867682368352,1.491537895468485,0.67046598063305,168468.09999999992,1.4919,1.4906,1790816640,2026-10-01T01:04:00+00:00,1.4907,B-XRP_USDT,133
1.4918,,0.0007373642579433515,0.0008043973723019793,0.0010054967153774186,0.00033516557179247286,,0.1967989193362601,0.6225735201167826,0.15548524084744791,0.43972599853617483,2,43887.99999999998,0.22901034220056135,1.4910311286760058,0.6706908303917009,191642.0,1.492,1.4906,1790816700,2026-10-01T01:05:00+00:00,1.4906,B-XRP_USDT,140
1.4923,,0.00020103196408216562,0.0005360852375528857,0.0006030958922469409,-0.00013402130938822143,,-0.1667225611329119,-0.247233182370255,-0.19365322426910697,-0.14807783867216856,4,204019.49999999994,0.38305183904573614,1.4927376383408815,0.6699045671683547,532615.9000000001,1.493,1.4918,1790816760,2026-10-01T01:06:00+00:00,1.4918,B-XRP_USDT,173
1.4921,,0.0006031767307821401,0.0006701963675357359,0.0011393338248106843,0.0005361570940285443,,0.09778819496214732,0.41206287883180237,0.047959265436994414,0.276624423092064,2,-105507.49999999999,-0.4216382137717632,1.4925706031439416,0.6699943321163142,250232.30000000002,1.4929,1.4918,1790816820,2026-10-01T01:07:00+00:00,1.4925,B-XRP_USDT,123
1.4929,,0.0001339674459108764,0.0002679348918213087,0.0005358697836426174,-0.00020095116886598152,,-0.025263495567214026,-0.04070785519012842,-0.09556384923777478,0.2237185774121262,3,5670.799999999999,0.014313074398304681,1.4923479646072406,0.6700841216322821,396197.2,1.4929,1.4918,1790816880,2026-10-01T01:08:00+00:00,1.4921,B-XRP_USDT,120
1.4926,,0.000334985930591003,0.000200991558354513,0.000736969047300029,0.000267988744472758,,-0.18572748139834652,-0.36697629484619776,-0.22278225721363848,-0.18384319152043005,2,-6074.299999999999,-0.06161966294471442,1.4927316511852577,0.66990454160952,98577.30000000003,1.493,1.4926,1790816940,2026-10-01T01:09:00+00:00,1.4929,B-XRP_USDT,116
1.493,,0.0002009377093101783,0.0002009377093101783,,6.69792364367261e-05,,-0.1347794102040657,0.47193412922790084,-0.1415749376246442,0.15514309466596815,2,107781.0,0.4707317456657093,1.4926735967064615,0.6699494308466012,228964.80000000002,1.4931,1.4924,1790817000,2026-10-01T01:10:00+00:00,1.4926,B-XRP_USDT,119
1.4931,,-0.0001339495010382885,6.697475051908874e-05,,0.0,,-0.13185092225385173,0.21648499834992208,-0.1272953340531212,-0.250762325129684,2,74733.60000000002,0.26364852507874154,1.4930608242499175,0.6697699340275877,283459.2,1.4932,1.4927,1790817060,2026-10-01T01:11:00+00:00,1.4931,B-XRP_USDT,141
1.4931,,0.0001339495010381775,0.00046882325363339916,,0.0001339495010381775,,-0.05217780761967084,0.050848883396774104,-0.11327297366603067,-0.07835137606971723,2,-8129.499999999998,-0.0666010173460033,1.4929525424441699,0.6698148082293209,122062.70000000003,1.4932,1.4927,1790817120,2026-10-01T01:12:00+00:00,1.4931,B-XRP_USDT,110
1.4933,,-6.69657804861501e-05,0.0002678631219446004,,-0.0002678631219448224,,0.023819442407443304,0.5321592778133867,-0.06903543985727521,0.01605811792064936,2,38317.100000000006,0.23436294876836997,1.4930766079638906,0.6697699370328641,163494.69999999995,1.4933,1.4929,1790817180,2026-10-01T01:13:00+00:00,1.4931,B-XRP_USDT,91
1.4929,,0.0006028535065980556,0.0005358697836426174,,0.0002679348918213087,,-0.010514524040952376,-0.45111107120713667,-0.06568294629948229,-0.018577933065383856,2,-94133.7,-0.3942956091361733,1.4932274444464397,0.6696802276912036,238738.90000000008,1.4933,1.4929,1790817240,2026-10-01T01:14:00+00:00,1.4932,B-XRP_USDT,104
1.4933,,0.0002678631219446004,,,-6.69657804861501e-05,,-0.07445596946339388,-0.12021260459068284,0.0012139576693341776,-0.16293966475409127,6,-64054.59999999996,-0.10765334247606745,1.492360656036437,0.6700766806941397,595008.0000000002,1.4933,1.4914,1790817300,2026-10-01T01:15:00+00:00,1.4927,B-XRP_USDT,156
1.4932,,0.0003348513260112984,,,0.00040182159121338046,,-0.06539125298396044,-0.0916046626446364,-0.09337926536821677,0.0753113897695664,3,92801.6,0.28992291557452804,1.4932454197668676,0.6696802336974529,320090.5999999999,1.4938,1.4927,1790817360,2026-10-01T01:16:00+00:00,1.4932,B-XRP_USDT,115
1.4938,,,,,-6.694336591239747e-05,,0.009963889271445418,-0.02373817208288581,-0.07377870873307558,0.078232099049378,4,8293.899999999996,0.02725413721410987,1.4934738130913958,0.6695793973886449,304317.10000000003,1.4946,1.4929,1790817420,2026-10-01T01:17:00+00:00,1.4932,B-XRP_USDT,116
1.4937,,,,,0.0,,0.021726532214965382,-0.2562879467836758,-0.0704244298815878,-0.0745101034052302,2,-10190.200000000008,-0.04275029618367754,1.4938871856026608,0.6693888487315707,238365.60000000003,1.4943,1.4936,1790817480,2026-10-01T01:18:00+00:00,1.494,B-XRP_USDT,101
1.4937,,,,,,,0.11295170266557795,0.8785510981111907,-0.11896081806463292,0.42548317423128196,1,13397.6,0.09793696115884569,1.4941939275549057,0.6692768463674262,136798.19999999995,1.4942,1.4935,1790817540,2026-10-01T01:19:00+00:00,1.4937,B-XRP_USDT,85
